CurrentDate,Series,OptType,Strike,Asset,Leg1_CID,Leg1_Open,Leg1_Close,Leg1_Settle,Leg1_Volume,Leg1_OI,Leg2_CID,Leg2_Open,Leg2_Close,Leg2_Settle,Leg2_Volume,Leg2_OI,Leg1_Expiry,Leg2_Expiry,SpreadOpen,SpreadClose,StrikeSeries,DollarPnL,LotMultiplier,TargetPosition,Leg1_Lots,Leg2_Lots,Leg1_PnL,Leg2_PnL,DailyPnL,CumulativePnL,Warnings,Drawdown
2019-01-01,Active2,CAL,10700,10910.1,CAL.NIF50.10700.20190228,410.55,442.7,442.7,14,14550,CAL.NIF50.10700.20190328,0.0,736.3,583.1,0,0,2019-02-28,2019-03-28,-1.0,0.6632,2,,,1.0,0.0,0.0,0.0,0.0,0.0,0.0,"2019-01-01 00:00:00: Leg2_Open missing, used Leg2_Settle; 2019-01-01 00:00:00: no open-price ratio (leg open<=0), trade skipped",0.0
2019-01-02,Active2,CAL,10700,10792.5,CAL.NIF50.10700.20190228,391.2,359.35,359.35,189,19050,CAL.NIF50.10700.20190328,396.0,425.5,425.5,2,75,2019-02-28,2019-03-28,0.0123,0.1841,2,60.99,,1.0,0.0,0.0,0.0,0.0,0.0,0.0,"2019-01-02 00:00:00: no open-price ratio (leg open<=0), trade skipped",0.0
2019-01-03,Active2,CAL,10500,10672.25,CAL.NIF50.10500.20190228,485.0,416.05,416.05,59,33075,CAL.NIF50.10500.20190328,546.5,487.0,487.0,123,55650,2019-02-28,2019-03-28,0.1268,0.1705,2,16.15,0.887466,1.0,-1.0,0.887466,61.190759,-46.861923,14.328836,14.328836,,0.0
2019-01-04,Active2,CAL,10400,10727.35,CAL.NIF50.10400.20190228,525.7,524.35,524.35,38,8700,CAL.NIF50.10400.20190328,0.0,888.5,649.25,0,0,2019-02-28,2019-03-28,-1.0,0.6945,2,,,1.0,0.0,0.0,0.0,0.0,0.0,14.328836,"2019-01-04 00:00:00: Leg2_Open missing, used Leg2_Settle; 2019-01-04 00:00:00: no open-price ratio (leg open<=0), trade skipped",0.0
2019-01-07,Active2,CAL,10500,10771.8,CAL.NIF50.10500.20190228,500.0,457.15,457.15,30,35925,CAL.NIF50.10500.20190328,555.0,511.0,511.0,34,58950,2019-02-28,2019-03-28,0.11,0.1178,2,3.21,0.900901,1.0,-1.0,0.900901,38.603604,-35.711387,2.892217,17.221052,,0.0
2019-01-08,Active2,CAL,10500,10802.15,CAL.NIF50.10500.20190228,450.0,485.0,485.0,31,36075,CAL.NIF50.10500.20190328,519.5,553.1,553.1,72,62775,2019-02-28,2019-03-28,0.1544,0.1404,2,-5.9,0.900901,1.0,-1.0,0.900901,-25.09009,34.169304,9.079214,26.300267,,0.0
2019-01-09,Active2,CAL,10600,10855.15,CAL.NIF50.10600.20190228,439.85,384.6,384.6,18,12525,CAL.NIF50.10600.20190328,528.65,528.65,528.65,1,1050,2019-02-28,2019-03-28,0.2019,0.3745,2,55.25,0.832025,1.0,-1.0,0.832025,45.96938,0.0,45.96938,72.269646,,0.0
2019-01-10,Active2,CAL,10600,10821.6,CAL.NIF50.10600.20190228,413.1,409.35,409.35,8,12675,CAL.NIF50.10600.20190328,0.0,528.65,534.85,0,1050,2019-02-28,2019-03-28,-1.0,0.2914,2,,0.832025,1.0,-1.0,0.832025,-20.592618,0.0,-20.592618,51.677028,"2019-01-10 00:00:00: Leg2_Open missing, used Leg2_Settle",-20.592618
2019-01-11,Active2,CAL,10600,10794.95,CAL.NIF50.10600.20190228,410.0,384.0,384.0,28,13725,CAL.NIF50.10600.20190328,0.0,528.65,505.8,0,1050,2019-02-28,2019-03-28,-1.0,0.3767,2,,0.832025,1.0,-1.0,0.832025,21.091833,0.0,21.091833,72.768861,"2019-01-11 00:00:00: Leg2_Open missing, used Leg2_Settle",0.0
2019-01-14,Active2,CAL,10500,10737.6,CAL.NIF50.10500.20190228,410.85,420.45,420.45,342,57000,CAL.NIF50.10500.20190328,500.0,486.0,486.0,74,65475,2019-02-28,2019-03-28,0.217,0.1559,2,-21.1,0.8217,1.0,-1.0,0.8217,-7.88832,-9.452672,-17.340992,55.427869,,-17.340992
2019-01-15,Active2,CAL,10500,10886.8,CAL.NIF50.10500.20190228,450.0,545.8,545.8,489,74250,CAL.NIF50.10500.20190328,552.2,600.0,600.0,117,63675,2019-02-28,2019-03-28,0.2271,0.0993,2,-56.85,0.8217,1.0,-1.0,0.8217,-103.000095,76.971761,-26.028334,29.399535,,-43.369326
2019-01-16,Active2,CAL,10600,10890.3,CAL.NIF50.10600.20190228,459.95,459.0,459.0,66,23475,CAL.NIF50.10600.20190328,0.0,545.0,562.65,0,1050,2019-02-28,2019-03-28,-1.0,0.1874,2,,,1.0,0.0,0.0,0.0,0.0,0.0,29.399535,"2019-01-16 00:00:00: Leg2_Open missing, used Leg2_Settle; 2019-01-16 00:00:00: no open-price ratio (leg open<=0), trade skipped",-43.369326
2019-01-17,Active2,CAL,10600,10905.2,CAL.NIF50.10600.20190228,484.4,466.6,466.6,82,25650,CAL.NIF50.10600.20190328,550.0,550.05,550.05,2,1125,2019-02-28,2019-03-28,0.1354,0.1788,2,17.84,,1.0,0.0,0.0,0.0,0.0,0.0,29.399535,"2019-01-17 00:00:00: no open-price ratio (leg open<=0), trade skipped",-43.369326
2019-01-18,Active2,CAL,10700,10906.95,CAL.NIF50.10700.20190228,405.0,394.55,394.55,350,40125,CAL.NIF50.10700.20190328,468.3,469.15,469.15,6,3975,2019-02-28,2019-03-28,0.1563,0.1891,2,11.19,0.86483,1.0,-1.0,0.86483,9.037476,0.635742,9.673218,39.072753,,-33.696108
2019-01-21,Active2,CAL,10700,10961.85,CAL.NIF50.10700.20190228,417.5,432.45,432.45,791,76425,CAL.NIF50.10700.20190328,519.0,540.3,540.3,15,3375,2019-02-28,2019-03-28,0.2431,0.2494,2,2.18,0.86483,1.0,-1.0,0.86483,-32.777066,53.215315,20.438249,59.511002,,-13.25786
2019-01-22,Active2,CAL,10700,10922.75,CAL.NIF50.10700.20190228,403.35,403.7,403.7,263,77325,CAL.NIF50.10700.20190328,469.0,475.0,475.0,8,3000,2019-02-28,2019-03-28,0.1628,0.1766,2,4.81,0.86483,1.0,-1.0,0.86483,24.863869,-48.839916,-23.976047,35.534955,,-37.233907
2019-01-23,Active2,CAL,10700,10831.5,CAL.NIF50.10700.20190228,406.15,347.7,347.7,445,85725,CAL.NIF50.10700.20190328,484.2,472.0,472.0,3,2850,2019-02-28,2019-03-28,0.1922,0.3575,2,48.22,0.86483,1.0,-1.0,0.86483,48.430493,-2.243794,46.186699,81.721654,,0.0
2019-01-24,Active2,CAL,10600,10849.8,CAL.NIF50.10600.20190228,409.0,409.75,409.75,147,62700,CAL.NIF50.10600.20190328,0.0,562.9,481.65,0,1050,2019-02-28,2019-03-28,-1.0,0.3738,2,,,1.0,0.0,0.0,0.0,0.0,0.0,81.721654,"2019-01-24 00:00:00: Leg2_Open missing, used Leg2_Settle; 2019-01-24 00:00:00: no open-price ratio (leg open<=0), trade skipped",0.0
2019-01-25,Active2,CAL,10600,10780.55,CAL.NIF50.10600.20190228,442.0,352.25,352.25,353,69150,CAL.NIF50.10600.20190328,500.0,500.0,500.0,1,1125,2019-02-28,2019-03-28,0.1312,0.4194,2,89.75,,1.0,0.0,0.0,0.0,0.0,0.0,81.721654,"2019-01-25 00:00:00: no open-price ratio (leg open<=0), trade skipped",0.0
2019-01-28,Active2,CAL,10500,10661.55,CAL.NIF50.10500.20190228,404.0,352.9,352.9,1715,244500,CAL.NIF50.10500.20190328,475.0,431.85,431.85,86,57900,2019-02-28,2019-03-28,0.1757,0.2237,2,14.4,0.850526,1.0,-1.0,0.850526,43.461895,-31.214495,12.2474,93.969054,,0.0
2019-01-29,Active2,CAL,10400,10652.2,CAL.NIF50.10400.20190328,0.0,888.5,463.65,0,0,CAL.NIF50.10400.20190627,0.0,1579.7,714.5,0,0,2019-03-28,2019-06-27,,0.7779,2,,,1.0,0.0,0.0,0.0,0.0,0.0,93.969054,"2019-01-29 00:00:00: Leg1_Open missing, used Leg1_Settle; 2019-01-29 00:00:00: Leg2_Open missing, used Leg2_Settle; 2019-01-29 00:00:00: no open-price ratio (leg open<=0), trade skipped",0.0
2019-01-30,Active2,CAL,10400,10651.8,CAL.NIF50.10400.20190328,0.0,888.5,454.85,0,0,CAL.NIF50.10400.20190627,0.0,1579.7,703.05,0,0,2019-03-28,2019-06-27,,0.7779,2,,,1.0,0.0,0.0,0.0,0.0,0.0,93.969054,"2019-01-30 00:00:00: Leg1_Open missing, used Leg1_Settle; 2019-01-30 00:00:00: Leg2_Open missing, used Leg2_Settle; 2019-01-30 00:00:00: no open-price ratio (leg open<=0), trade skipped",0.0
2019-01-31,Active2,CAL,10400,10830.95,CAL.NIF50.10400.20190328,0.0,888.5,614.9,0,0,CAL.NIF50.10400.20190627,0.0,1579.7,875.15,0,0,2019-03-28,2019-06-27,,0.7779,2,,,1.0,0.0,0.0,0.0,0.0,0.0,93.969054,"2019-01-31 00:00:00: Leg1_Open missing, used Leg1_Settle; 2019-01-31 00:00:00: Leg2_Open missing, used Leg2_Settle; 2019-01-31 00:00:00: no open-price ratio (leg open<=0), trade skipped",0.0
2019-02-01,Active2,CAL,10600,10893.65,CAL.NIF50.10600.20190328,464.3,462.0,462.0,50,3450,CAL.NIF50.10600.20190425,0.0,555.75,595.55,0,0,2019-03-28,2019-04-25,-1.0,0.2029,2,,,1.0,0.0,0.0,0.0,0.0,0.0,93.969054,"2019-02-01 00:00:00: Leg2_Open missing, used Leg2_Settle; 2019-02-01 00:00:00: no open-price ratio (leg open<=0), trade skipped",0.0
2019-02-04,Active2,CAL,10600,10912.25,CAL.NIF50.10600.20190328,428.7,482.45,482.45,104,9600,CAL.NIF50.10600.20190425,0.0,555.75,593.8,0,0,2019-03-28,2019-04-25,-1.0,0.1519,2,,,1.0,0.0,0.0,0.0,0.0,0.0,93.969054,"2019-02-04 00:00:00: Leg2_Open missing, used Leg2_Settle; 2019-02-04 00:00:00: no open-price ratio (leg open<=0), trade skipped",0.0
2019-02-05,Active2,CAL,10700,10934.35,CAL.NIF50.10700.20190328,409.6,411.4,411.4,19,43800,CAL.NIF50.10700.20190425,0.0,466.9,528.65,0,225,2019-03-28,2019-04-25,-1.0,0.1349,2,,,1.0,0.0,0.0,0.0,0.0,0.0,93.969054,"2019-02-05 00:00:00: Leg2_Open missing, used Leg2_Settle; 2019-02-05 00:00:00: no open-price ratio (leg open<=0), trade skipped",0.0
2019-02-06,Active2,CAL,10700,11062.45,CAL.NIF50.10700.20190328,450.0,511.6,511.6,144,49275,CAL.NIF50.10700.20190425,0.0,466.9,632.8,0,225,2019-03-28,2019-04-25,-1.0,-0.0874,2,,,1.0,0.0,0.0,0.0,0.0,0.0,93.969054,"2019-02-06 00:00:00: Leg2_Open missing, used Leg2_Settle; 2019-02-06 00:00:00: no open-price ratio (leg open<=0), trade skipped",0.0
2019-02-07,Active2,CAL,10800,11069.4,CAL.NIF50.10800.20190328,445.0,427.65,427.65,168,95325,CAL.NIF50.10800.20190425,525.0,525.0,525.0,1,9000,2019-03-28,2019-04-25,0.1798,0.2276,2,17.35,0.847619,1.0,-1.0,0.847619,14.70619,0.0,14.70619,108.675244,,0.0
2019-02-08,Active2,CAL,10800,10943.6,CAL.NIF50.10800.20190328,407.45,332.45,332.45,288,85950,CAL.NIF50.10800.20190425,432.65,411.3,411.3,4,8925,2019-03-28,2019-04-25,0.0618,0.2372,2,54.89,0.847619,1.0,-1.0,0.847619,80.693333,-81.68868,-0.995347,107.679897,,-0.995347
2019-02-11,Active2,CAL,10700,10888.8,CAL.NIF50.10700.20190221,225.0,245.0,245.0,10,150,CAL.NIF50.10700.20190228,279.85,264.3,264.3,5076,588150,2019-02-21,2019-02-28,0.2438,0.0788,2,-32.5,0.804002,1.0,-1.0,0.804002,-16.080043,-10.051822,-26.131865,81.548032,,-27.127212
2019-02-12,Active2,CAL,10600,10831.4,CAL.NIF50.10600.20190228,345.0,297.65,297.65,1054,235875,CAL.NIF50.10600.20190307,0.0,431.2,329.5,0,0,2019-02-28,2019-03-07,-1.0,0.4487,2,,,1.0,0.0,0.0,0.0,0.0,0.0,81.548032,"2019-02-12 00:00:00: Leg2_Open missing, used Leg2_Settle; 2019-02-12 00:00:00: no open-price ratio (leg open<=0), trade skipped",-27.127212
2019-02-13,Active2,CAL,10600,10793.65,CAL.NIF50.10600.20190228,321.0,267.3,267.3,2114,252450,CAL.NIF50.10600.20190307,0.0,431.2,294.1,0,0,2019-02-28,2019-03-07,-1.0,0.6132,2,,,1.0,0.0,0.0,0.0,0.0,0.0,81.548032,"2019-02-13 00:00:00: Leg2_Open missing, used Leg2_Settle; 2019-02-13 00:00:00: no open-price ratio (leg open<=0), trade skipped",-27.127212
2019-02-14,Active2,CAL,10500,10746.05,CAL.NIF50.10500.20190228,326.25,315.15,315.15,1949,276375,CAL.NIF50.10500.20190307,0.0,516.15,326.85,0,0,2019-02-28,2019-03-07,-1.0,0.6378,2,,,1.0,0.0,0.0,0.0,0.0,0.0,81.548032,"2019-02-14 00:00:00: Leg2_Open missing, used Leg2_Settle; 2019-02-14 00:00:00: no open-price ratio (leg open<=0), trade skipped",-27.127212
2019-02-15,Active2,CAL,10500,10724.4,CAL.NIF50.10500.20190228,308.85,285.8,285.8,7218,254400,CAL.NIF50.10500.20190307,0.0,516.15,302.95,0,0,2019-02-28,2019-03-07,-1.0,0.806,2,,,1.0,0.0,0.0,0.0,0.0,0.0,81.548032,"2019-02-15 00:00:00: Leg2_Open missing, used Leg2_Settle; 2019-02-15 00:00:00: no open-price ratio (leg open<=0), trade skipped",-27.127212
2019-02-18,Active2,CAL,10500,10640.95,CAL.NIF50.10500.20190228,298.55,227.0,227.0,4011,269550,CAL.NIF50.10500.20190307,0.0,516.15,227.85,0,0,2019-02-28,2019-03-07,-1.0,1.2738,2,,,1.0,0.0,0.0,0.0,0.0,0.0,81.548032,"2019-02-18 00:00:00: Leg2_Open missing, used Leg2_Settle; 2019-02-18 00:00:00: no open-price ratio (leg open<=0), trade skipped",-27.127212
2019-02-19,Active2,CAL,10400,10604.35,CAL.NIF50.10400.20190307,0.0,606.0,268.6,0,0,CAL.NIF50.10400.20190314,0.0,631.45,296.0,0,0,2019-03-07,2019-03-14,,0.042,2,,,1.0,0.0,0.0,0.0,0.0,0.0,81.548032,"2019-02-19 00:00:00: Leg1_Open missing, used Leg1_Settle; 2019-02-19 00:00:00: Leg2_Open missing, used Leg2_Settle; 2019-02-19 00:00:00: no open-price ratio (leg open<=0), trade skipped",-27.127212
2019-02-20,Active2,CAL,10400,10735.45,CAL.NIF50.10400.20190307,0.0,606.0,380.45,0,0,CAL.NIF50.10400.20190314,0.0,631.45,405.4,0,0,2019-03-07,2019-03-14,,0.042,2,,,1.0,0.0,0.0,0.0,0.0,0.0,81.548032,"2019-02-20 00:00:00: Leg1_Open missing, used Leg1_Settle; 2019-02-20 00:00:00: Leg2_Open missing, used Leg2_Settle; 2019-02-20 00:00:00: no open-price ratio (leg open<=0), trade skipped",-27.127212
2019-02-21,Active2,CAL,10500,10789.85,CAL.NIF50.10500.20190307,0.0,516.15,336.5,0,0,CAL.NIF50.10500.20190314,0.0,543.85,363.25,0,0,2019-03-07,2019-03-14,,0.0537,2,,,1.0,0.0,0.0,0.0,0.0,0.0,81.548032,"2019-02-21 00:00:00: Leg1_Open missing, used Leg1_Settle; 2019-02-21 00:00:00: Leg2_Open missing, used Leg2_Settle; 2019-02-21 00:00:00: no open-price ratio (leg open<=0), trade skipped",-27.127212
2019-02-22,Active2,CAL,10500,10791.65,CAL.NIF50.10500.20190307,345.0,345.0,345.0,26,1950,CAL.NIF50.10500.20190314,0.0,543.85,358.45,0,0,2019-03-07,2019-03-14,-1.0,0.5764,2,,,1.0,0.0,0.0,0.0,0.0,0.0,81.548032,"2019-02-22 00:00:00: Leg2_Open missing, used Leg2_Settle; 2019-02-22 00:00:00: no open-price ratio (leg open<=0), trade skipped",-27.127212
2019-02-25,Active2,CAL,10500,10880.1,CAL.NIF50.10500.20190307,371.5,370.0,370.0,10,2100,CAL.NIF50.10500.20190314,0.0,543.85,426.75,0,0,2019-03-07,2019-03-14,-1.0,0.4699,2,,,1.0,0.0,0.0,0.0,0.0,0.0,81.548032,"2019-02-25 00:00:00: Leg2_Open missing, used Leg2_Settle; 2019-02-25 00:00:00: no open-price ratio (leg open<=0), trade skipped",-27.127212
2019-02-26,Active2,CAL,10600,10835.3,CAL.NIF50.10600.20190314,0.0,461.1,296.6,0,0,CAL.NIF50.10600.20190320,0.0,482.95,320.25,0,0,2019-03-14,2019-03-20,,0.0474,2,,,1.0,0.0,0.0,0.0,0.0,0.0,81.548032,"2019-02-26 00:00:00: Leg1_Open missing, used Leg1_Settle; 2019-02-26 00:00:00: Leg2_Open missing, used Leg2_Settle; 2019-02-26 00:00:00: no open-price ratio (leg open<=0), trade skipped",-27.127212
2019-02-27,Active2,CAL,10600,10806.65,CAL.NIF50.10600.20190314,0.0,461.1,267.2,0,0,CAL.NIF50.10600.20190320,0.0,482.95,291.3,0,0,2019-03-14,2019-03-20,,0.0474,2,,,1.0,0.0,0.0,0.0,0.0,0.0,81.548032,"2019-02-27 00:00:00: Leg1_Open missing, used Leg1_Settle; 2019-02-27 00:00:00: Leg2_Open missing, used Leg2_Settle; 2019-02-27 00:00:00: no open-price ratio (leg open<=0), trade skipped",-27.127212
2019-02-28,Active2,CAL,10600,10792.5,CAL.NIF50.10600.20190314,0.0,461.1,249.45,0,0,CAL.NIF50.10600.20190320,0.0,482.95,273.65,0,0,2019-03-14,2019-03-20,,0.0474,2,,,1.0,0.0,0.0,0.0,0.0,0.0,81.548032,"2019-02-28 00:00:00: Leg1_Open missing, used Leg1_Settle; 2019-02-28 00:00:00: Leg2_Open missing, used Leg2_Settle; 2019-02-28 00:00:00: no open-price ratio (leg open<=0), trade skipped",-27.127212
2019-03-01,Active2,CAL,10500,10863.5,CAL.NIF50.10500.20190314,0.0,543.85,396.1,0,0,CAL.NIF50.10500.20190320,0.0,564.15,414.7,0,0,2019-03-14,2019-03-20,,0.0373,2,,,1.0,0.0,0.0,0.0,0.0,0.0,81.548032,"2019-03-01 00:00:00: Leg1_Open missing, used Leg1_Settle; 2019-03-01 00:00:00: Leg2_Open missing, used Leg2_Settle; 2019-03-01 00:00:00: no open-price ratio (leg open<=0), trade skipped",-27.127212
2019-03-05,Active2,CAL,10600,10987.45,CAL.NIF50.10600.20190320,0.0,482.95,427.5,0,0,CAL.NIF50.10600.20190328,350.0,471.65,471.65,3237,218775,2019-03-20,2019-03-28,,-0.0234,2,,,1.0,0.0,0.0,0.0,0.0,0.0,81.548032,"2019-03-05 00:00:00: Leg1_Open missing, used Leg1_Settle; 2019-03-05 00:00:00: no open-price ratio (leg open<=0), trade skipped",-27.127212
2019-03-06,Active2,CAL,10700,11053.0,CAL.NIF50.10700.20190320,0.0,407.25,392.9,0,0,CAL.NIF50.10700.20190328,418.9,429.4,429.4,1802,588525,2019-03-20,2019-03-28,,0.0544,2,,,1.0,0.0,0.0,0.0,0.0,0.0,81.548032,"2019-03-06 00:00:00: Leg1_Open missing, used Leg1_Settle; 2019-03-06 00:00:00: no open-price ratio (leg open<=0), trade skipped",-27.127212
2019-03-07,Active2,CAL,10800,11058.2,CAL.NIF50.10800.20190320,0.0,338.15,303.7,0,0,CAL.NIF50.10800.20190328,344.7,344.25,344.25,2671,839100,2019-03-20,2019-03-28,,0.018,2,,,1.0,0.0,0.0,0.0,0.0,0.0,81.548032,"2019-03-07 00:00:00: Leg1_Open missing, used Leg1_Settle; 2019-03-07 00:00:00: no open-price ratio (leg open<=0), trade skipped",-27.127212
2019-03-08,Active2,CAL,10800,11035.4,CAL.NIF50.10800.20190320,0.0,338.15,278.55,0,0,CAL.NIF50.10800.20190328,314.45,323.05,323.05,3016,817350,2019-03-20,2019-03-28,,-0.0447,2,,,1.0,0.0,0.0,0.0,0.0,0.0,81.548032,"2019-03-08 00:00:00: Leg1_Open missing, used Leg1_Settle; 2019-03-08 00:00:00: no open-price ratio (leg open<=0), trade skipped",-27.127212
2019-03-11,Active2,CAL,10800,11168.05,CAL.NIF50.10800.20190320,0.0,338.15,391.35,0,0,CAL.NIF50.10800.20190328,326.5,426.25,426.25,3007,790725,2019-03-20,2019-03-28,,0.2605,2,,,1.0,0.0,0.0,0.0,0.0,0.0,81.548032,"2019-03-11 00:00:00: Leg1_Open missing, used Leg1_Settle; 2019-03-11 00:00:00: no open-price ratio (leg open<=0), trade skipped",-27.127212
2019-03-12,Active2,CAL,10900,11301.2,CAL.NIF50.10900.20190328,390.85,454.9,454.9,4054,814350,CAL.NIF50.10900.20190404,0.0,331.6,474.15,0,0,2019-03-28,2019-04-04,-1.0,-0.271,2,,,1.0,0.0,0.0,0.0,0.0,0.0,81.548032,"2019-03-12 00:00:00: Leg2_Open missing, used Leg2_Settle; 2019-03-12 00:00:00: no open-price ratio (leg open<=0), trade skipped",-27.127212
2019-03-13,Active2,CAL,11100,11341.7,CAL.NIF50.11100.20190328,278.5,303.05,303.05,6871,1055550,CAL.NIF50.11100.20190404,0.0,226.9,337.1,0,0,2019-03-28,2019-04-04,-1.0,-0.2513,2,,,1.0,0.0,0.0,0.0,0.0,0.0,81.548032,"2019-03-13 00:00:00: Leg2_Open missing, used Leg2_Settle; 2019-03-13 00:00:00: no open-price ratio (leg open<=0), trade skipped",-27.127212
2019-03-14,Active2,CAL,11100,11343.25,CAL.NIF50.11100.20190328,332.4,306.85,306.85,5103,1067475,CAL.NIF50.11100.20190404,0.0,226.9,330.9,0,0,2019-03-28,2019-04-04,-1.0,-0.2606,2,,,1.0,0.0,0.0,0.0,0.0,0.0,81.548032,"2019-03-14 00:00:00: Leg2_Open missing, used Leg2_Settle; 2019-03-14 00:00:00: no open-price ratio (leg open<=0), trade skipped",-27.127212
2019-03-15,Active2,CAL,11100,11426.85,CAL.NIF50.11100.20190328,324.0,382.55,382.55,4615,911250,CAL.NIF50.11100.20190404,0.0,226.9,396.55,0,0,2019-03-28,2019-04-04,-1.0,-0.4069,2,,,1.0,0.0,0.0,0.0,0.0,0.0,81.548032,"2019-03-15 00:00:00: Leg2_Open missing, used Leg2_Settle; 2019-03-15 00:00:00: no open-price ratio (leg open<=0), trade skipped",-27.127212
2019-03-18,Active2,CAL,11200,11462.2,CAL.NIF50.11200.20190404,0.0,184.1,328.9,0,0,CAL.NIF50.11200.20190411,0.0,205.95,357.4,0,0,2019-04-04,2019-04-11,,0.1187,2,,,1.0,0.0,0.0,0.0,0.0,0.0,81.548032,"2019-03-18 00:00:00: Leg1_Open missing, used Leg1_Settle; 2019-03-18 00:00:00: Leg2_Open missing, used Leg2_Settle; 2019-03-18 00:00:00: no open-price ratio (leg open<=0), trade skipped",-27.127212
2019-03-19,Active2,CAL,11200,11532.4,CAL.NIF50.11200.20190404,0.0,184.1,384.95,0,0,CAL.NIF50.11200.20190411,0.0,205.95,411.35,0,0,2019-04-04,2019-04-11,,0.1187,2,,,1.0,0.0,0.0,0.0,0.0,0.0,81.548032,"2019-03-19 00:00:00: Leg1_Open missing, used Leg1_Settle; 2019-03-19 00:00:00: Leg2_Open missing, used Leg2_Settle; 2019-03-19 00:00:00: no open-price ratio (leg open<=0), trade skipped",-27.127212
2019-03-20,Active2,CAL,11300,11521.05,CAL.NIF50.11300.20190404,310.05,315.0,315.0,2,150,CAL.NIF50.11300.20190411,0.0,167.75,314.3,0,0,2019-04-04,2019-04-11,-1.0,-0.4675,2,,,1.0,0.0,0.0,0.0,0.0,0.0,81.548032,"2019-03-20 00:00:00: Leg2_Open missing, used Leg2_Settle; 2019-03-20 00:00:00: no open-price ratio (leg open<=0), trade skipped",-27.127212
2019-03-22,Active2,CAL,11300,11456.9,CAL.NIF50.11300.20190404,324.6,241.1,241.1,63,1950,CAL.NIF50.11300.20190411,0.0,167.75,256.1,0,0,2019-04-04,2019-04-11,-1.0,-0.3042,2,,,1.0,0.0,0.0,0.0,0.0,0.0,81.548032,"2019-03-22 00:00:00: Leg2_Open missing, used Leg2_Settle; 2019-03-22 00:00:00: no open-price ratio (leg open<=0), trade skipped",-27.127212
2019-03-25,Active2,CAL,11200,11354.25,CAL.NIF50.11200.20190404,250.5,235.3,235.3,194,7575,CAL.NIF50.11200.20190411,0.0,205.95,242.45,0,0,2019-04-04,2019-04-11,-1.0,-0.1247,2,,,1.0,0.0,0.0,0.0,0.0,0.0,81.548032,"2019-03-25 00:00:00: Leg2_Open missing, used Leg2_Settle; 2019-03-25 00:00:00: no open-price ratio (leg open<=0), trade skipped",-27.127212
2019-03-26,Active2,CAL,11100,11483.25,CAL.NIF50.11100.20190411,0.0,249.95,432.35,0,0,CAL.NIF50.11100.20190418,0.0,153.25,457.9,0,0,2019-04-11,2019-04-18,,-0.3869,2,,,1.0,0.0,0.0,0.0,0.0,0.0,81.548032,"2019-03-26 00:00:00: Leg1_Open missing, used Leg1_Settle; 2019-03-26 00:00:00: Leg2_Open missing, used Leg2_Settle; 2019-03-26 00:00:00: no open-price ratio (leg open<=0), trade skipped",-27.127212
2019-03-27,Active2,CAL,11200,11445.05,CAL.NIF50.11200.20190411,192.75,192.75,192.75,1,75,CAL.NIF50.11200.20190418,0.0,121.15,337.25,0,0,2019-04-11,2019-04-18,-1.0,-0.3715,2,,,1.0,0.0,0.0,0.0,0.0,0.0,81.548032,"2019-03-27 00:00:00: Leg2_Open missing, used Leg2_Settle; 2019-03-27 00:00:00: no open-price ratio (leg open<=0), trade skipped",-27.127212
2019-03-28,Active2,CAL,11200,11570.0,CAL.NIF50.11200.20190411,340.0,369.55,369.55,16,1200,CAL.NIF50.11200.20190418,0.0,121.15,441.8,0,0,2019-04-11,2019-04-18,-1.0,-0.6722,2,,,1.0,0.0,0.0,0.0,0.0,0.0,81.548032,"2019-03-28 00:00:00: Leg2_Open missing, used Leg2_Settle; 2019-03-28 00:00:00: no open-price ratio (leg open<=0), trade skipped",-27.127212
2019-03-29,Active2,CAL,11300,11623.9,CAL.NIF50.11300.20190411,0.0,331.85,370.25,0,150,CAL.NIF50.11300.20190418,0.0,94.95,399.45,0,0,2019-04-11,2019-04-18,,-0.7139,2,,,1.0,0.0,0.0,0.0,0.0,0.0,81.548032,"2019-03-29 00:00:00: Leg1_Open missing, used Leg1_Settle; 2019-03-29 00:00:00: Leg2_Open missing, used Leg2_Settle; 2019-03-29 00:00:00: no open-price ratio (leg open<=0), trade skipped",-27.127212
2019-04-01,Active2,CAL,11400,11669.15,CAL.NIF50.11400.20190411,326.15,320.0,320.0,15,300,CAL.NIF50.11400.20190418,0.0,72.7,339.85,0,0,2019-04-11,2019-04-18,-1.0,-0.7728,2,,,1.0,0.0,0.0,0.0,0.0,0.0,81.548032,"2019-04-01 00:00:00: Leg2_Open missing, used Leg2_Settle; 2019-04-01 00:00:00: no open-price ratio (leg open<=0), trade skipped",-27.127212
2019-04-02,Active2,CAL,11400,11713.2,CAL.NIF50.11400.20190418,0.0,72.7,368.5,0,0,CAL.NIF50.11400.20190425,415.0,431.2,431.2,1152,354525,2019-04-18,2019-04-25,,4.9312,2,,,1.0,0.0,0.0,0.0,0.0,0.0,81.548032,"2019-04-02 00:00:00: Leg1_Open missing, used Leg1_Settle; 2019-04-02 00:00:00: no open-price ratio (leg open<=0), trade skipped",-27.127212
2019-04-03,Active2,CAL,11500,11643.95,CAL.NIF50.11500.20190418,0.0,55.1,228.2,0,0,CAL.NIF50.11500.20190425,363.55,312.05,312.05,4785,680100,2019-04-18,2019-04-25,,4.6633,2,,,1.0,0.0,0.0,0.0,0.0,0.0,81.548032,"2019-04-03 00:00:00: Leg1_Open missing, used Leg1_Settle; 2019-04-03 00:00:00: no open-price ratio (leg open<=0), trade skipped",-27.127212
2019-04-04,Active2,CAL,11400,11598.0,CAL.NIF50.11400.20190418,0.0,72.7,261.6,0,0,CAL.NIF50.11400.20190425,370.45,335.8,335.8,1629,335850,2019-04-18,2019-04-25,,3.619,2,,,1.0,0.0,0.0,0.0,0.0,0.0,81.548032,"2019-04-04 00:00:00: Leg1_Open missing, used Leg1_Settle; 2019-04-04 00:00:00: no open-price ratio (leg open<=0), trade skipped",-27.127212
2019-04-05,Active2,CAL,11300,11665.95,CAL.NIF50.11300.20190418,0.0,94.95,401.65,0,0,CAL.NIF50.11300.20190425,430.0,485.15,485.15,4059,316125,2019-04-18,2019-04-25,,4.1095,2,,,1.0,0.0,0.0,0.0,0.0,0.0,81.548032,"2019-04-05 00:00:00: Leg1_Open missing, used Leg1_Settle; 2019-04-05 00:00:00: no open-price ratio (leg open<=0), trade skipped",-27.127212
2019-04-08,Active2,CAL,11400,11604.5,CAL.NIF50.11400.20190418,325.0,256.7,256.7,38,525,CAL.NIF50.11400.20190425,393.0,322.4,322.4,2337,348750,2019-04-18,2019-04-25,0.2092,0.2559,2,9.92,0.826972,1.0,-1.0,0.826972,56.482188,-48.282119,8.200069,89.748101,,-18.927143
2019-04-09,Active2,CAL,11400,11671.95,CAL.NIF50.11400.20190425,300.4,373.75,373.75,2027,329325,CAL.NIF50.11400.20190502,0.0,455.0,355.1,0,75,2019-04-25,2019-05-02,-1.0,0.2174,2,,,1.0,0.0,0.0,0.0,0.0,0.0,89.748101,"2019-04-09 00:00:00: Leg2_Open missing, used Leg2_Settle; 2019-04-09 00:00:00: no open-price ratio (leg open<=0), trade skipped",-18.927143
2019-04-10,Active2,CAL,11400,11584.3,CAL.NIF50.11400.20190425,361.2,297.3,297.3,1894,309600,CAL.NIF50.11400.20190502,0.0,455.0,283.9,0,75,2019-04-25,2019-05-02,-1.0,0.5304,2,,,1.0,0.0,0.0,0.0,0.0,0.0,89.748101,"2019-04-10 00:00:00: Leg2_Open missing, used Leg2_Settle; 2019-04-10 00:00:00: no open-price ratio (leg open<=0), trade skipped",-18.927143
2019-04-11,Active2,CAL,11300,11596.7,CAL.NIF50.11300.20190425,373.35,387.9,387.9,1597,247800,CAL.NIF50.11300.20190502,0.0,123.4,365.9,0,0,2019-04-25,2019-05-02,-1.0,-0.6819,2,,,1.0,0.0,0.0,0.0,0.0,0.0,89.748101,"2019-04-11 00:00:00: Leg2_Open missing, used Leg2_Settle; 2019-04-11 00:00:00: no open-price ratio (leg open<=0), trade skipped",-18.927143
2019-04-12,Active2,CAL,11300,11643.45,CAL.NIF50.11300.20190425,370.0,420.05,420.05,770,247275,CAL.NIF50.11300.20190502,0.0,123.4,402.0,0,0,2019-04-25,2019-05-02,-1.0,-0.7062,2,,,1.0,0.0,0.0,0.0,0.0,0.0,89.748101,"2019-04-12 00:00:00: Leg2_Open missing, used Leg2_Settle; 2019-04-12 00:00:00: no open-price ratio (leg open<=0), trade skipped",-18.927143
2019-04-15,Active2,CAL,11400,11690.35,CAL.NIF50.11400.20190425,313.2,336.5,336.5,819,293850,CAL.NIF50.11400.20190502,0.0,455.0,344.6,0,75,2019-04-25,2019-05-02,-1.0,0.3522,2,,,1.0,0.0,0.0,0.0,0.0,0.0,89.748101,"2019-04-15 00:00:00: Leg2_Open missing, used Leg2_Settle; 2019-04-15 00:00:00: no open-price ratio (leg open<=0), trade skipped",-18.927143
2019-04-16,Active2,CAL,11400,11787.15,CAL.NIF50.11400.20190502,0.0,455.0,429.9,0,75,CAL.NIF50.11400.20190509,0.0,149.7,452.35,0,0,2019-05-02,2019-05-09,,-0.671,2,,,1.0,0.0,0.0,0.0,0.0,0.0,89.748101,"2019-04-16 00:00:00: Leg1_Open missing, used Leg1_Settle; 2019-04-16 00:00:00: Leg2_Open missing, used Leg2_Settle; 2019-04-16 00:00:00: no open-price ratio (leg open<=0), trade skipped",-18.927143
2019-04-18,Active2,CAL,11500,11752.8,CAL.NIF50.11500.20190502,313.35,311.2,311.2,14,675,CAL.NIF50.11500.20190509,0.0,117.15,328.55,0,0,2019-05-02,2019-05-09,-1.0,-0.6236,2,,,1.0,0.0,0.0,0.0,0.0,0.0,89.748101,"2019-04-18 00:00:00: Leg2_Open missing, used Leg2_Settle; 2019-04-18 00:00:00: no open-price ratio (leg open<=0), trade skipped",-18.927143
2019-04-22,Active2,CAL,11500,11594.45,CAL.NIF50.11500.20190502,236.3,178.4,178.4,919,47925,CAL.NIF50.11500.20190509,0.0,117.15,204.05,0,0,2019-05-02,2019-05-09,-1.0,-0.3433,2,,,1.0,0.0,0.0,0.0,0.0,0.0,89.748101,"2019-04-22 00:00:00: Leg2_Open missing, used Leg2_Settle; 2019-04-22 00:00:00: no open-price ratio (leg open<=0), trade skipped",-18.927143
2019-04-23,Active2,CAL,11300,11575.95,CAL.NIF50.11300.20190509,0.0,188.4,333.0,0,0,CAL.NIF50.11300.20190516,0.0,352.25,360.1,0,0,2019-05-09,2019-05-16,,0.8697,2,,,1.0,0.0,0.0,0.0,0.0,0.0,89.748101,"2019-04-23 00:00:00: Leg1_Open missing, used Leg1_Settle; 2019-04-23 00:00:00: Leg2_Open missing, used Leg2_Settle; 2019-04-23 00:00:00: no open-price ratio (leg open<=0), trade skipped",-18.927143
2019-04-24,Active2,CAL,11300,11726.15,CAL.NIF50.11300.20190509,0.0,188.4,468.1,0,0,CAL.NIF50.11300.20190516,0.0,352.25,492.4,0,0,2019-05-09,2019-05-16,,0.8697,2,,,1.0,0.0,0.0,0.0,0.0,0.0,89.748101,"2019-04-24 00:00:00: Leg1_Open missing, used Leg1_Settle; 2019-04-24 00:00:00: Leg2_Open missing, used Leg2_Settle; 2019-04-24 00:00:00: no open-price ratio (leg open<=0), trade skipped",-18.927143
2019-04-25,Active2,CAL,11500,11641.8,CAL.NIF50.11500.20190509,225.0,225.0,225.0,2,150,CAL.NIF50.11500.20190516,0.0,244.25,261.65,0,0,2019-05-09,2019-05-16,-1.0,0.0856,2,,,1.0,0.0,0.0,0.0,0.0,0.0,89.748101,"2019-04-25 00:00:00: Leg2_Open missing, used Leg2_Settle; 2019-04-25 00:00:00: no open-price ratio (leg open<=0), trade skipped",-18.927143
2019-04-26,Active2,CAL,11400,11754.65,CAL.NIF50.11400.20190509,0.0,149.7,397.35,0,0,CAL.NIF50.11400.20190516,0.0,295.15,425.4,0,0,2019-05-09,2019-05-16,,0.9716,2,,,1.0,0.0,0.0,0.0,0.0,0.0,89.748101,"2019-04-26 00:00:00: Leg1_Open missing, used Leg1_Settle; 2019-04-26 00:00:00: Leg2_Open missing, used Leg2_Settle; 2019-04-26 00:00:00: no open-price ratio (leg open<=0), trade skipped",-18.927143
2019-04-30,Active2,CAL,11500,11748.15,CAL.NIF50.11500.20190516,0.0,244.25,317.9,0,0,CAL.NIF50.11500.20190523,0.0,337.5,348.45,0,0,2019-05-16,2019-05-23,,0.3818,2,,,1.0,0.0,0.0,0.0,0.0,0.0,89.748101,"2019-04-30 00:00:00: Leg1_Open missing, used Leg1_Settle; 2019-04-30 00:00:00: Leg2_Open missing, used Leg2_Settle; 2019-04-30 00:00:00: no open-price ratio (leg open<=0), trade skipped",-18.927143
2019-05-02,Active2,CAL,11500,11724.75,CAL.NIF50.11500.20190516,0.0,244.25,287.45,0,0,CAL.NIF50.11500.20190523,0.0,337.5,318.65,0,0,2019-05-16,2019-05-23,,0.3818,2,,,1.0,0.0,0.0,0.0,0.0,0.0,89.748101,"2019-05-02 00:00:00: Leg1_Open missing, used Leg1_Settle; 2019-05-02 00:00:00: Leg2_Open missing, used Leg2_Settle; 2019-05-02 00:00:00: no open-price ratio (leg open<=0), trade skipped",-18.927143
2019-05-03,Active2,CAL,11500,11712.25,CAL.NIF50.11500.20190516,269.7,268.85,268.85,13,375,CAL.NIF50.11500.20190523,0.0,337.5,301.5,0,0,2019-05-16,2019-05-23,-1.0,0.2553,2,,,1.0,0.0,0.0,0.0,0.0,0.0,89.748101,"2019-05-03 00:00:00: Leg2_Open missing, used Leg2_Settle; 2019-05-03 00:00:00: no open-price ratio (leg open<=0), trade skipped",-18.927143
2019-05-06,Active2,CAL,11500,11598.25,CAL.NIF50.11500.20190516,170.9,174.85,174.85,887,10575,CAL.NIF50.11500.20190523,0.0,337.5,209.05,0,0,2019-05-16,2019-05-23,-1.0,0.9302,2,,,1.0,0.0,0.0,0.0,0.0,0.0,89.748101,"2019-05-06 00:00:00: Leg2_Open missing, used Leg2_Settle; 2019-05-06 00:00:00: no open-price ratio (leg open<=0), trade skipped",-18.927143
2019-05-07,Active2,CAL,11300,11497.9,CAL.NIF50.11300.20190523,0.0,467.75,275.35,0,0,CAL.NIF50.11300.20190530,557.7,468.05,468.05,229,159450,2019-05-23,2019-05-30,,0.0006,2,,,1.0,0.0,0.0,0.0,0.0,0.0,89.748101,"2019-05-07 00:00:00: Leg1_Open missing, used Leg1_Settle; 2019-05-07 00:00:00: no open-price ratio (leg open<=0), trade skipped",-18.927143
2019-05-08,Active2,CAL,11200,11359.45,CAL.NIF50.11200.20190523,0.0,541.45,246.2,0,0,CAL.NIF50.11200.20190530,494.8,440.05,440.05,743,90750,2019-05-23,2019-05-30,,-0.1873,2,,,1.0,0.0,0.0,0.0,0.0,0.0,89.748101,"2019-05-08 00:00:00: Leg1_Open missing, used Leg1_Settle; 2019-05-08 00:00:00: no open-price ratio (leg open<=0), trade skipped",-18.927143
2019-05-09,Active2,CAL,11100,11301.8,CAL.NIF50.11100.20190523,0.0,478.6,270.45,0,150,CAL.NIF50.11100.20190530,498.9,438.6,438.6,493,59625,2019-05-23,2019-05-30,,-0.0836,2,,,1.0,0.0,0.0,0.0,0.0,0.0,89.748101,"2019-05-09 00:00:00: Leg1_Open missing, used Leg1_Settle; 2019-05-09 00:00:00: no open-price ratio (leg open<=0), trade skipped",-18.927143
2019-05-10,Active2,CAL,11100,11278.9,CAL.NIF50.11100.20190523,0.0,478.6,245.25,0,150,CAL.NIF50.11100.20190530,447.0,424.15,424.15,455,60975,2019-05-23,2019-05-30,,-0.1138,2,,,1.0,0.0,0.0,0.0,0.0,0.0,89.748101,"2019-05-10 00:00:00: Leg1_Open missing, used Leg1_Settle; 2019-05-10 00:00:00: no open-price ratio (leg open<=0), trade skipped",-18.927143
2019-05-13,Active2,CAL,11000,11148.2,CAL.NIF50.11000.20190523,0.0,703.0,209.35,0,0,CAL.NIF50.11000.20190530,455.9,422.35,422.35,2931,454500,2019-05-23,2019-05-30,,-0.3992,2,,,1.0,0.0,0.0,0.0,0.0,0.0,89.748101,"2019-05-13 00:00:00: Leg1_Open missing, used Leg1_Settle; 2019-05-13 00:00:00: no open-price ratio (leg open<=0), trade skipped",-18.927143
2019-05-14,Active2,CAL,10900,11222.05,CAL.NIF50.10900.20190530,469.35,503.85,503.85,211,43725,CAL.NIF50.10900.20190606,0.0,850.8,404.85,0,0,2019-05-30,2019-06-06,-1.0,0.6886,2,,,1.0,0.0,0.0,0.0,0.0,0.0,89.748101,"2019-05-14 00:00:00: Leg2_Open missing, used Leg2_Settle; 2019-05-14 00:00:00: no open-price ratio (leg open<=0), trade skipped",-18.927143
2019-05-15,Active2,CAL,11000,11157.0,CAL.NIF50.11000.20190530,455.15,410.25,410.25,2588,465000,CAL.NIF50.11000.20190606,495.0,480.0,480.0,3,225,2019-05-30,2019-06-06,0.0876,0.17,2,31.11,0.919495,1.0,-1.0,0.919495,41.285323,-12.682064,28.603259,118.35136,,0.0
2019-05-16,Active2,CAL,10900,11257.1,CAL.NIF50.10900.20190530,479.75,547.5,547.5,282,52125,CAL.NIF50.10900.20190606,0.0,850.8,427.1,0,0,2019-05-30,2019-06-06,-1.0,0.554,2,,,1.0,0.0,0.0,0.0,0.0,0.0,118.35136,"2019-05-16 00:00:00: Leg2_Open missing, used Leg2_Settle; 2019-05-16 00:00:00: no open-price ratio (leg open<=0), trade skipped",0.0
2019-05-17,Active2,CAL,11000,11407.15,CAL.NIF50.11000.20190530,461.05,576.1,576.1,2960,458850,CAL.NIF50.11000.20190606,560.25,572.75,572.75,421,31350,2019-05-30,2019-06-06,0.2152,-0.0058,2,-104.76,0.822936,1.0,-1.0,0.822936,-94.678809,8.4653,-86.213509,32.137851,,-86.213509
2019-05-20,Active2,CAL,11200,11828.25,CAL.NIF50.11200.20190530,550.0,729.4,729.4,4373,407775,CAL.NIF50.11200.20190606,0.0,593.1,694.8,0,0,2019-05-30,2019-06-06,-1.0,-0.1869,2,,,1.0,0.0,0.0,0.0,0.0,0.0,32.137851,"2019-05-20 00:00:00: Leg2_Open missing, used Leg2_Settle; 2019-05-20 00:00:00: no open-price ratio (leg open<=0), trade skipped",-86.213509
2019-05-21,Active2,CAL,11600,11709.1,CAL.NIF50.11600.20190606,420.0,345.05,345.05,60,19500,CAL.NIF50.11600.20190613,0.0,303.2,345.55,0,0,2019-06-06,2019-06-13,-1.0,-0.1213,2,,,1.0,0.0,0.0,0.0,0.0,0.0,32.137851,"2019-05-21 00:00:00: Leg2_Open missing, used Leg2_Settle; 2019-05-21 00:00:00: no open-price ratio (leg open<=0), trade skipped",-86.213509
2019-05-22,Active2,CAL,11500,11737.9,CAL.NIF50.11500.20190606,0.0,339.3,365.15,0,75,CAL.NIF50.11500.20190613,0.0,364.05,412.95,0,0,2019-06-06,2019-06-13,,0.0729,2,,,1.0,0.0,0.0,0.0,0.0,0.0,32.137851,"2019-05-22 00:00:00: Leg1_Open missing, used Leg1_Settle; 2019-05-22 00:00:00: Leg2_Open missing, used Leg2_Settle; 2019-05-22 00:00:00: no open-price ratio (leg open<=0), trade skipped",-86.213509
2019-05-23,Active2,CAL,11500,11657.05,CAL.NIF50.11500.20190606,602.75,291.55,291.55,10,75,CAL.NIF50.11500.20190613,0.0,364.05,348.3,0,0,2019-06-06,2019-06-13,-1.0,0.2487,2,,,1.0,0.0,0.0,0.0,0.0,0.0,32.137851,"2019-05-23 00:00:00: Leg2_Open missing, used Leg2_Settle; 2019-05-23 00:00:00: no open-price ratio (leg open<=0), trade skipped",-86.213509
2019-05-24,Active2,CAL,11400,11844.1,CAL.NIF50.11400.20190606,306.0,451.35,451.35,3,75,CAL.NIF50.11400.20190613,0.0,431.25,554.8,0,0,2019-06-06,2019-06-13,-1.0,-0.0445,2,,,1.0,0.0,0.0,0.0,0.0,0.0,32.137851,"2019-05-24 00:00:00: Leg2_Open missing, used Leg2_Settle; 2019-05-24 00:00:00: no open-price ratio (leg open<=0), trade skipped",-86.213509
2019-05-27,Active2,CAL,11600,11924.75,CAL.NIF50.11600.20190606,305.05,354.3,354.3,58,4050,CAL.NIF50.11600.20190613,0.0,303.2,443.5,0,0,2019-06-06,2019-06-13,-1.0,-0.1442,2,,,1.0,0.0,0.0,0.0,0.0,0.0,32.137851,"2019-05-27 00:00:00: Leg2_Open missing, used Leg2_Settle; 2019-05-27 00:00:00: no open-price ratio (leg open<=0), trade skipped",-86.213509
2019-05-28,Active2,CAL,11700,11928.75,CAL.NIF50.11700.20190613,0.0,249.0,362.25,0,0,CAL.NIF50.11700.20190620,0.0,324.9,408.55,0,0,2019-06-13,2019-06-20,,0.3048,2,,,1.0,0.0,0.0,0.0,0.0,0.0,32.137851,"2019-05-28 00:00:00: Leg1_Open missing, used Leg1_Settle; 2019-05-28 00:00:00: Leg2_Open missing, used Leg2_Settle; 2019-05-28 00:00:00: no open-price ratio (leg open<=0), trade skipped",-86.213509
2019-05-29,Active2,CAL,11700,11861.1,CAL.NIF50.11700.20190613,273.05,244.0,244.0,7,375,CAL.NIF50.11700.20190620,0.0,324.9,352.15,0,0,2019-06-13,2019-06-20,-1.0,0.3316,2,,,1.0,0.0,0.0,0.0,0.0,0.0,32.137851,"2019-05-29 00:00:00: Leg2_Open missing, used Leg2_Settle; 2019-05-29 00:00:00: no open-price ratio (leg open<=0), trade skipped",-86.213509
2019-05-30,Active2,CAL,11600,11945.9,CAL.NIF50.11600.20190613,362.85,378.0,378.0,9,75,CAL.NIF50.11600.20190620,0.0,389.95,471.4,0,0,2019-06-13,2019-06-20,-1.0,0.0316,2,,,1.0,0.0,0.0,0.0,0.0,0.0,32.137851,"2019-05-30 00:00:00: Leg2_Open missing, used Leg2_Settle; 2019-05-30 00:00:00: no open-price ratio (leg open<=0), trade skipped",-86.213509
2019-05-31,Active2,CAL,11700,11922.8,CAL.NIF50.11700.20190613,304.45,249.85,249.85,47,2100,CAL.NIF50.11700.20190620,0.0,324.9,371.45,0,0,2019-06-13,2019-06-20,-1.0,0.3004,2,,,1.0,0.0,0.0,0.0,0.0,0.0,32.137851,"2019-05-31 00:00:00: Leg2_Open missing, used Leg2_Settle; 2019-05-31 00:00:00: no open-price ratio (leg open<=0), trade skipped",-86.213509
2019-06-03,Active2,CAL,11700,12088.55,CAL.NIF50.11700.20190613,253.75,394.65,394.65,54,1200,CAL.NIF50.11700.20190620,0.0,324.9,481.95,0,0,2019-06-13,2019-06-20,-1.0,-0.1767,2,,,1.0,0.0,0.0,0.0,0.0,0.0,32.137851,"2019-06-03 00:00:00: Leg2_Open missing, used Leg2_Settle; 2019-06-03 00:00:00: no open-price ratio (leg open<=0), trade skipped",-86.213509
2019-06-04,Active2,CAL,11800,12021.65,CAL.NIF50.11800.20190620,0.0,246.3,346.95,0,0,CAL.NIF50.11800.20190627,359.55,338.45,338.45,1801,287625,2019-06-20,2019-06-27,,0.3741,2,,,1.0,0.0,0.0,0.0,0.0,0.0,32.137851,"2019-06-04 00:00:00: Leg1_Open missing, used Leg1_Settle; 2019-06-04 00:00:00: no open-price ratio (leg open<=0), trade skipped",-86.213509
2019-06-06,Active2,CAL,11800,11843.75,CAL.NIF50.11800.20190620,158.25,182.0,182.0,99,4200,CAL.NIF50.11800.20190627,330.4,203.95,203.95,8874,361125,2019-06-20,2019-06-27,1.0878,0.1206,2,-84.32,,1.0,0.0,0.0,0.0,0.0,0.0,32.137851,"2019-06-06 00:00:00: no open-price ratio (leg open<=0), trade skipped",-86.213509
2019-06-07,Active2,CAL,11600,11870.65,CAL.NIF50.11600.20190620,0.0,389.95,359.9,0,0,CAL.NIF50.11600.20190627,331.8,348.6,348.6,825,81375,2019-06-20,2019-06-27,,-0.106,2,,,1.0,0.0,0.0,0.0,0.0,0.0,32.137851,"2019-06-07 00:00:00: Leg1_Open missing, used Leg1_Settle; 2019-06-07 00:00:00: no open-price ratio (leg open<=0), trade skipped",-86.213509
2019-06-10,Active2,CAL,11600,11922.7,CAL.NIF50.11600.20190620,0.0,389.95,378.3,0,0,CAL.NIF50.11600.20190627,379.95,373.75,373.75,756,81600,2019-06-20,2019-06-27,,-0.0415,2,,,1.0,0.0,0.0,0.0,0.0,0.0,32.137851,"2019-06-10 00:00:00: Leg1_Open missing, used Leg1_Settle; 2019-06-10 00:00:00: no open-price ratio (leg open<=0), trade skipped",-86.213509
2019-06-11,Active2,CAL,11700,11965.6,CAL.NIF50.11700.20190627,302.0,315.75,315.75,1287,365025,CAL.NIF50.11700.20190704,0.0,346.05,409.5,0,0,2019-06-27,2019-07-04,-1.0,0.096,2,,,1.0,0.0,0.0,0.0,0.0,0.0,32.137851,"2019-06-11 00:00:00: Leg2_Open missing, used Leg2_Settle; 2019-06-11 00:00:00: no open-price ratio (leg open<=0), trade skipped",-86.213509
2019-06-12,Active2,CAL,11700,11906.2,CAL.NIF50.11700.20190627,271.45,261.8,261.8,1835,355500,CAL.NIF50.11700.20190704,0.0,346.05,357.75,0,0,2019-06-27,2019-07-04,-1.0,0.3218,2,,,1.0,0.0,0.0,0.0,0.0,0.0,32.137851,"2019-06-12 00:00:00: Leg2_Open missing, used Leg2_Settle; 2019-06-12 00:00:00: no open-price ratio (leg open<=0), trade skipped",-86.213509
2019-06-13,Active2,CAL,11700,11914.05,CAL.NIF50.11700.20190627,234.8,262.1,262.1,3706,344175,CAL.NIF50.11700.20190704,0.0,346.05,352.05,0,0,2019-06-27,2019-07-04,-1.0,0.3203,2,,,1.0,0.0,0.0,0.0,0.0,0.0,32.137851,"2019-06-13 00:00:00: Leg2_Open missing, used Leg2_Settle; 2019-06-13 00:00:00: no open-price ratio (leg open<=0), trade skipped",-86.213509
2019-06-14,Active2,CAL,11700,11823.3,CAL.NIF50.11700.20190627,239.4,188.65,188.65,4385,375075,CAL.NIF50.11700.20190704,0.0,346.05,283.6,0,0,2019-06-27,2019-07-04,-1.0,0.8343,2,,,1.0,0.0,0.0,0.0,0.0,0.0,32.137851,"2019-06-14 00:00:00: Leg2_Open missing, used Leg2_Settle; 2019-06-14 00:00:00: no open-price ratio (leg open<=0), trade skipped",-86.213509
2019-06-17,Active2,CAL,11600,11672.15,CAL.NIF50.11600.20190627,247.3,154.35,154.35,7696,248025,CAL.NIF50.11600.20190704,233.4,198.0,198.0,10,450,2019-06-27,2019-07-04,-0.0562,0.2828,2,55.44,1.059554,1.0,-1.0,1.059554,98.485583,-39.742007,58.743576,90.881427,,-27.469933
2019-06-18,Active2,CAL,11400,11691.5,CAL.NIF50.11400.20190704,0.0,547.9,376.15,0,0,CAL.NIF50.11400.20190711,0.0,281.95,412.7,0,0,2019-07-04,2019-07-11,,-0.4854,2,,,1.0,0.0,0.0,0.0,0.0,0.0,90.881427,"2019-06-18 00:00:00: Leg1_Open missing, used Leg1_Settle; 2019-06-18 00:00:00: Leg2_Open missing, used Leg2_Settle; 2019-06-18 00:00:00: no open-price ratio (leg open<=0), trade skipped",-27.469933
2019-06-19,Active2,CAL,11400,11691.45,CAL.NIF50.11400.20190704,0.0,547.9,367.1,0,0,CAL.NIF50.11400.20190711,0.0,281.95,402.6,0,0,2019-07-04,2019-07-11,,-0.4854,2,,,1.0,0.0,0.0,0.0,0.0,0.0,90.881427,"2019-06-19 00:00:00: Leg1_Open missing, used Leg1_Settle; 2019-06-19 00:00:00: Leg2_Open missing, used Leg2_Settle; 2019-06-19 00:00:00: no open-price ratio (leg open<=0), trade skipped",-27.469933
2019-06-20,Active2,CAL,11400,11831.75,CAL.NIF50.11400.20190704,0.0,547.9,482.65,0,0,CAL.NIF50.11400.20190711,0.0,281.95,514.2,0,0,2019-07-04,2019-07-11,,-0.4854,2,,,1.0,0.0,0.0,0.0,0.0,0.0,90.881427,"2019-06-20 00:00:00: Leg1_Open missing, used Leg1_Settle; 2019-06-20 00:00:00: Leg2_Open missing, used Leg2_Settle; 2019-06-20 00:00:00: no open-price ratio (leg open<=0), trade skipped",-27.469933
2019-06-21,Active2,CAL,11600,11724.1,CAL.NIF50.11600.20190704,264.6,215.45,215.45,97,1950,CAL.NIF50.11600.20190711,0.0,192.25,281.15,0,0,2019-07-04,2019-07-11,-1.0,-0.1077,2,,,1.0,0.0,0.0,0.0,0.0,0.0,90.881427,"2019-06-21 00:00:00: Leg2_Open missing, used Leg2_Settle; 2019-06-21 00:00:00: no open-price ratio (leg open<=0), trade skipped",-27.469933
2019-06-24,Active2,CAL,11500,11699.65,CAL.NIF50.11500.20190704,305.3,262.55,262.55,36,1350,CAL.NIF50.11500.20190711,0.0,234.15,309.25,0,0,2019-07-04,2019-07-11,-1.0,-0.1082,2,,,1.0,0.0,0.0,0.0,0.0,0.0,90.881427,"2019-06-24 00:00:00: Leg2_Open missing, used Leg2_Settle; 2019-06-24 00:00:00: no open-price ratio (leg open<=0), trade skipped",-27.469933
2019-06-25,Active2,CAL,11400,11796.45,CAL.NIF50.11400.20190711,0.0,281.95,458.35,0,0,CAL.NIF50.11400.20190718,0.0,262.95,489.75,0,0,2019-07-11,2019-07-18,,-0.0674,2,,,1.0,0.0,0.0,0.0,0.0,0.0,90.881427,"2019-06-25 00:00:00: Leg1_Open missing, used Leg1_Settle; 2019-06-25 00:00:00: Leg2_Open missing, used Leg2_Settle; 2019-06-25 00:00:00: no open-price ratio (leg open<=0), trade skipped",-27.469933
2019-06-26,Active2,CAL,11500,11847.55,CAL.NIF50.11500.20190711,0.0,319.35,411.05,0,225,CAL.NIF50.11500.20190718,0.0,217.85,443.95,0,0,2019-07-11,2019-07-18,,-0.3178,2,,,1.0,0.0,0.0,0.0,0.0,0.0,90.881427,"2019-06-26 00:00:00: Leg1_Open missing, used Leg1_Settle; 2019-06-26 00:00:00: Leg2_Open missing, used Leg2_Settle; 2019-06-26 00:00:00: no open-price ratio (leg open<=0), trade skipped",-27.469933
2019-06-27,Active2,CAL,11600,11841.55,CAL.NIF50.11600.20190711,0.0,192.25,318.05,0,0,CAL.NIF50.11600.20190718,0.0,178.4,354.15,0,0,2019-07-11,2019-07-18,,-0.072,2,,,1.0,0.0,0.0,0.0,0.0,0.0,90.881427,"2019-06-27 00:00:00: Leg1_Open missing, used Leg1_Settle; 2019-06-27 00:00:00: Leg2_Open missing, used Leg2_Settle; 2019-06-27 00:00:00: no open-price ratio (leg open<=0), trade skipped",-27.469933
2019-06-28,Active2,CAL,11600,11788.85,CAL.NIF50.11600.20190711,300.0,273.0,273.0,2,150,CAL.NIF50.11600.20190718,0.0,178.4,307.65,0,0,2019-07-11,2019-07-18,-1.0,-0.3465,2,,,1.0,0.0,0.0,0.0,0.0,0.0,90.881427,"2019-06-28 00:00:00: Leg2_Open missing, used Leg2_Settle; 2019-06-28 00:00:00: no open-price ratio (leg open<=0), trade skipped",-27.469933
2019-07-01,Active2,CAL,11500,11865.6,CAL.NIF50.11500.20190711,410.0,411.0,411.0,30,1800,CAL.NIF50.11500.20190718,0.0,217.85,429.55,0,0,2019-07-11,2019-07-18,-1.0,-0.47,2,,,1.0,0.0,0.0,0.0,0.0,0.0,90.881427,"2019-07-01 00:00:00: Leg2_Open missing, used Leg2_Settle; 2019-07-01 00:00:00: no open-price ratio (leg open<=0), trade skipped",-27.469933
2019-07-02,Active2,CAL,11600,11910.3,CAL.NIF50.11600.20190718,0.0,178.4,377.35,0,0,CAL.NIF50.11600.20190725,373.0,395.25,395.25,480,106800,2019-07-18,2019-07-25,,1.2155,2,,,1.0,0.0,0.0,0.0,0.0,0.0,90.881427,"2019-07-02 00:00:00: Leg1_Open missing, used Leg1_Settle; 2019-07-02 00:00:00: no open-price ratio (leg open<=0), trade skipped",-27.469933
2019-07-03,Active2,CAL,11700,11916.75,CAL.NIF50.11700.20190718,0.0,144.45,295.6,0,0,CAL.NIF50.11700.20190725,315.1,315.05,315.05,939,204375,2019-07-18,2019-07-25,,1.181,2,,,1.0,0.0,0.0,0.0,0.0,0.0,90.881427,"2019-07-03 00:00:00: Leg1_Open missing, used Leg1_Settle; 2019-07-03 00:00:00: no open-price ratio (leg open<=0), trade skipped",-27.469933
2019-07-04,Active2,CAL,11700,11946.75,CAL.NIF50.11700.20190718,0.0,144.45,311.4,0,0,CAL.NIF50.11700.20190725,321.45,335.65,335.65,1199,212400,2019-07-18,2019-07-25,,1.3236,2,,,1.0,0.0,0.0,0.0,0.0,0.0,90.881427,"2019-07-04 00:00:00: Leg1_Open missing, used Leg1_Settle; 2019-07-04 00:00:00: no open-price ratio (leg open<=0), trade skipped",-27.469933
2019-07-05,Active2,CAL,11700,11811.15,CAL.NIF50.11700.20190718,178.95,166.3,166.3,11,600,CAL.NIF50.11700.20190725,342.45,204.3,204.3,3824,209850,2019-07-18,2019-07-25,0.9137,0.2285,2,-59.54,,1.0,0.0,0.0,0.0,0.0,0.0,90.881427,"2019-07-05 00:00:00: no open-price ratio (leg open<=0), trade skipped",-27.469933
2019-07-08,Active2,CAL,11600,11558.6,CAL.NIF50.11600.20190718,164.95,78.0,78.0,6189,104475,CAL.NIF50.11600.20190725,221.95,116.55,116.55,45340,741525,2019-07-18,2019-07-25,0.3456,0.4942,2,8.62,0.743185,1.0,-1.0,0.743185,64.619971,-58.215007,6.404964,97.286391,,-21.064969
2019-07-09,Active2,CAL,11300,11555.9,CAL.NIF50.11300.20190725,285.15,294.3,294.3,2034,46725,CAL.NIF50.11300.20190801,0.0,724.45,379.65,0,0,2019-07-25,2019-08-01,-1.0,1.4616,2,,,1.0,0.0,0.0,0.0,0.0,0.0,97.286391,"2019-07-09 00:00:00: Leg2_Open missing, used Leg2_Settle; 2019-07-09 00:00:00: no open-price ratio (leg open<=0), trade skipped",-21.064969
2019-07-10,Active2,CAL,11300,11498.9,CAL.NIF50.11300.20190725,285.0,243.1,243.1,1912,47775,CAL.NIF50.11300.20190801,0.0,724.45,330.1,0,0,2019-07-25,2019-08-01,-1.0,1.98,2,,,1.0,0.0,0.0,0.0,0.0,0.0,97.286391,"2019-07-10 00:00:00: Leg2_Open missing, used Leg2_Settle; 2019-07-10 00:00:00: no open-price ratio (leg open<=0), trade skipped",-21.064969
2019-07-11,Active2,CAL,11200,11582.9,CAL.NIF50.11200.20190725,375.95,391.25,391.25,427,77850,CAL.NIF50.11200.20190801,0.0,792.1,464.75,0,0,2019-07-25,2019-08-01,-1.0,1.0245,2,,,1.0,0.0,0.0,0.0,0.0,0.0,97.286391,"2019-07-11 00:00:00: Leg2_Open missing, used Leg2_Settle; 2019-07-11 00:00:00: no open-price ratio (leg open<=0), trade skipped",-21.064969
2019-07-12,Active2,CAL,11300,11552.5,CAL.NIF50.11300.20190725,312.95,261.6,261.6,1751,45225,CAL.NIF50.11300.20190801,0.0,724.45,354.5,0,0,2019-07-25,2019-08-01,-1.0,1.7693,2,,,1.0,0.0,0.0,0.0,0.0,0.0,97.286391,"2019-07-12 00:00:00: Leg2_Open missing, used Leg2_Settle; 2019-07-12 00:00:00: no open-price ratio (leg open<=0), trade skipped",-21.064969
2019-07-15,Active2,CAL,11300,11588.35,CAL.NIF50.11300.20190725,286.6,288.35,288.35,2017,46950,CAL.NIF50.11300.20190801,0.0,724.45,364.35,0,0,2019-07-25,2019-08-01,-1.0,1.5124,2,,,1.0,0.0,0.0,0.0,0.0,0.0,97.286391,"2019-07-15 00:00:00: Leg2_Open missing, used Leg2_Settle; 2019-07-15 00:00:00: no open-price ratio (leg open<=0), trade skipped",-21.064969
2019-07-16,Active2,CAL,11300,11662.6,CAL.NIF50.11300.20190801,342.85,342.85,342.85,1,75,CAL.NIF50.11300.20190808,0.0,812.9,449.65,0,0,2019-08-01,2019-08-08,-1.0,1.371,2,,,1.0,0.0,0.0,0.0,0.0,0.0,97.286391,"2019-07-16 00:00:00: Leg2_Open missing, used Leg2_Settle; 2019-07-16 00:00:00: no open-price ratio (leg open<=0), trade skipped",-21.064969
2019-07-17,Active2,CAL,11400,11687.5,CAL.NIF50.11400.20190801,0.0,660.25,351.25,0,0,CAL.NIF50.11400.20190808,0.0,740.7,382.65,0,0,2019-08-01,2019-08-08,,0.1218,2,,,1.0,0.0,0.0,0.0,0.0,0.0,97.286391,"2019-07-17 00:00:00: Leg1_Open missing, used Leg1_Settle; 2019-07-17 00:00:00: Leg2_Open missing, used Leg2_Settle; 2019-07-17 00:00:00: no open-price ratio (leg open<=0), trade skipped",-21.064969
2019-07-18,Active2,CAL,11400,11596.9,CAL.NIF50.11400.20190801,210.4,210.4,210.4,1,75,CAL.NIF50.11400.20190808,0.0,740.7,309.4,0,0,2019-08-01,2019-08-08,-1.0,2.5204,2,,,1.0,0.0,0.0,0.0,0.0,0.0,97.286391,"2019-07-18 00:00:00: Leg2_Open missing, used Leg2_Settle; 2019-07-18 00:00:00: no open-price ratio (leg open<=0), trade skipped",-21.064969
2019-07-19,Active2,CAL,11300,11419.25,CAL.NIF50.11300.20190801,265.6,180.2,180.2,112,4125,CAL.NIF50.11300.20190808,0.0,812.9,261.55,0,0,2019-08-01,2019-08-08,-1.0,3.5111,2,,,1.0,0.0,0.0,0.0,0.0,0.0,97.286391,"2019-07-19 00:00:00: Leg2_Open missing, used Leg2_Settle; 2019-07-19 00:00:00: no open-price ratio (leg open<=0), trade skipped",-21.064969
2019-07-22,Active2,CAL,11200,11346.2,CAL.NIF50.11200.20190801,225.0,196.65,196.65,1055,18075,CAL.NIF50.11200.20190808,0.0,888.35,260.15,0,0,2019-08-01,2019-08-08,-1.0,3.5174,2,,,1.0,0.0,0.0,0.0,0.0,0.0,97.286391,"2019-07-22 00:00:00: Leg2_Open missing, used Leg2_Settle; 2019-07-22 00:00:00: no open-price ratio (leg open<=0), trade skipped",-21.064969
2019-07-23,Active2,CAL,11100,11331.05,CAL.NIF50.11100.20190808,0.0,966.85,311.5,0,0,CAL.NIF50.11100.20190814,0.0,992.95,339.65,0,0,2019-08-08,2019-08-14,,0.027,2,,,1.0,0.0,0.0,0.0,0.0,0.0,97.286391,"2019-07-23 00:00:00: Leg1_Open missing, used Leg1_Settle; 2019-07-23 00:00:00: Leg2_Open missing, used Leg2_Settle; 2019-07-23 00:00:00: no open-price ratio (leg open<=0), trade skipped",-21.064969
2019-07-24,Active2,CAL,11100,11271.3,CAL.NIF50.11100.20190808,0.0,966.85,259.7,0,0,CAL.NIF50.11100.20190814,0.0,992.95,289.25,0,0,2019-08-08,2019-08-14,,0.027,2,,,1.0,0.0,0.0,0.0,0.0,0.0,97.286391,"2019-07-24 00:00:00: Leg1_Open missing, used Leg1_Settle; 2019-07-24 00:00:00: Leg2_Open missing, used Leg2_Settle; 2019-07-24 00:00:00: no open-price ratio (leg open<=0), trade skipped",-21.064969
2019-07-25,Active2,CAL,11000,11252.15,CAL.NIF50.11000.20190808,0.0,1048.3,312.65,0,0,CAL.NIF50.11000.20190814,0.0,1079.65,339.5,0,0,2019-08-08,2019-08-14,,0.0299,2,,,1.0,0.0,0.0,0.0,0.0,0.0,97.286391,"2019-07-25 00:00:00: Leg1_Open missing, used Leg1_Settle; 2019-07-25 00:00:00: Leg2_Open missing, used Leg2_Settle; 2019-07-25 00:00:00: no open-price ratio (leg open<=0), trade skipped",-21.064969
2019-07-26,Active2,CAL,11000,11284.3,CAL.NIF50.11000.20190808,292.35,330.0,330.0,2,75,CAL.NIF50.11000.20190814,0.0,1079.65,358.05,0,0,2019-08-08,2019-08-14,-1.0,2.2717,2,,,1.0,0.0,0.0,0.0,0.0,0.0,97.286391,"2019-07-26 00:00:00: Leg2_Open missing, used Leg2_Settle; 2019-07-26 00:00:00: no open-price ratio (leg open<=0), trade skipped",-21.064969
2019-07-29,Active2,CAL,11000,11189.2,CAL.NIF50.11000.20190808,284.9,231.75,231.75,100,975,CAL.NIF50.11000.20190814,297.8,297.8,271.6,2,150,2019-08-08,2019-08-14,0.0453,0.285,2,53.15,,1.0,0.0,0.0,0.0,0.0,0.0,97.286391,"2019-07-29 00:00:00: no open-price ratio (leg open<=0), trade skipped",-21.064969
2019-07-30,Active2,CAL,10900,11085.4,CAL.NIF50.10900.20190814,0.0,1168.7,264.35,0,0,CAL.NIF50.10900.20190822,0.0,1093.85,300.4,0,0,2019-08-14,2019-08-22,,-0.064,2,,,1.0,0.0,0.0,0.0,0.0,0.0,97.286391,"2019-07-30 00:00:00: Leg1_Open missing, used Leg1_Settle; 2019-07-30 00:00:00: Leg2_Open missing, used Leg2_Settle; 2019-07-30 00:00:00: no open-price ratio (leg open<=0), trade skipped",-21.064969
2019-07-31,Active2,CAL,10800,11118.0,CAL.NIF50.10800.20190814,0.0,1259.75,363.85,0,0,CAL.NIF50.10800.20190822,0.0,1183.65,394.55,0,0,2019-08-14,2019-08-22,,-0.0604,2,,,1.0,0.0,0.0,0.0,0.0,0.0,97.286391,"2019-07-31 00:00:00: Leg1_Open missing, used Leg1_Settle; 2019-07-31 00:00:00: Leg2_Open missing, used Leg2_Settle; 2019-07-31 00:00:00: no open-price ratio (leg open<=0), trade skipped",-21.064969
2019-08-01,Active2,CAL,10900,10980.0,CAL.NIF50.10900.20190814,180.25,173.4,173.4,247,10425,CAL.NIF50.10900.20190822,0.0,1093.85,223.8,0,0,2019-08-14,2019-08-22,-1.0,5.3082,2,,,1.0,0.0,0.0,0.0,0.0,0.0,97.286391,"2019-08-01 00:00:00: Leg2_Open missing, used Leg2_Settle; 2019-08-01 00:00:00: no open-price ratio (leg open<=0), trade skipped",-21.064969
2019-08-02,Active2,CAL,10700,10997.35,CAL.NIF50.10700.20190814,267.0,382.0,338.4,33,1800,CAL.NIF50.10700.20190822,0.0,1275.35,370.75,0,0,2019-08-14,2019-08-22,-1.0,2.3386,2,,,1.0,0.0,0.0,0.0,0.0,0.0,97.286391,"2019-08-02 00:00:00: Leg2_Open missing, used Leg2_Settle; 2019-08-02 00:00:00: no open-price ratio (leg open<=0), trade skipped",-21.064969
2019-08-05,Active2,CAL,10700,10862.6,CAL.NIF50.10700.20190814,232.3,251.85,251.85,113,2550,CAL.NIF50.10700.20190822,0.0,1275.35,258.95,0,0,2019-08-14,2019-08-22,-1.0,4.0639,2,,,1.0,0.0,0.0,0.0,0.0,0.0,97.286391,"2019-08-05 00:00:00: Leg2_Open missing, used Leg2_Settle; 2019-08-05 00:00:00: no open-price ratio (leg open<=0), trade skipped",-21.064969
2019-08-06,Active2,CAL,10600,10948.25,CAL.NIF50.10600.20190822,0.0,1368.7,400.55,0,0,CAL.NIF50.10600.20190829,337.0,430.2,430.2,805,57900,2019-08-22,2019-08-29,,-0.6857,2,,,1.0,0.0,0.0,0.0,0.0,0.0,97.286391,"2019-08-06 00:00:00: Leg1_Open missing, used Leg1_Settle; 2019-08-06 00:00:00: no open-price ratio (leg open<=0), trade skipped",-21.064969
2019-08-07,Active2,CAL,10700,10855.5,CAL.NIF50.10700.20190822,0.0,1275.35,244.05,0,0,CAL.NIF50.10700.20190829,312.4,271.25,271.25,2435,140025,2019-08-22,2019-08-29,,-0.7873,2,,,1.0,0.0,0.0,0.0,0.0,0.0,97.286391,"2019-08-07 00:00:00: Leg1_Open missing, used Leg1_Settle; 2019-08-07 00:00:00: no open-price ratio (leg open<=0), trade skipped",-21.064969
2019-08-08,Active2,CAL,10600,11032.45,CAL.NIF50.10600.20190822,0.0,1368.7,472.7,0,0,CAL.NIF50.10600.20190829,356.05,514.65,514.65,1763,93075,2019-08-22,2019-08-29,,-0.624,2,,,1.0,0.0,0.0,0.0,0.0,0.0,97.286391,"2019-08-08 00:00:00: Leg1_Open missing, used Leg1_Settle; 2019-08-08 00:00:00: no open-price ratio (leg open<=0), trade skipped",-21.064969
2019-08-09,Active2,CAL,10800,11109.65,CAL.NIF50.10800.20190822,340.0,337.15,337.15,152,6675,CAL.NIF50.10800.20190829,352.0,371.35,371.35,4254,407025,2019-08-22,2019-08-29,0.0353,0.1014,2,21.54,0.965909,1.0,-1.0,0.965909,2.752841,18.05317,20.806011,118.092402,,-0.258958
2019-08-13,Active2,CAL,10900,10925.85,CAL.NIF50.10900.20190829,274.75,165.6,165.6,13024,1138425,CAL.NIF50.10900.20190905,0.0,1184.8,229.25,0,0,2019-08-29,2019-09-05,-1.0,6.1546,2,,,1.0,0.0,0.0,0.0,0.0,0.0,118.092402,"2019-08-13 00:00:00: Leg2_Open missing, used Leg2_Settle; 2019-08-13 00:00:00: no open-price ratio (leg open<=0), trade skipped",-0.258958
2019-08-14,Active2,CAL,10700,11029.4,CAL.NIF50.10700.20190829,314.0,363.2,363.2,1186,100275,CAL.NIF50.10700.20190905,0.0,1375.8,427.0,0,0,2019-08-29,2019-09-05,-1.0,2.788,2,,,1.0,0.0,0.0,0.0,0.0,0.0,118.092402,"2019-08-14 00:00:00: Leg2_Open missing, used Leg2_Settle; 2019-08-14 00:00:00: no open-price ratio (leg open<=0), trade skipped",-0.258958
2019-08-16,Active2,CAL,10800,11047.8,CAL.NIF50.10800.20190829,228.8,308.75,308.75,5912,359175,CAL.NIF50.10800.20190905,331.0,334.0,352.2,18,150,2019-08-29,2019-09-05,0.4467,0.0818,2,-77.88,0.691239,1.0,-1.0,0.691239,-55.264532,1.433433,-53.831099,64.261303,,-54.090057
2019-08-19,Active2,CAL,10800,11053.9,CAL.NIF50.10800.20190829,330.0,295.55,295.55,3099,378825,CAL.NIF50.10800.20190905,0.0,334.0,338.25,0,150,2019-08-29,2019-09-05,-1.0,0.1301,2,,0.691239,1.0,-1.0,0.691239,9.12435,0.0,9.12435,73.385654,"2019-08-19 00:00:00: Leg2_Open missing, used Leg2_Settle",-44.965706
2019-08-20,Active2,CAL,10800,11017.0,CAL.NIF50.10800.20190905,311.0,295.3,295.3,499,675,CAL.NIF50.10800.20190912,0.0,951.7,335.2,0,0,2019-09-05,2019-09-12,-1.0,2.2228,2,,,1.0,0.0,0.0,0.0,0.0,0.0,73.385654,"2019-08-20 00:00:00: Leg2_Open missing, used Leg2_Settle; 2019-08-20 00:00:00: no open-price ratio (leg open<=0), trade skipped",-44.965706
2019-08-21,Active2,CAL,10800,10918.7,CAL.NIF50.10800.20190905,279.4,225.2,225.2,596,7950,CAL.NIF50.10800.20190912,0.0,951.7,263.55,0,0,2019-09-05,2019-09-12,-1.0,3.226,2,,,1.0,0.0,0.0,0.0,0.0,0.0,73.385654,"2019-08-21 00:00:00: Leg2_Open missing, used Leg2_Settle; 2019-08-21 00:00:00: no open-price ratio (leg open<=0), trade skipped",-44.965706
2019-08-22,Active2,CAL,10700,10741.35,CAL.NIF50.10700.20190905,241.5,153.2,153.2,912,28800,CAL.NIF50.10700.20190912,0.0,1039.65,222.0,0,0,2019-09-05,2019-09-12,-1.0,5.7862,2,,,1.0,0.0,0.0,0.0,0.0,0.0,73.385654,"2019-08-22 00:00:00: Leg2_Open missing, used Leg2_Settle; 2019-08-22 00:00:00: no open-price ratio (leg open<=0), trade skipped",-44.965706
2019-08-23,Active2,CAL,10500,10829.35,CAL.NIF50.10500.20190905,240.0,404.0,380.8,129,1575,CAL.NIF50.10500.20190912,0.0,1222.2,412.65,0,0,2019-09-05,2019-09-12,-1.0,2.0252,2,,,1.0,0.0,0.0,0.0,0.0,0.0,73.385654,"2019-08-23 00:00:00: Leg2_Open missing, used Leg2_Settle; 2019-08-23 00:00:00: no open-price ratio (leg open<=0), trade skipped",-44.965706
2019-08-26,Active2,CAL,10600,11057.85,CAL.NIF50.10600.20190905,337.95,488.15,488.15,501,8700,CAL.NIF50.10600.20190912,0.0,1129.95,520.5,0,0,2019-09-05,2019-09-12,-1.0,1.3148,2,,,1.0,0.0,0.0,0.0,0.0,0.0,73.385654,"2019-08-26 00:00:00: Leg2_Open missing, used Leg2_Settle; 2019-08-26 00:00:00: no open-price ratio (leg open<=0), trade skipped",-44.965706
2019-08-27,Active2,CAL,10800,11105.35,CAL.NIF50.10800.20190912,370.0,370.0,389.5,1,750,CAL.NIF50.10800.20190919,0.0,200.0,426.05,0,150,2019-09-12,2019-09-19,-1.0,-0.4595,2,,,1.0,0.0,0.0,0.0,0.0,0.0,73.385654,"2019-08-27 00:00:00: Leg2_Open missing, used Leg2_Settle; 2019-08-27 00:00:00: no open-price ratio (leg open<=0), trade skipped",-44.965706
2019-08-28,Active2,CAL,10900,11046.1,CAL.NIF50.10900.20190912,287.35,244.45,244.45,44,2400,CAL.NIF50.10900.20190919,0.0,862.5,306.1,0,0,2019-09-12,2019-09-19,-1.0,2.5283,2,,,1.0,0.0,0.0,0.0,0.0,0.0,73.385654,"2019-08-28 00:00:00: Leg2_Open missing, used Leg2_Settle; 2019-08-28 00:00:00: no open-price ratio (leg open<=0), trade skipped",-44.965706
2019-08-29,Active2,CAL,10800,10948.3,CAL.NIF50.10800.20190912,240.85,262.35,262.35,11,750,CAL.NIF50.10800.20190919,0.0,200.0,299.3,0,150,2019-09-12,2019-09-19,-1.0,-0.2377,2,,,1.0,0.0,0.0,0.0,0.0,0.0,73.385654,"2019-08-29 00:00:00: Leg2_Open missing, used Leg2_Settle; 2019-08-29 00:00:00: no open-price ratio (leg open<=0), trade skipped",-44.965706
2019-08-30,Active2,CAL,10700,11023.25,CAL.NIF50.10700.20190912,328.3,328.3,381.75,1,75,CAL.NIF50.10700.20190919,0.0,1040.95,416.45,0,0,2019-09-12,2019-09-19,-1.0,2.1707,2,,,1.0,0.0,0.0,0.0,0.0,0.0,73.385654,"2019-08-30 00:00:00: Leg2_Open missing, used Leg2_Settle; 2019-08-30 00:00:00: no open-price ratio (leg open<=0), trade skipped",-44.965706
2019-09-03,Active2,CAL,10800,10797.9,CAL.NIF50.10800.20190919,218.8,167.65,167.65,110,3675,CAL.NIF50.10800.20190926,268.2,210.75,210.75,16398,774600,2019-09-19,2019-09-26,0.2258,0.2571,2,4.28,0.815809,1.0,-1.0,0.815809,41.728635,-38.235531,3.493105,76.878759,,-41.472602
2019-09-04,Active2,CAL,10500,10844.65,CAL.NIF50.10500.20190919,0.0,1227.75,415.05,0,0,CAL.NIF50.10500.20190926,421.15,445.95,445.95,1216,222600,2019-09-19,2019-09-26,,-0.6368,2,,,1.0,0.0,0.0,0.0,0.0,0.0,76.878759,"2019-09-04 00:00:00: Leg1_Open missing, used Leg1_Settle; 2019-09-04 00:00:00: no open-price ratio (leg open<=0), trade skipped",-41.472602
2019-09-05,Active2,CAL,10600,10847.9,CAL.NIF50.10600.20190919,0.0,1133.5,331.5,0,0,CAL.NIF50.10600.20190926,382.6,355.5,355.5,1076,99600,2019-09-19,2019-09-26,,-0.6864,2,,,1.0,0.0,0.0,0.0,0.0,0.0,76.878759,"2019-09-05 00:00:00: Leg1_Open missing, used Leg1_Settle; 2019-09-05 00:00:00: no open-price ratio (leg open<=0), trade skipped",-41.472602
2019-09-06,Active2,CAL,10600,10946.2,CAL.NIF50.10600.20190919,0.0,1133.5,403.25,0,0,CAL.NIF50.10600.20190926,380.0,419.1,419.1,535,99900,2019-09-19,2019-09-26,,-0.6303,2,,,1.0,0.0,0.0,0.0,0.0,0.0,76.878759,"2019-09-06 00:00:00: Leg1_Open missing, used Leg1_Settle; 2019-09-06 00:00:00: no open-price ratio (leg open<=0), trade skipped",-41.472602
2019-09-09,Active2,CAL,10700,11003.05,CAL.NIF50.10700.20190919,255.0,329.6,329.6,120,5625,CAL.NIF50.10700.20190926,301.0,370.7,370.7,1695,153600,2019-09-19,2019-09-26,0.1804,0.1247,2,-15.55,0.847176,1.0,-1.0,0.847176,-63.199336,50.0242,-13.175136,63.703622,,-54.647738
2019-09-11,Active2,CAL,10800,11035.7,CAL.NIF50.10800.20190926,288.0,307.3,307.3,3033,765300,CAL.NIF50.10800.20191003,358.95,343.45,359.75,2,75,2019-09-26,2019-10-03,0.2464,0.1176,2,-31.74,0.80234,1.0,-1.0,0.80234,-15.485165,-9.978121,-25.463286,38.240337,,-80.111023
2019-09-12,Active2,CAL,10800,10982.8,CAL.NIF50.10800.20190926,323.65,255.5,255.5,12372,627750,CAL.NIF50.10800.20191003,0.0,343.45,313.65,0,75,2019-09-26,2019-10-03,-1.0,0.3442,2,,0.80234,1.0,-1.0,0.80234,41.56122,0.0,41.56122,79.801557,"2019-09-12 00:00:00: Leg2_Open missing, used Leg2_Settle",-38.549803
2019-09-13,Active2,CAL,10700,11075.9,CAL.NIF50.10700.20190926,324.9,420.8,420.8,877,144600,CAL.NIF50.10700.20191003,0.0,316.3,453.8,0,0,2019-09-26,2019-10-03,-1.0,-0.2483,2,,,1.0,0.0,0.0,0.0,0.0,0.0,79.801557,"2019-09-13 00:00:00: Leg2_Open missing, used Leg2_Settle; 2019-09-13 00:00:00: no open-price ratio (leg open<=0), trade skipped",-38.549803
2019-09-16,Active2,CAL,10800,11003.5,CAL.NIF50.10800.20190926,263.5,255.15,255.15,4289,524025,CAL.NIF50.10800.20191003,294.9,278.45,304.7,5,300,2019-09-26,2019-10-03,0.1192,0.0913,2,-6.35,0.893523,1.0,-1.0,0.893523,7.460919,-13.133413,-5.672494,74.129063,,-44.222297
2019-09-17,Active2,CAL,10800,10817.6,CAL.NIF50.10800.20191003,230.0,163.85,163.85,402,16050,CAL.NIF50.10800.20191010,0.0,485.2,231.0,0,0,2019-10-03,2019-10-10,-1.0,1.9612,2,,,1.0,0.0,0.0,0.0,0.0,0.0,74.129063,"2019-09-17 00:00:00: Leg2_Open missing, used Leg2_Settle; 2019-09-17 00:00:00: no open-price ratio (leg open<=0), trade skipped",-44.222297
2019-09-18,Active2,CAL,10600,10840.65,CAL.NIF50.10600.20191003,0.0,579.0,324.75,0,0,CAL.NIF50.10600.20191010,0.0,629.9,359.95,0,0,2019-10-03,2019-10-10,,0.0879,2,,,1.0,0.0,0.0,0.0,0.0,0.0,74.129063,"2019-09-18 00:00:00: Leg1_Open missing, used Leg1_Settle; 2019-09-18 00:00:00: Leg2_Open missing, used Leg2_Settle; 2019-09-18 00:00:00: no open-price ratio (leg open<=0), trade skipped",-44.222297
2019-09-19,Active2,CAL,10600,10704.8,CAL.NIF50.10600.20191003,235.0,187.05,187.05,24,1125,CAL.NIF50.10600.20191010,0.0,629.9,266.6,0,0,2019-10-03,2019-10-10,-1.0,2.3675,2,,,1.0,0.0,0.0,0.0,0.0,0.0,74.129063,"2019-09-19 00:00:00: Leg2_Open missing, used Leg2_Settle; 2019-09-19 00:00:00: no open-price ratio (leg open<=0), trade skipped",-44.222297
2019-09-20,Active2,CAL,10500,11274.2,CAL.NIF50.10500.20191003,292.5,812.35,825.35,173,4275,CAL.NIF50.10500.20191010,0.0,708.9,865.95,0,0,2019-10-03,2019-10-10,-1.0,-0.1273,2,,,1.0,0.0,0.0,0.0,0.0,0.0,74.129063,"2019-09-20 00:00:00: Leg2_Open missing, used Leg2_Settle; 2019-09-20 00:00:00: no open-price ratio (leg open<=0), trade skipped",-44.222297
2019-09-23,Active2,CAL,11000,11600.2,CAL.NIF50.11000.20191003,502.95,631.6,631.6,3662,189975,CAL.NIF50.11000.20191010,501.0,673.0,723.85,48,2850,2019-10-03,2019-10-10,-0.0039,0.0655,2,44.02,1.003892,1.0,-1.0,1.003892,-129.150734,173.341528,44.190794,118.319857,,-0.031503
2019-09-24,Active2,CAL,11400,11588.2,CAL.NIF50.11400.20191010,0.0,178.3,420.15,0,0,CAL.NIF50.11400.20191017,0.0,220.1,485.05,0,0,2019-10-10,2019-10-17,,0.2344,2,,,1.0,0.0,0.0,0.0,0.0,0.0,118.319857,"2019-09-24 00:00:00: Leg1_Open missing, used Leg1_Settle; 2019-09-24 00:00:00: Leg2_Open missing, used Leg2_Settle; 2019-09-24 00:00:00: no open-price ratio (leg open<=0), trade skipped",-0.031503
2019-09-25,Active2,CAL,11300,11440.2,CAL.NIF50.11300.20191010,0.0,342.8,374.6,0,225,CAL.NIF50.11300.20191017,0.0,258.7,440.15,0,0,2019-10-10,2019-10-17,,-0.2453,2,,,1.0,0.0,0.0,0.0,0.0,0.0,118.319857,"2019-09-25 00:00:00: Leg1_Open missing, used Leg1_Settle; 2019-09-25 00:00:00: Leg2_Open missing, used Leg2_Settle; 2019-09-25 00:00:00: no open-price ratio (leg open<=0), trade skipped",-0.031503
2019-09-26,Active2,CAL,11200,11571.2,CAL.NIF50.11200.20191010,0.0,330.0,513.1,0,1950,CAL.NIF50.11200.20191017,0.0,411.45,574.25,0,0,2019-10-10,2019-10-17,,0.2468,2,,,1.0,0.0,0.0,0.0,0.0,0.0,118.319857,"2019-09-26 00:00:00: Leg1_Open missing, used Leg1_Settle; 2019-09-26 00:00:00: Leg2_Open missing, used Leg2_Settle; 2019-09-26 00:00:00: no open-price ratio (leg open<=0), trade skipped",-0.031503
2019-09-27,Active2,CAL,11300,11512.4,CAL.NIF50.11300.20191010,285.8,299.55,299.55,13,600,CAL.NIF50.11300.20191017,0.0,258.7,453.95,0,0,2019-10-10,2019-10-17,-1.0,-0.1364,2,,,1.0,0.0,0.0,0.0,0.0,0.0,118.319857,"2019-09-27 00:00:00: Leg2_Open missing, used Leg2_Settle; 2019-09-27 00:00:00: no open-price ratio (leg open<=0), trade skipped",-0.031503
2019-09-30,Active2,CAL,11300,11474.45,CAL.NIF50.11300.20191010,237.0,245.95,245.95,460,8850,CAL.NIF50.11300.20191017,0.0,258.7,395.25,0,0,2019-10-10,2019-10-17,-1.0,0.0518,2,,,1.0,0.0,0.0,0.0,0.0,0.0,118.319857,"2019-09-30 00:00:00: Leg2_Open missing, used Leg2_Settle; 2019-09-30 00:00:00: no open-price ratio (leg open<=0), trade skipped",-0.031503
2019-10-01,Active2,CAL,11200,11359.9,CAL.NIF50.11200.20191017,0.0,411.45,370.15,0,0,CAL.NIF50.11200.20191024,0.0,157.3,428.55,0,0,2019-10-17,2019-10-24,,-0.6177,2,,,1.0,0.0,0.0,0.0,0.0,0.0,118.319857,"2019-10-01 00:00:00: Leg1_Open missing, used Leg1_Settle; 2019-10-01 00:00:00: Leg2_Open missing, used Leg2_Settle; 2019-10-01 00:00:00: no open-price ratio (leg open<=0), trade skipped",-0.031503
2019-10-03,Active2,CAL,11100,11314.0,CAL.NIF50.11100.20191017,0.0,325.0,377.75,0,225,CAL.NIF50.11100.20191024,0.0,190.5,435.9,0,0,2019-10-17,2019-10-24,,-0.4138,2,,,1.0,0.0,0.0,0.0,0.0,0.0,118.319857,"2019-10-03 00:00:00: Leg1_Open missing, used Leg1_Settle; 2019-10-03 00:00:00: Leg2_Open missing, used Leg2_Settle; 2019-10-03 00:00:00: no open-price ratio (leg open<=0), trade skipped",-0.031503
2019-10-04,Active2,CAL,11100,11174.75,CAL.NIF50.11100.20191017,339.35,201.45,201.45,38,1500,CAL.NIF50.11100.20191024,0.0,190.5,340.65,0,0,2019-10-17,2019-10-24,-1.0,-0.0544,2,,,1.0,0.0,0.0,0.0,0.0,0.0,118.319857,"2019-10-04 00:00:00: Leg2_Open missing, used Leg2_Settle; 2019-10-04 00:00:00: no open-price ratio (leg open<=0), trade skipped",-0.031503
2019-10-07,Active2,CAL,10900,11126.4,CAL.NIF50.10900.20191017,335.05,284.6,284.6,11,375,CAL.NIF50.10900.20191024,0.0,271.85,398.25,0,0,2019-10-17,2019-10-24,-1.0,-0.0448,2,,,1.0,0.0,0.0,0.0,0.0,0.0,118.319857,"2019-10-07 00:00:00: Leg2_Open missing, used Leg2_Settle; 2019-10-07 00:00:00: no open-price ratio (leg open<=0), trade skipped",-0.031503
2019-10-09,Active2,CAL,10900,11313.3,CAL.NIF50.10900.20191024,0.0,271.85,520.7,0,0,CAL.NIF50.10900.20191031,344.4,500.95,500.95,422,113325,2019-10-24,2019-10-31,,0.8427,2,,,1.0,0.0,0.0,0.0,0.0,0.0,118.319857,"2019-10-09 00:00:00: Leg1_Open missing, used Leg1_Settle; 2019-10-09 00:00:00: no open-price ratio (leg open<=0), trade skipped",-0.031503
2019-10-10,Active2,CAL,11100,11234.55,CAL.NIF50.11100.20191024,223.0,222.15,316.05,2,75,CAL.NIF50.11100.20191031,306.0,266.1,266.1,4235,258825,2019-10-24,2019-10-31,0.3722,0.1978,2,-28.23,0.728758,1.0,-1.0,0.728758,0.619444,-21.19043,-20.570986,97.748872,,-20.602488
2019-10-11,Active2,CAL,11000,11305.05,CAL.NIF50.11000.20191024,380.0,353.0,353.0,22,1200,CAL.NIF50.11000.20191031,372.55,378.7,378.7,4998,1318500,2019-10-24,2019-10-31,-0.0196,0.0728,2,33.27,1.019997,1.0,-1.0,1.019997,27.539928,6.398426,33.938354,131.687226,,0.0
2019-10-14,Active2,CAL,11100,11341.15,CAL.NIF50.11100.20191024,347.65,273.05,273.05,26,1050,CAL.NIF50.11100.20191031,310.45,316.85,316.85,2107,243375,2019-10-24,2019-10-31,-0.107,0.1604,2,81.77,1.119826,1.0,-1.0,1.119826,83.539024,8.025667,91.564691,223.251916,,0.0
2019-10-15,Active2,CAL,11100,11428.3,CAL.NIF50.11100.20191031,327.15,385.65,385.65,1346,222750,CAL.NIF50.11100.20191107,0.0,295.6,495.85,0,0,2019-10-31,2019-11-07,-1.0,-0.2335,2,,,1.0,0.0,0.0,0.0,0.0,0.0,223.251916,"2019-10-15 00:00:00: Leg2_Open missing, used Leg2_Settle; 2019-10-15 00:00:00: no open-price ratio (leg open<=0), trade skipped",0.0
2019-10-16,Active2,CAL,11200,11464.0,CAL.NIF50.11200.20191031,310.0,324.7,324.7,3134,1580625,CAL.NIF50.11200.20191107,350.0,350.0,350.0,1,75,2019-10-31,2019-11-07,0.129,0.0779,2,-14.7,0.885714,1.0,-1.0,0.885714,-13.02,0.0,-13.02,210.231916,,-13.02
2019-10-17,Active2,CAL,11200,11586.35,CAL.NIF50.11200.20191031,320.0,426.45,426.45,3353,1522125,CAL.NIF50.11200.20191107,0.0,350.0,520.4,0,75,2019-10-31,2019-11-07,-1.0,-0.1793,2,,0.885714,1.0,-1.0,0.885714,-90.121429,0.0,-90.121429,120.110488,"2019-10-17 00:00:00: Leg2_Open missing, used Leg2_Settle",-103.141429
2019-10-18,Active2,CAL,11300,11661.85,CAL.NIF50.11300.20191031,310.6,394.0,394.0,5654,772575,CAL.NIF50.11300.20191107,0.0,217.5,493.35,0,0,2019-10-31,2019-11-07,-1.0,-0.448,2,,,1.0,0.0,0.0,0.0,0.0,0.0,120.110488,"2019-10-18 00:00:00: Leg2_Open missing, used Leg2_Settle; 2019-10-18 00:00:00: no open-price ratio (leg open<=0), trade skipped",-103.141429
2019-10-22,Active2,CAL,11400,11588.35,CAL.NIF50.11400.20191107,359.9,300.0,340.15,3,225,CAL.NIF50.11400.20191114,0.0,205.5,387.75,0,0,2019-11-07,2019-11-14,-1.0,-0.315,2,,,1.0,0.0,0.0,0.0,0.0,0.0,120.110488,"2019-10-22 00:00:00: Leg2_Open missing, used Leg2_Settle; 2019-10-22 00:00:00: no open-price ratio (leg open<=0), trade skipped",-103.141429
2019-10-23,Active2,CAL,11300,11604.1,CAL.NIF50.11300.20191107,0.0,217.5,408.3,0,0,CAL.NIF50.11300.20191114,0.0,242.0,451.8,0,0,2019-11-07,2019-11-14,,0.1126,2,,,1.0,0.0,0.0,0.0,0.0,0.0,120.110488,"2019-10-23 00:00:00: Leg1_Open missing, used Leg1_Settle; 2019-10-23 00:00:00: Leg2_Open missing, used Leg2_Settle; 2019-10-23 00:00:00: no open-price ratio (leg open<=0), trade skipped",-103.141429
2019-10-24,Active2,CAL,11400,11582.6,CAL.NIF50.11400.20191107,275.75,282.35,282.35,7,450,CAL.NIF50.11400.20191114,0.0,205.5,357.55,0,0,2019-11-07,2019-11-14,-1.0,-0.2722,2,,,1.0,0.0,0.0,0.0,0.0,0.0,120.110488,"2019-10-24 00:00:00: Leg2_Open missing, used Leg2_Settle; 2019-10-24 00:00:00: no open-price ratio (leg open<=0), trade skipped",-103.141429
2019-10-25,Active2,CAL,11300,11583.9,CAL.NIF50.11300.20191107,363.2,349.6,349.6,24,975,CAL.NIF50.11300.20191114,0.0,242.0,413.4,0,0,2019-11-07,2019-11-14,-1.0,-0.3078,2,,,1.0,0.0,0.0,0.0,0.0,0.0,120.110488,"2019-10-25 00:00:00: Leg2_Open missing, used Leg2_Settle; 2019-10-25 00:00:00: no open-price ratio (leg open<=0), trade skipped",-103.141429
2019-10-29,Active2,CAL,11300,11786.85,CAL.NIF50.11300.20191114,0.0,242.0,551.85,0,0,CAL.NIF50.11300.20191121,0.0,142.55,586.25,0,0,2019-11-14,2019-11-21,,-0.411,2,,,1.0,0.0,0.0,0.0,0.0,0.0,120.110488,"2019-10-29 00:00:00: Leg1_Open missing, used Leg1_Settle; 2019-10-29 00:00:00: Leg2_Open missing, used Leg2_Settle; 2019-10-29 00:00:00: no open-price ratio (leg open<=0), trade skipped",-103.141429
2019-10-30,Active2,CAL,11500,11844.1,CAL.NIF50.11500.20191114,0.0,372.2,427.9,0,225,CAL.NIF50.11500.20191121,0.0,96.95,467.95,0,0,2019-11-14,2019-11-21,,-0.7395,2,,,1.0,0.0,0.0,0.0,0.0,0.0,120.110488,"2019-10-30 00:00:00: Leg1_Open missing, used Leg1_Settle; 2019-10-30 00:00:00: Leg2_Open missing, used Leg2_Settle; 2019-10-30 00:00:00: no open-price ratio (leg open<=0), trade skipped",-103.141429
2019-10-31,Active2,CAL,11600,11877.45,CAL.NIF50.11600.20191114,360.6,376.1,367.5,38,4575,CAL.NIF50.11600.20191121,0.0,267.1,409.0,0,75,2019-11-14,2019-11-21,-1.0,-0.2898,2,,,1.0,0.0,0.0,0.0,0.0,0.0,120.110488,"2019-10-31 00:00:00: Leg2_Open missing, used Leg2_Settle; 2019-10-31 00:00:00: no open-price ratio (leg open<=0), trade skipped",-103.141429
2019-11-01,Active2,CAL,11600,11890.6,CAL.NIF50.11600.20191114,304.0,324.85,324.85,20,4125,CAL.NIF50.11600.20191121,0.0,267.1,407.85,0,75,2019-11-14,2019-11-21,-1.0,-0.1778,2,,,1.0,0.0,0.0,0.0,0.0,0.0,120.110488,"2019-11-01 00:00:00: Leg2_Open missing, used Leg2_Settle; 2019-11-01 00:00:00: no open-price ratio (leg open<=0), trade skipped",-103.141429
2019-11-04,Active2,CAL,11600,11941.3,CAL.NIF50.11600.20191114,376.4,372.1,372.1,36,5100,CAL.NIF50.11600.20191121,0.0,267.1,426.85,0,75,2019-11-14,2019-11-21,-1.0,-0.2822,2,,,1.0,0.0,0.0,0.0,0.0,0.0,120.110488,"2019-11-04 00:00:00: Leg2_Open missing, used Leg2_Settle; 2019-11-04 00:00:00: no open-price ratio (leg open<=0), trade skipped",-103.141429
2019-11-05,Active2,CAL,11700,11917.2,CAL.NIF50.11700.20191121,0.0,340.0,324.15,0,75,CAL.NIF50.11700.20191128,366.25,339.85,339.85,2123,405675,2019-11-21,2019-11-28,,-0.0004,2,,,1.0,0.0,0.0,0.0,0.0,0.0,120.110488,"2019-11-05 00:00:00: Leg1_Open missing, used Leg1_Settle; 2019-11-05 00:00:00: no open-price ratio (leg open<=0), trade skipped",-103.141429
2019-11-06,Active2,CAL,11700,11966.05,CAL.NIF50.11700.20191121,240.0,372.0,351.35,7,600,CAL.NIF50.11700.20191128,330.0,370.45,370.45,4244,357600,2019-11-21,2019-11-28,0.375,-0.0042,2,-102.58,,1.0,0.0,0.0,0.0,0.0,0.0,120.110488,"2019-11-06 00:00:00: no open-price ratio (leg open<=0), trade skipped",-103.141429
2019-11-07,Active2,CAL,11700,12012.05,CAL.NIF50.11700.20191121,320.0,353.35,353.35,10,1275,CAL.NIF50.11700.20191128,382.95,397.8,397.8,1797,360750,2019-11-21,2019-11-28,0.1967,0.1258,2,-20.94,,1.0,0.0,0.0,0.0,0.0,0.0,120.110488,"2019-11-07 00:00:00: no open-price ratio (leg open<=0), trade skipped",-103.141429
2019-11-08,Active2,CAL,11800,11908.15,CAL.NIF50.11800.20191121,237.65,194.0,194.0,279,15450,CAL.NIF50.11800.20191128,281.55,243.65,243.65,6674,1470750,2019-11-21,2019-11-28,0.1847,0.2559,2,11.66,0.844077,1.0,-1.0,0.844077,36.84398,-27.002488,9.841492,129.951979,,-93.299937
2019-11-11,Active2,CAL,11700,11913.45,CAL.NIF50.11700.20191121,230.0,257.0,257.0,165,9825,CAL.NIF50.11700.20191128,278.8,306.7,306.7,3095,375825,2019-11-21,2019-11-28,0.2122,0.1934,2,-3.98,0.824964,1.0,-1.0,0.824964,-22.274032,18.987786,-3.286245,126.665734,,-96.586182
2019-11-13,Active2,CAL,11700,11840.45,CAL.NIF50.11700.20191128,264.2,237.4,237.4,2828,400575,CAL.NIF50.11700.20191205,0.0,412.75,288.65,0,0,2019-11-28,2019-12-05,-1.0,0.7386,2,,,1.0,0.0,0.0,0.0,0.0,0.0,126.665734,"2019-11-13 00:00:00: Leg2_Open missing, used Leg2_Settle; 2019-11-13 00:00:00: no open-price ratio (leg open<=0), trade skipped",-96.586182
2019-11-14,Active2,CAL,11600,11872.1,CAL.NIF50.11600.20191128,304.85,333.95,333.95,1475,258600,CAL.NIF50.11600.20191205,0.0,453.65,371.8,0,0,2019-11-28,2019-12-05,-1.0,0.3584,2,,,1.0,0.0,0.0,0.0,0.0,0.0,126.665734,"2019-11-14 00:00:00: Leg2_Open missing, used Leg2_Settle; 2019-11-14 00:00:00: no open-price ratio (leg open<=0), trade skipped",-96.586182
2019-11-15,Active2,CAL,11600,11895.45,CAL.NIF50.11600.20191128,354.0,363.1,363.1,778,254925,CAL.NIF50.11600.20191205,0.0,453.65,381.7,0,0,2019-11-28,2019-12-05,-1.0,0.2494,2,,,1.0,0.0,0.0,0.0,0.0,0.0,126.665734,"2019-11-15 00:00:00: Leg2_Open missing, used Leg2_Settle; 2019-11-15 00:00:00: no open-price ratio (leg open<=0), trade skipped",-96.586182
2019-11-18,Active2,CAL,11600,11884.5,CAL.NIF50.11600.20191128,365.0,343.05,343.05,696,262050,CAL.NIF50.11600.20191205,0.0,453.65,356.25,0,0,2019-11-28,2019-12-05,-1.0,0.3224,2,,,1.0,0.0,0.0,0.0,0.0,0.0,126.665734,"2019-11-18 00:00:00: Leg2_Open missing, used Leg2_Settle; 2019-11-18 00:00:00: no open-price ratio (leg open<=0), trade skipped",-96.586182
2019-11-19,Active2,CAL,11600,11940.1,CAL.NIF50.11600.20191205,0.0,453.65,396.25,0,0,CAL.NIF50.11600.20191212,0.0,389.5,424.3,0,0,2019-12-05,2019-12-12,,-0.1414,2,,,1.0,0.0,0.0,0.0,0.0,0.0,126.665734,"2019-11-19 00:00:00: Leg1_Open missing, used Leg1_Settle; 2019-11-19 00:00:00: Leg2_Open missing, used Leg2_Settle; 2019-11-19 00:00:00: no open-price ratio (leg open<=0), trade skipped",-96.586182
2019-11-20,Active2,CAL,11700,11999.1,CAL.NIF50.11700.20191205,375.0,375.0,356.8,3,225,CAL.NIF50.11700.20191212,0.0,351.3,386.3,0,0,2019-12-05,2019-12-12,-1.0,-0.0632,2,,,1.0,0.0,0.0,0.0,0.0,0.0,126.665734,"2019-11-20 00:00:00: Leg2_Open missing, used Leg2_Settle; 2019-11-20 00:00:00: no open-price ratio (leg open<=0), trade skipped",-96.586182
2019-11-21,Active2,CAL,11700,11968.4,CAL.NIF50.11700.20191205,339.5,318.0,318.0,135,5625,CAL.NIF50.11700.20191212,0.0,351.3,354.65,0,0,2019-12-05,2019-12-12,-1.0,0.1047,2,,,1.0,0.0,0.0,0.0,0.0,0.0,126.665734,"2019-11-21 00:00:00: Leg2_Open missing, used Leg2_Settle; 2019-11-21 00:00:00: no open-price ratio (leg open<=0), trade skipped",-96.586182
2019-11-22,Active2,CAL,11700,11914.4,CAL.NIF50.11700.20191205,285.0,258.0,258.0,30,6450,CAL.NIF50.11700.20191212,0.0,351.3,307.15,0,0,2019-12-05,2019-12-12,-1.0,0.3616,2,,,1.0,0.0,0.0,0.0,0.0,0.0,126.665734,"2019-11-22 00:00:00: Leg2_Open missing, used Leg2_Settle; 2019-11-22 00:00:00: no open-price ratio (leg open<=0), trade skipped",-96.586182
2019-11-25,Active2,CAL,11700,12073.75,CAL.NIF50.11700.20191205,293.75,406.4,406.4,111,6975,CAL.NIF50.11700.20191212,0.0,351.3,430.6,0,0,2019-12-05,2019-12-12,-1.0,-0.1356,2,,,1.0,0.0,0.0,0.0,0.0,0.0,126.665734,"2019-11-25 00:00:00: Leg2_Open missing, used Leg2_Settle; 2019-11-25 00:00:00: no open-price ratio (leg open<=0), trade skipped",-96.586182
2019-11-26,Active2,CAL,11800,12037.7,CAL.NIF50.11800.20191212,0.0,315.95,312.5,0,0,CAL.NIF50.11800.20191219,0.0,409.7,344.3,0,0,2019-12-12,2019-12-19,,0.2967,2,,,1.0,0.0,0.0,0.0,0.0,0.0,126.665734,"2019-11-26 00:00:00: Leg1_Open missing, used Leg1_Settle; 2019-11-26 00:00:00: Leg2_Open missing, used Leg2_Settle; 2019-11-26 00:00:00: no open-price ratio (leg open<=0), trade skipped",-96.586182
2019-11-27,Active2,CAL,11800,12100.7,CAL.NIF50.11800.20191212,0.0,315.95,357.4,0,0,CAL.NIF50.11800.20191219,0.0,409.7,386.55,0,0,2019-12-12,2019-12-19,,0.2967,2,,,1.0,0.0,0.0,0.0,0.0,0.0,126.665734,"2019-11-27 00:00:00: Leg1_Open missing, used Leg1_Settle; 2019-11-27 00:00:00: Leg2_Open missing, used Leg2_Settle; 2019-11-27 00:00:00: no open-price ratio (leg open<=0), trade skipped",-96.586182
2019-11-28,Active2,CAL,11900,12151.15,CAL.NIF50.11900.20191212,275.0,287.5,287.5,5,1125,CAL.NIF50.11900.20191219,0.0,367.05,342.05,0,0,2019-12-12,2019-12-19,-1.0,0.2767,2,,,1.0,0.0,0.0,0.0,0.0,0.0,126.665734,"2019-11-28 00:00:00: Leg2_Open missing, used Leg2_Settle; 2019-11-28 00:00:00: no open-price ratio (leg open<=0), trade skipped",-96.586182
2019-11-29,Active2,CAL,11900,12056.05,CAL.NIF50.11900.20191212,237.95,215.9,215.9,103,2100,CAL.NIF50.11900.20191219,0.0,367.05,268.45,0,0,2019-12-12,2019-12-19,-1.0,0.7001,2,,,1.0,0.0,0.0,0.0,0.0,0.0,126.665734,"2019-11-29 00:00:00: Leg2_Open missing, used Leg2_Settle; 2019-11-29 00:00:00: no open-price ratio (leg open<=0), trade skipped",-96.586182
2019-12-02,Active2,CAL,11800,12048.2,CAL.NIF50.11800.20191212,305.0,291.55,287.6,47,2550,CAL.NIF50.11800.20191219,0.0,409.7,318.9,0,0,2019-12-12,2019-12-19,-1.0,0.4052,2,,,1.0,0.0,0.0,0.0,0.0,0.0,126.665734,"2019-12-02 00:00:00: Leg2_Open missing, used Leg2_Settle; 2019-12-02 00:00:00: no open-price ratio (leg open<=0), trade skipped",-96.586182
2019-12-03,Active2,CAL,11800,11994.2,CAL.NIF50.11800.20191219,0.0,409.7,270.75,0,0,CAL.NIF50.11800.20191226,350.75,315.45,315.45,1075,261150,2019-12-19,2019-12-26,,-0.23,2,,,1.0,0.0,0.0,0.0,0.0,0.0,126.665734,"2019-12-03 00:00:00: Leg1_Open missing, used Leg1_Settle; 2019-12-03 00:00:00: no open-price ratio (leg open<=0), trade skipped",-96.586182
2019-12-04,Active2,CAL,11700,12043.2,CAL.NIF50.11700.20191219,0.0,455.75,387.15,0,0,CAL.NIF50.11700.20191226,361.1,424.55,424.55,1072,286200,2019-12-19,2019-12-26,,-0.0685,2,,,1.0,0.0,0.0,0.0,0.0,0.0,126.665734,"2019-12-04 00:00:00: Leg1_Open missing, used Leg1_Settle; 2019-12-04 00:00:00: no open-price ratio (leg open<=0), trade skipped",-96.586182
2019-12-05,Active2,CAL,11800,12018.4,CAL.NIF50.11800.20191219,0.0,409.7,276.1,0,0,CAL.NIF50.11800.20191226,338.0,299.7,299.7,1862,294750,2019-12-19,2019-12-26,,-0.2685,2,,,1.0,0.0,0.0,0.0,0.0,0.0,126.665734,"2019-12-05 00:00:00: Leg1_Open missing, used Leg1_Settle; 2019-12-05 00:00:00: no open-price ratio (leg open<=0), trade skipped",-96.586182
2019-12-06,Active2,CAL,11800,11921.5,CAL.NIF50.11800.20191219,217.35,195.8,195.8,117,2850,CAL.NIF50.11800.20191226,310.95,233.5,233.5,2849,312750,2019-12-19,2019-12-26,0.4306,0.1925,2,-32.59,,1.0,0.0,0.0,0.0,0.0,0.0,126.665734,"2019-12-06 00:00:00: no open-price ratio (leg open<=0), trade skipped",-96.586182
2019-12-09,Active2,CAL,11700,11937.5,CAL.NIF50.11700.20191219,282.75,274.65,274.65,20,750,CAL.NIF50.11700.20191226,272.35,309.2,309.2,1103,295275,2019-12-19,2019-12-26,-0.0368,0.1258,2,46.36,1.038186,1.0,-1.0,1.038186,8.409308,39.718054,48.127362,174.793096,,-48.45882
2019-12-10,Active2,CAL,11700,11856.8,CAL.NIF50.11700.20191226,306.45,252.65,252.65,1626,307425,CAL.NIF50.11700.20200102,0.0,446.55,265.2,0,0,2019-12-26,2020-01-02,-1.0,0.7675,2,,,1.0,0.0,0.0,0.0,0.0,0.0,174.793096,"2019-12-10 00:00:00: Leg2_Open missing, used Leg2_Settle; 2019-12-10 00:00:00: no open-price ratio (leg open<=0), trade skipped",-48.45882
2019-12-11,Active2,CAL,11600,11910.15,CAL.NIF50.11600.20191226,336.0,368.2,368.2,1011,222825,CAL.NIF50.11600.20200102,0.0,496.4,378.4,0,0,2019-12-26,2020-01-02,-1.0,0.3482,2,,,1.0,0.0,0.0,0.0,0.0,0.0,174.793096,"2019-12-11 00:00:00: Leg2_Open missing, used Leg2_Settle; 2019-12-11 00:00:00: no open-price ratio (leg open<=0), trade skipped",-48.45882
2019-12-12,Active2,CAL,11700,11971.8,CAL.NIF50.11700.20191226,300.0,351.15,351.15,943,309750,CAL.NIF50.11700.20200102,0.0,446.55,343.05,0,0,2019-12-26,2020-01-02,-1.0,0.2717,2,,,1.0,0.0,0.0,0.0,0.0,0.0,174.793096,"2019-12-12 00:00:00: Leg2_Open missing, used Leg2_Settle; 2019-12-12 00:00:00: no open-price ratio (leg open<=0), trade skipped",-48.45882
2019-12-13,Active2,CAL,11700,12086.7,CAL.NIF50.11700.20191226,387.25,455.65,455.65,338,297825,CAL.NIF50.11700.20200102,0.0,446.55,441.15,0,0,2019-12-26,2020-01-02,-1.0,-0.02,2,,,1.0,0.0,0.0,0.0,0.0,0.0,174.793096,"2019-12-13 00:00:00: Leg2_Open missing, used Leg2_Settle; 2019-12-13 00:00:00: no open-price ratio (leg open<=0), trade skipped",-48.45882
2019-12-16,Active2,CAL,11800,12053.95,CAL.NIF50.11800.20191226,361.25,304.9,304.9,2228,332550,CAL.NIF50.11800.20200102,0.0,371.4,315.6,0,75,2019-12-26,2020-01-02,-1.0,0.2181,2,,,1.0,0.0,0.0,0.0,0.0,0.0,174.793096,"2019-12-16 00:00:00: Leg2_Open missing, used Leg2_Settle; 2019-12-16 00:00:00: no open-price ratio (leg open<=0), trade skipped",-48.45882
2019-12-17,Active2,CAL,11800,12165.0,CAL.NIF50.11800.20200102,0.0,371.4,409.7,0,75,CAL.NIF50.11800.20200109,0.0,530.15,433.45,0,0,2020-01-02,2020-01-09,,0.4274,2,,,1.0,0.0,0.0,0.0,0.0,0.0,174.793096,"2019-12-17 00:00:00: Leg1_Open missing, used Leg1_Settle; 2019-12-17 00:00:00: Leg2_Open missing, used Leg2_Settle; 2019-12-17 00:00:00: no open-price ratio (leg open<=0), trade skipped",-48.45882
2019-12-18,Active2,CAL,11900,12221.65,CAL.NIF50.11900.20200102,335.35,361.5,367.45,12,2700,CAL.NIF50.11900.20200109,0.0,469.2,392.65,0,0,2020-01-02,2020-01-09,-1.0,0.2979,2,,,1.0,0.0,0.0,0.0,0.0,0.0,174.793096,"2019-12-18 00:00:00: Leg2_Open missing, used Leg2_Settle; 2019-12-18 00:00:00: no open-price ratio (leg open<=0), trade skipped",-48.45882
2019-12-19,Active2,CAL,12000,12259.7,CAL.NIF50.12000.20200102,253.65,296.1,296.1,307,31350,CAL.NIF50.12000.20200109,0.0,412.75,336.65,0,0,2020-01-02,2020-01-09,-1.0,0.394,2,,,1.0,0.0,0.0,0.0,0.0,0.0,174.793096,"2019-12-19 00:00:00: Leg2_Open missing, used Leg2_Settle; 2019-12-19 00:00:00: no open-price ratio (leg open<=0), trade skipped",-48.45882
2019-12-20,Active2,CAL,12000,12271.8,CAL.NIF50.12000.20200102,288.7,313.85,313.85,235,32475,CAL.NIF50.12000.20200109,0.0,412.75,340.1,0,0,2020-01-02,2020-01-09,-1.0,0.3151,2,,,1.0,0.0,0.0,0.0,0.0,0.0,174.793096,"2019-12-20 00:00:00: Leg2_Open missing, used Leg2_Settle; 2019-12-20 00:00:00: no open-price ratio (leg open<=0), trade skipped",-48.45882
2019-12-23,Active2,CAL,12000,12262.75,CAL.NIF50.12000.20200102,302.3,295.0,295.0,431,38400,CAL.NIF50.12000.20200109,0.0,412.75,319.2,0,0,2020-01-02,2020-01-09,-1.0,0.3992,2,,,1.0,0.0,0.0,0.0,0.0,0.0,174.793096,"2019-12-23 00:00:00: Leg2_Open missing, used Leg2_Settle; 2019-12-23 00:00:00: no open-price ratio (leg open<=0), trade skipped",-48.45882
2019-12-24,Active2,CAL,12000,12214.55,CAL.NIF50.12000.20200109,309.4,309.4,309.4,1,75,CAL.NIF50.12000.20200116,0.0,313.1,300.65,0,0,2020-01-09,2020-01-16,-1.0,0.012,2,,,1.0,0.0,0.0,0.0,0.0,0.0,174.793096,"2019-12-24 00:00:00: Leg2_Open missing, used Leg2_Settle; 2019-12-24 00:00:00: no open-price ratio (leg open<=0), trade skipped",-48.45882
2019-12-26,Active2,CAL,12000,12126.55,CAL.NIF50.12000.20200109,264.1,199.9,199.9,259,6825,CAL.NIF50.12000.20200116,0.0,313.1,229.55,0,0,2020-01-09,2020-01-16,-1.0,0.5663,2,,,1.0,0.0,0.0,0.0,0.0,0.0,174.793096,"2019-12-26 00:00:00: Leg2_Open missing, used Leg2_Settle; 2019-12-26 00:00:00: no open-price ratio (leg open<=0), trade skipped",-48.45882
2019-12-27,Active2,CAL,11900,12245.8,CAL.NIF50.11900.20200109,320.0,393.6,393.6,9,375,CAL.NIF50.11900.20200116,0.0,363.45,403.75,0,0,2020-01-09,2020-01-16,-1.0,-0.0766,2,,,1.0,0.0,0.0,0.0,0.0,0.0,174.793096,"2019-12-27 00:00:00: Leg2_Open missing, used Leg2_Settle; 2019-12-27 00:00:00: no open-price ratio (leg open<=0), trade skipped",-48.45882
2019-12-30,Active2,CAL,12000,12255.85,CAL.NIF50.12000.20200109,302.35,304.9,304.9,40,8475,CAL.NIF50.12000.20200116,400.25,240.7,314.9,2,75,2020-01-09,2020-01-16,0.3238,-0.2106,2,-123.07,0.755403,1.0,-1.0,0.755403,-1.926277,-91.044575,-92.970852,81.822243,,-141.429673
2019-12-31,Active2,CAL,12000,12168.45,CAL.NIF50.12000.20200116,0.0,240.7,243.05,0,75,CAL.NIF50.12000.20200123,0.0,326.9,271.2,0,0,2020-01-16,2020-01-23,,0.3581,2,,,1.0,0.0,0.0,0.0,0.0,0.0,81.822243,"2019-12-31 00:00:00: Leg1_Open missing, used Leg1_Settle; 2019-12-31 00:00:00: Leg2_Open missing, used Leg2_Settle; 2019-12-31 00:00:00: no open-price ratio (leg open<=0), trade skipped",-141.429673
2020-01-01,Active2,CAL,11900,12182.5,CAL.NIF50.11900.20200116,0.0,363.45,328.15,0,0,CAL.NIF50.11900.20200123,0.0,382.95,352.55,0,0,2020-01-16,2020-01-23,,0.0537,2,,,1.0,0.0,0.0,0.0,0.0,0.0,81.822243,"2020-01-01 00:00:00: Leg1_Open missing, used Leg1_Settle; 2020-01-01 00:00:00: Leg2_Open missing, used Leg2_Settle; 2020-01-01 00:00:00: no open-price ratio (leg open<=0), trade skipped",-141.429673
2020-01-02,Active2,CAL,11900,12282.2,CAL.NIF50.11900.20200116,0.0,363.45,416.05,0,0,CAL.NIF50.11900.20200123,0.0,382.95,437.45,0,0,2020-01-16,2020-01-23,,0.0537,2,,,1.0,0.0,0.0,0.0,0.0,0.0,81.822243,"2020-01-02 00:00:00: Leg1_Open missing, used Leg1_Settle; 2020-01-02 00:00:00: Leg2_Open missing, used Leg2_Settle; 2020-01-02 00:00:00: no open-price ratio (leg open<=0), trade skipped",-141.429673
2020-01-03,Active2,CAL,12000,12226.65,CAL.NIF50.12000.20200116,285.05,254.85,254.85,26,525,CAL.NIF50.12000.20200123,0.0,326.9,301.65,0,0,2020-01-16,2020-01-23,-1.0,0.2827,2,,,1.0,0.0,0.0,0.0,0.0,0.0,81.822243,"2020-01-03 00:00:00: Leg2_Open missing, used Leg2_Settle; 2020-01-03 00:00:00: no open-price ratio (leg open<=0), trade skipped",-141.429673
2020-01-06,Active2,CAL,12000,11993.05,CAL.NIF50.12000.20200116,213.3,116.4,116.4,6593,99750,CAL.NIF50.12000.20200123,176.05,154.1,154.1,39,825,2020-01-16,2020-01-23,-0.1746,0.3239,2,70.31,,1.0,0.0,0.0,0.0,0.0,0.0,81.822243,"2020-01-06 00:00:00: no open-price ratio (leg open<=0), trade skipped",-141.429673
2020-01-07,Active2,CAL,11700,12052.95,CAL.NIF50.11700.20200123,0.0,511.25,405.8,0,0,CAL.NIF50.11700.20200130,451.9,452.95,452.95,305,256350,2020-01-23,2020-01-30,,-0.114,2,,,1.0,0.0,0.0,0.0,0.0,0.0,81.822243,"2020-01-07 00:00:00: Leg1_Open missing, used Leg1_Settle; 2020-01-07 00:00:00: no open-price ratio (leg open<=0), trade skipped",-141.429673
2020-01-08,Active2,CAL,11800,12025.35,CAL.NIF50.11800.20200123,0.0,444.45,294.65,0,0,CAL.NIF50.11800.20200130,283.35,345.8,345.8,1692,253125,2020-01-23,2020-01-30,,-0.222,2,,,1.0,0.0,0.0,0.0,0.0,0.0,81.822243,"2020-01-08 00:00:00: Leg1_Open missing, used Leg1_Settle; 2020-01-08 00:00:00: no open-price ratio (leg open<=0), trade skipped",-141.429673
2020-01-09,Active2,CAL,11800,12215.9,CAL.NIF50.11800.20200123,0.0,444.45,459.45,0,0,CAL.NIF50.11800.20200130,400.4,502.5,502.5,727,243900,2020-01-23,2020-01-30,,0.1306,2,,,1.0,0.0,0.0,0.0,0.0,0.0,81.822243,"2020-01-09 00:00:00: Leg1_Open missing, used Leg1_Settle; 2020-01-09 00:00:00: no open-price ratio (leg open<=0), trade skipped",-141.429673
2020-01-10,Active2,CAL,12000,12256.8,CAL.NIF50.12000.20200123,305.0,309.1,309.1,155,10275,CAL.NIF50.12000.20200130,342.4,343.55,343.55,5624,1011525,2020-01-23,2020-01-30,0.1226,0.1115,2,-3.08,0.890771,1.0,-1.0,0.890771,-3.652161,0.912494,-2.739667,79.082576,,-144.16934
2020-01-13,Active2,CAL,12000,12329.55,CAL.NIF50.12000.20200123,361.5,361.05,361.05,58,11700,CAL.NIF50.12000.20200130,370.0,397.65,397.65,2361,960825,2020-01-23,2020-01-30,0.0235,0.1014,2,27.46,0.890771,1.0,-1.0,0.890771,-46.275555,42.926891,-3.348664,75.733912,,-147.518004
2020-01-14,Active2,CAL,12100,12362.3,CAL.NIF50.12100.20200130,294.15,330.9,330.9,3020,678150,CAL.NIF50.12100.20200206,0.0,273.9,366.9,0,0,2020-01-30,2020-02-06,-1.0,-0.1723,2,,,1.0,0.0,0.0,0.0,0.0,0.0,75.733912,"2020-01-14 00:00:00: Leg2_Open missing, used Leg2_Settle; 2020-01-14 00:00:00: no open-price ratio (leg open<=0), trade skipped",-147.518004
2020-01-15,Active2,CAL,12100,12343.3,CAL.NIF50.12100.20200130,302.9,306.8,306.8,3291,560850,CAL.NIF50.12100.20200206,0.0,273.9,344.1,0,0,2020-01-30,2020-02-06,-1.0,-0.1072,2,,,1.0,0.0,0.0,0.0,0.0,0.0,75.733912,"2020-01-15 00:00:00: Leg2_Open missing, used Leg2_Settle; 2020-01-15 00:00:00: no open-price ratio (leg open<=0), trade skipped",-147.518004
2020-01-16,Active2,CAL,12100,12355.5,CAL.NIF50.12100.20200130,315.0,299.4,299.4,1669,529725,CAL.NIF50.12100.20200206,0.0,273.9,345.45,0,0,2020-01-30,2020-02-06,-1.0,-0.0852,2,,,1.0,0.0,0.0,0.0,0.0,0.0,75.733912,"2020-01-16 00:00:00: Leg2_Open missing, used Leg2_Settle; 2020-01-16 00:00:00: no open-price ratio (leg open<=0), trade skipped",-147.518004
2020-01-17,Active2,CAL,12100,12352.35,CAL.NIF50.12100.20200130,275.1,312.85,312.85,1463,501150,CAL.NIF50.12100.20200206,0.0,273.9,335.35,0,0,2020-01-30,2020-02-06,-1.0,-0.1245,2,,,1.0,0.0,0.0,0.0,0.0,0.0,75.733912,"2020-01-17 00:00:00: Leg2_Open missing, used Leg2_Settle; 2020-01-17 00:00:00: no open-price ratio (leg open<=0), trade skipped",-147.518004
2020-01-20,Active2,CAL,12100,12224.55,CAL.NIF50.12100.20200130,322.1,205.0,205.0,3770,518625,CAL.NIF50.12100.20200206,0.0,273.9,232.5,0,0,2020-01-30,2020-02-06,-1.0,0.3361,2,,,1.0,0.0,0.0,0.0,0.0,0.0,75.733912,"2020-01-20 00:00:00: Leg2_Open missing, used Leg2_Settle; 2020-01-20 00:00:00: no open-price ratio (leg open<=0), trade skipped",-147.518004
2020-01-21,Active2,CAL,12000,12169.85,CAL.NIF50.12000.20200206,330.45,307.7,307.7,64,6750,CAL.NIF50.12000.20200213,0.0,288.0,287.75,0,0,2020-02-06,2020-02-13,-1.0,-0.064,2,,,1.0,0.0,0.0,0.0,0.0,0.0,75.733912,"2020-01-21 00:00:00: Leg2_Open missing, used Leg2_Settle; 2020-01-21 00:00:00: no open-price ratio (leg open<=0), trade skipped",-147.518004
2020-01-22,Active2,CAL,11900,12106.9,CAL.NIF50.11900.20200206,0.0,387.4,276.65,0,0,CAL.NIF50.11900.20200213,0.0,345.55,307.15,0,0,2020-02-06,2020-02-13,,-0.108,2,,,1.0,0.0,0.0,0.0,0.0,0.0,75.733912,"2020-01-22 00:00:00: Leg1_Open missing, used Leg1_Settle; 2020-01-22 00:00:00: Leg2_Open missing, used Leg2_Settle; 2020-01-22 00:00:00: no open-price ratio (leg open<=0), trade skipped",-147.518004
2020-01-23,Active2,CAL,11900,12180.35,CAL.NIF50.11900.20200206,0.0,387.4,331.15,0,0,CAL.NIF50.11900.20200213,0.0,345.55,359.45,0,0,2020-02-06,2020-02-13,,-0.108,2,,,1.0,0.0,0.0,0.0,0.0,0.0,75.733912,"2020-01-23 00:00:00: Leg1_Open missing, used Leg1_Settle; 2020-01-23 00:00:00: Leg2_Open missing, used Leg2_Settle; 2020-01-23 00:00:00: no open-price ratio (leg open<=0), trade skipped",-147.518004
2020-01-24,Active2,CAL,11900,12248.25,CAL.NIF50.11900.20200206,389.45,425.0,385.85,34,2400,CAL.NIF50.11900.20200213,0.0,345.55,411.2,0,0,2020-02-06,2020-02-13,-1.0,-0.1869,2,,,1.0,0.0,0.0,0.0,0.0,0.0,75.733912,"2020-01-24 00:00:00: Leg2_Open missing, used Leg2_Settle; 2020-01-24 00:00:00: no open-price ratio (leg open<=0), trade skipped",-147.518004
2020-01-27,Active2,CAL,12000,12119.0,CAL.NIF50.12000.20200206,273.95,249.55,249.55,611,22500,CAL.NIF50.12000.20200213,0.0,288.0,226.75,0,0,2020-02-06,2020-02-13,-1.0,0.1541,2,,,1.0,0.0,0.0,0.0,0.0,0.0,75.733912,"2020-01-27 00:00:00: Leg2_Open missing, used Leg2_Settle; 2020-01-27 00:00:00: no open-price ratio (leg open<=0), trade skipped",-147.518004
2020-01-28,Active2,CAL,11900,12055.8,CAL.NIF50.11900.20200213,0.0,345.55,244.6,0,0,CAL.NIF50.11900.20200220,0.0,555.25,276.2,0,0,2020-02-13,2020-02-20,,0.6069,2,,,1.0,0.0,0.0,0.0,0.0,0.0,75.733912,"2020-01-28 00:00:00: Leg1_Open missing, used Leg1_Settle; 2020-01-28 00:00:00: Leg2_Open missing, used Leg2_Settle; 2020-01-28 00:00:00: no open-price ratio (leg open<=0), trade skipped",-147.518004
2020-01-29,Active2,CAL,11800,12129.5,CAL.NIF50.11800.20200213,0.0,409.4,377.35,0,0,CAL.NIF50.11800.20200220,0.0,634.05,403.6,0,0,2020-02-13,2020-02-20,,0.5487,2,,,1.0,0.0,0.0,0.0,0.0,0.0,75.733912,"2020-01-29 00:00:00: Leg1_Open missing, used Leg1_Settle; 2020-01-29 00:00:00: Leg2_Open missing, used Leg2_Settle; 2020-01-29 00:00:00: no open-price ratio (leg open<=0), trade skipped",-147.518004
2020-01-30,Active2,CAL,11900,12035.8,CAL.NIF50.11900.20200213,0.0,345.55,220.65,0,0,CAL.NIF50.11900.20200220,0.0,555.25,253.95,0,0,2020-02-13,2020-02-20,,0.6069,2,,,1.0,0.0,0.0,0.0,0.0,0.0,75.733912,"2020-01-30 00:00:00: Leg1_Open missing, used Leg1_Settle; 2020-01-30 00:00:00: Leg2_Open missing, used Leg2_Settle; 2020-01-30 00:00:00: no open-price ratio (leg open<=0), trade skipped",-147.518004
2020-01-31,Active2,CAL,11800,11962.1,CAL.NIF50.11800.20200213,315.5,277.8,277.8,22,1050,CAL.NIF50.11800.20200220,0.0,217.8,265.6,0,75,2020-02-13,2020-02-20,-1.0,-0.216,2,,,1.0,0.0,0.0,0.0,0.0,0.0,75.733912,"2020-01-31 00:00:00: Leg2_Open missing, used Leg2_Settle; 2020-01-31 00:00:00: no open-price ratio (leg open<=0), trade skipped",-147.518004
2020-02-03,Active2,CAL,11700,11707.9,CAL.NIF50.11700.20200213,121.7,109.05,109.05,11624,171525,CAL.NIF50.11700.20200220,140.55,139.3,139.3,7,150,2020-02-13,2020-02-20,0.1549,0.2774,2,11.57,0.865884,1.0,-1.0,0.865884,10.953433,-0.937194,10.016239,85.750151,,-137.501765
2020-02-04,Active2,CAL,11500,11979.65,CAL.NIF50.11500.20200220,0.0,265.0,527.25,0,150,CAL.NIF50.11500.20200227,300.5,495.55,495.55,2444,392925,2020-02-20,2020-02-27,,0.87,2,,,1.0,0.0,0.0,0.0,0.0,0.0,85.750151,"2020-02-04 00:00:00: Leg1_Open missing, used Leg1_Settle; 2020-02-04 00:00:00: no open-price ratio (leg open<=0), trade skipped",-137.501765
2020-02-05,Active2,CAL,11700,12089.15,CAL.NIF50.11700.20200220,320.0,375.0,444.8,5,525,CAL.NIF50.11700.20200227,316.7,426.25,426.25,3546,599100,2020-02-20,2020-02-27,-0.0103,0.1367,2,55.69,1.01042,1.0,-1.0,1.01042,-55.573098,111.844907,56.271809,142.02196,,-81.229956
2020-02-06,Active2,CAL,11800,12137.95,CAL.NIF50.11800.20200220,347.0,343.2,395.35,12,1425,CAL.NIF50.11800.20200227,347.0,377.05,377.05,4038,748125,2020-02-20,2020-02-27,0.0,0.0986,2,33.85,1.0,1.0,-1.0,1.0,3.8,30.05,33.85,175.87196,,-47.379956
2020-02-07,Active2,CAL,11900,12098.35,CAL.NIF50.11900.20200220,250.45,231.05,231.05,160,6375,CAL.NIF50.11900.20200227,290.1,258.7,258.7,4309,524550,2020-02-20,2020-02-27,0.1583,0.1197,2,-7.71,0.863323,1.0,-1.0,0.863323,16.748466,-23.403255,-6.654789,169.217171,,-54.034745
2020-02-10,Active2,CAL,11800,12031.5,CAL.NIF50.11800.20200220,250.0,259.65,259.65,59,2475,CAL.NIF50.11800.20200227,313.9,289.5,289.5,4081,614325,2020-02-20,2020-02-27,0.2556,0.115,2,-29.08,0.796432,1.0,-1.0,0.796432,-7.685569,-15.477015,-23.162584,146.054587,,-77.197329
2020-02-11,Active2,CAL,11800,12107.9,CAL.NIF50.11800.20200227,333.2,355.45,355.45,1692,564975,CAL.NIF50.11800.20200305,0.0,640.95,404.05,0,0,2020-02-27,2020-03-05,-1.0,0.8032,2,,,1.0,0.0,0.0,0.0,0.0,0.0,146.054587,"2020-02-11 00:00:00: Leg2_Open missing, used Leg2_Settle; 2020-02-11 00:00:00: no open-price ratio (leg open<=0), trade skipped",-77.197329
2020-02-12,Active2,CAL,11900,12201.2,CAL.NIF50.11900.20200227,294.0,355.0,355.0,2445,445950,CAL.NIF50.11900.20200305,0.0,559.0,394.6,0,0,2020-02-27,2020-03-05,-1.0,0.5746,2,,,1.0,0.0,0.0,0.0,0.0,0.0,146.054587,"2020-02-12 00:00:00: Leg2_Open missing, used Leg2_Settle; 2020-02-12 00:00:00: no open-price ratio (leg open<=0), trade skipped",-77.197329
2020-02-13,Active2,CAL,12000,12174.65,CAL.NIF50.12000.20200227,246.0,220.4,220.4,11930,1038300,CAL.NIF50.12000.20200305,250.5,250.6,293.1,2,225,2020-02-27,2020-03-05,0.0183,0.137,2,25.7,0.982036,1.0,-1.0,0.982036,25.14012,0.096439,25.236559,171.291146,,-51.96077
2020-02-14,Active2,CAL,11900,12113.45,CAL.NIF50.11900.20200227,337.95,264.7,264.7,3926,382125,CAL.NIF50.11900.20200305,309.9,309.9,312.2,4,75,2020-02-27,2020-03-05,-0.083,0.1708,2,73.25,1.090513,1.0,-1.0,1.090513,79.880082,0.0,79.880082,251.171229,,0.0
2020-02-17,Active2,CAL,11900,12045.8,CAL.NIF50.11900.20200227,260.0,216.95,216.95,3584,377100,CAL.NIF50.11900.20200305,276.8,272.65,247.15,12,525,2020-02-27,2020-03-05,0.0646,0.2567,2,39.15,1.090513,1.0,-1.0,1.090513,52.071999,-44.298399,7.7736,258.944829,,0.0
2020-02-18,Active2,CAL,11800,11992.5,CAL.NIF50.11800.20200305,220.0,220.0,272.2,1,75,CAL.NIF50.11800.20200312,0.0,616.95,303.15,0,0,2020-03-05,2020-03-12,-1.0,1.8043,2,,,1.0,0.0,0.0,0.0,0.0,0.0,258.944829,"2020-02-18 00:00:00: Leg2_Open missing, used Leg2_Settle; 2020-02-18 00:00:00: no open-price ratio (leg open<=0), trade skipped",0.0
2020-02-19,Active2,CAL,11700,12125.9,CAL.NIF50.11700.20200305,0.0,727.0,465.25,0,0,CAL.NIF50.11700.20200312,0.0,695.75,488.9,0,0,2020-03-05,2020-03-12,,-0.043,2,,,1.0,0.0,0.0,0.0,0.0,0.0,258.944829,"2020-02-19 00:00:00: Leg1_Open missing, used Leg1_Settle; 2020-02-19 00:00:00: Leg2_Open missing, used Leg2_Settle; 2020-02-19 00:00:00: no open-price ratio (leg open<=0), trade skipped",0.0
2020-02-20,Active2,CAL,11900,12080.85,CAL.NIF50.11900.20200305,266.75,231.35,231.35,128,9525,CAL.NIF50.11900.20200312,0.0,542.45,286.95,0,0,2020-03-05,2020-03-12,-1.0,1.3447,2,,,1.0,0.0,0.0,0.0,0.0,0.0,258.944829,"2020-02-20 00:00:00: Leg2_Open missing, used Leg2_Settle; 2020-02-20 00:00:00: no open-price ratio (leg open<=0), trade skipped",0.0
2020-02-24,Active2,CAL,11800,11829.4,CAL.NIF50.11800.20200305,195.0,148.25,148.25,734,26850,CAL.NIF50.11800.20200312,0.0,616.95,188.15,0,0,2020-03-05,2020-03-12,-1.0,3.1616,2,,,1.0,0.0,0.0,0.0,0.0,0.0,258.944829,"2020-02-24 00:00:00: Leg2_Open missing, used Leg2_Settle; 2020-02-24 00:00:00: no open-price ratio (leg open<=0), trade skipped",0.0
2020-02-25,Active2,CAL,11600,11797.9,CAL.NIF50.11600.20200312,0.0,778.5,285.85,0,0,CAL.NIF50.11600.20200319,0.0,903.05,319.1,0,0,2020-03-12,2020-03-19,,0.16,2,,,1.0,0.0,0.0,0.0,0.0,0.0,258.944829,"2020-02-25 00:00:00: Leg1_Open missing, used Leg1_Settle; 2020-02-25 00:00:00: Leg2_Open missing, used Leg2_Settle; 2020-02-25 00:00:00: no open-price ratio (leg open<=0), trade skipped",0.0
2020-02-26,Active2,CAL,11500,11678.5,CAL.NIF50.11500.20200312,0.0,864.65,266.05,0,0,CAL.NIF50.11500.20200319,0.0,992.75,300.1,0,0,2020-03-12,2020-03-19,,0.1482,2,,,1.0,0.0,0.0,0.0,0.0,0.0,258.944829,"2020-02-26 00:00:00: Leg1_Open missing, used Leg1_Settle; 2020-02-26 00:00:00: Leg2_Open missing, used Leg2_Settle; 2020-02-26 00:00:00: no open-price ratio (leg open<=0), trade skipped",0.0
2020-02-27,Active2,CAL,11400,11633.3,CAL.NIF50.11400.20200312,0.0,953.7,298.45,0,0,CAL.NIF50.11400.20200319,0.0,1084.7,330.4,0,0,2020-03-12,2020-03-19,,0.1374,2,,,1.0,0.0,0.0,0.0,0.0,0.0,258.944829,"2020-02-27 00:00:00: Leg1_Open missing, used Leg1_Settle; 2020-02-27 00:00:00: Leg2_Open missing, used Leg2_Settle; 2020-02-27 00:00:00: no open-price ratio (leg open<=0), trade skipped",0.0
2020-02-28,Active2,CAL,11400,11201.75,CAL.NIF50.11400.20200312,185.0,111.8,111.8,4402,74025,CAL.NIF50.11400.20200319,0.0,1084.7,144.2,0,0,2020-03-12,2020-03-19,-1.0,8.7021,2,,,1.0,0.0,0.0,0.0,0.0,0.0,258.944829,"2020-02-28 00:00:00: Leg2_Open missing, used Leg2_Settle; 2020-02-28 00:00:00: no open-price ratio (leg open<=0), trade skipped",0.0
2020-03-02,Active2,CAL,11000,11132.75,CAL.NIF50.11000.20200312,409.55,285.6,285.6,340,14925,CAL.NIF50.11000.20200319,0.0,1467.25,281.85,0,0,2020-03-12,2020-03-19,-1.0,4.1374,2,,,1.0,0.0,0.0,0.0,0.0,0.0,258.944829,"2020-03-02 00:00:00: Leg2_Open missing, used Leg2_Settle; 2020-03-02 00:00:00: no open-price ratio (leg open<=0), trade skipped",0.0
2020-03-03,Active2,CAL,10900,11303.3,CAL.NIF50.10900.20200319,0.0,1565.05,475.85,0,0,CAL.NIF50.10900.20200326,476.5,541.45,541.45,385,34950,2020-03-19,2020-03-26,,-0.654,2,,,1.0,0.0,0.0,0.0,0.0,0.0,258.944829,"2020-03-03 00:00:00: Leg1_Open missing, used Leg1_Settle; 2020-03-03 00:00:00: no open-price ratio (leg open<=0), trade skipped",0.0
2020-03-04,Active2,CAL,11100,11251.0,CAL.NIF50.11100.20200319,0.0,1370.1,280.3,0,0,CAL.NIF50.11100.20200326,376.85,346.15,346.15,7940,220275,2020-03-19,2020-03-26,,-0.7474,2,,,1.0,0.0,0.0,0.0,0.0,0.0,258.944829,"2020-03-04 00:00:00: Leg1_Open missing, used Leg1_Settle; 2020-03-04 00:00:00: no open-price ratio (leg open<=0), trade skipped",0.0
2020-03-05,Active2,CAL,11000,11269.0,CAL.NIF50.11000.20200319,0.0,1467.25,351.95,0,0,CAL.NIF50.11000.20200326,429.95,405.4,405.4,6348,728400,2020-03-19,2020-03-26,,-0.7237,2,,,1.0,0.0,0.0,0.0,0.0,0.0,258.944829,"2020-03-05 00:00:00: Leg1_Open missing, used Leg1_Settle; 2020-03-05 00:00:00: no open-price ratio (leg open<=0), trade skipped",0.0
2020-03-06,Active2,CAL,11000,10989.45,CAL.NIF50.11000.20200319,182.05,189.25,189.25,3018,37725,CAL.NIF50.11000.20200326,234.95,226.7,226.7,62398,1215000,2020-03-19,2020-03-26,0.2906,0.1979,2,-13.59,,1.0,0.0,0.0,0.0,0.0,0.0,258.944829,"2020-03-06 00:00:00: no open-price ratio (leg open<=0), trade skipped",0.0
2020-03-09,Active2,CAL,10700,10451.45,CAL.NIF50.10700.20200319,252.15,138.9,138.9,5067,80100,CAL.NIF50.10700.20200326,226.7,186.1,186.1,46271,491325,2020-03-19,2020-03-26,-0.1009,0.3398,2,68.09,1.112263,1.0,-1.0,1.112263,125.963774,-50.227428,75.736346,334.681175,,0.0
2020-03-11,Active2,CAL,10200,10458.4,CAL.NIF50.10200.20200326,399.0,444.95,444.95,1071,44325,CAL.NIF50.10200.20200401,0.0,1556.85,440.7,0,0,2020-03-26,2020-04-01,-1.0,2.4989,2,,,1.0,0.0,0.0,0.0,0.0,0.0,334.681175,"2020-03-11 00:00:00: Leg2_Open missing, used Leg2_Settle; 2020-03-11 00:00:00: no open-price ratio (leg open<=0), trade skipped",0.0
2020-03-12,Active2,CAL,10200,9590.15,CAL.NIF50.10200.20200326,200.0,132.1,132.1,35423,322500,CAL.NIF50.10200.20200401,0.0,1556.85,173.65,0,0,2020-03-26,2020-04-01,-1.0,10.7854,2,,,1.0,0.0,0.0,0.0,0.0,0.0,334.681175,"2020-03-12 00:00:00: Leg2_Open missing, used Leg2_Settle; 2020-03-12 00:00:00: no open-price ratio (leg open<=0), trade skipped",0.0
2020-03-13,Active2,CAL,9300,9955.2,CAL.NIF50.9300.20200326,279.55,863.95,863.95,6800,37125,CAL.NIF50.9300.20200401,0.0,1188.6,820.0,0,0,2020-03-26,2020-04-01,-1.0,0.3758,2,,,1.0,0.0,0.0,0.0,0.0,0.0,334.681175,"2020-03-13 00:00:00: Leg2_Open missing, used Leg2_Settle; 2020-03-13 00:00:00: no open-price ratio (leg open<=0), trade skipped",0.0
2020-03-16,Active2,CAL,9700,9197.4,CAL.NIF50.9700.20200326,375.5,275.8,275.8,14485,200625,CAL.NIF50.9700.20200401,0.0,1549.45,220.95,0,0,2020-03-26,2020-04-01,-1.0,4.618,2,,,1.0,0.0,0.0,0.0,0.0,0.0,334.681175,"2020-03-16 00:00:00: Leg2_Open missing, used Leg2_Settle; 2020-03-16 00:00:00: no open-price ratio (leg open<=0), trade skipped",0.0
2020-03-17,Active2,CAL,8900,8967.05,CAL.NIF50.8900.20200401,0.0,775.2,422.7,0,0,CAL.NIF50.8900.20200409,0.0,817.4,517.6,0,0,2020-04-01,2020-04-09,,0.0544,2,,,1.0,0.0,0.0,0.0,0.0,0.0,334.681175,"2020-03-17 00:00:00: Leg1_Open missing, used Leg1_Settle; 2020-03-17 00:00:00: Leg2_Open missing, used Leg2_Settle; 2020-03-17 00:00:00: no open-price ratio (leg open<=0), trade skipped",0.0
2020-03-18,Active2,CAL,8700,8468.8,CAL.NIF50.8700.20200401,0.0,948.15,274.7,0,0,CAL.NIF50.8700.20200409,0.0,982.2,371.0,0,0,2020-04-01,2020-04-09,,0.0359,2,,,1.0,0.0,0.0,0.0,0.0,0.0,334.681175,"2020-03-18 00:00:00: Leg1_Open missing, used Leg1_Settle; 2020-03-18 00:00:00: Leg2_Open missing, used Leg2_Settle; 2020-03-18 00:00:00: no open-price ratio (leg open<=0), trade skipped",0.0
2020-03-19,Active2,CAL,8200,8263.45,CAL.NIF50.8200.20200401,0.0,1419.8,379.35,0,0,CAL.NIF50.8200.20200409,0.0,1437.5,475.5,0,0,2020-04-01,2020-04-09,,0.0125,2,,,1.0,0.0,0.0,0.0,0.0,0.0,334.681175,"2020-03-19 00:00:00: Leg1_Open missing, used Leg1_Settle; 2020-03-19 00:00:00: Leg2_Open missing, used Leg2_Settle; 2020-03-19 00:00:00: no open-price ratio (leg open<=0), trade skipped",0.0
2020-03-20,Active2,CAL,8000,8745.45,CAL.NIF50.8000.20200401,0.0,1262.25,851.55,0,0,CAL.NIF50.8000.20200409,0.0,1314.2,933.7,0,0,2020-04-01,2020-04-09,,0.0412,2,,,1.0,0.0,0.0,0.0,0.0,0.0,334.681175,"2020-03-20 00:00:00: Leg1_Open missing, used Leg1_Settle; 2020-03-20 00:00:00: Leg2_Open missing, used Leg2_Settle; 2020-03-20 00:00:00: no open-price ratio (leg open<=0), trade skipped",0.0
2020-03-23,Active2,CAL,8500,7610.25,CAL.NIF50.8500.20200401,204.95,287.5,287.5,12,525,CAL.NIF50.8500.20200409,0.0,1158.25,212.1,0,0,2020-04-01,2020-04-09,-1.0,3.0287,2,,,1.0,0.0,0.0,0.0,0.0,0.0,334.681175,"2020-03-23 00:00:00: Leg2_Open missing, used Leg2_Settle; 2020-03-23 00:00:00: no open-price ratio (leg open<=0), trade skipped",0.0
2020-03-24,Active2,CAL,7400,7801.05,CAL.NIF50.7400.20200409,0.0,1215.45,720.3,0,0,CAL.NIF50.7400.20200416,0.0,1271.7,815.75,0,0,2020-04-09,2020-04-16,,0.0463,2,,,1.0,0.0,0.0,0.0,0.0,0.0,334.681175,"2020-03-24 00:00:00: Leg1_Open missing, used Leg1_Settle; 2020-03-24 00:00:00: Leg2_Open missing, used Leg2_Settle; 2020-03-24 00:00:00: no open-price ratio (leg open<=0), trade skipped",0.0
2020-03-25,Active2,CAL,7600,8317.85,CAL.NIF50.7600.20200409,0.0,1490.55,951.5,0,0,CAL.NIF50.7600.20200416,0.0,1542.25,1048.15,0,0,2020-04-09,2020-04-16,,0.0347,2,,,1.0,0.0,0.0,0.0,0.0,0.0,334.681175,"2020-03-25 00:00:00: Leg1_Open missing, used Leg1_Settle; 2020-03-25 00:00:00: Leg2_Open missing, used Leg2_Settle; 2020-03-25 00:00:00: no open-price ratio (leg open<=0), trade skipped",0.0
2020-03-26,Active2,CAL,8100,8641.45,CAL.NIF50.8100.20200409,0.0,1533.4,830.7,0,0,CAL.NIF50.8100.20200416,0.0,1550.4,939.9,0,0,2020-04-09,2020-04-16,,0.0111,2,,,1.0,0.0,0.0,0.0,0.0,0.0,334.681175,"2020-03-26 00:00:00: Leg1_Open missing, used Leg1_Settle; 2020-03-26 00:00:00: Leg2_Open missing, used Leg2_Settle; 2020-03-26 00:00:00: no open-price ratio (leg open<=0), trade skipped",0.0
2020-03-27,Active2,CAL,8400,8660.25,CAL.NIF50.8400.20200409,0.0,1249.6,628.8,0,0,CAL.NIF50.8400.20200416,0.0,1273.0,745.4,0,0,2020-04-09,2020-04-16,,0.0187,2,,,1.0,0.0,0.0,0.0,0.0,0.0,334.681175,"2020-03-27 00:00:00: Leg1_Open missing, used Leg1_Settle; 2020-03-27 00:00:00: Leg2_Open missing, used Leg2_Settle; 2020-03-27 00:00:00: no open-price ratio (leg open<=0), trade skipped",0.0
2020-03-30,Active2,CAL,8400,8281.1,CAL.NIF50.8400.20200416,0.0,1273.0,485.5,0,0,CAL.NIF50.8400.20200423,0.0,1296.05,588.8,0,0,2020-04-16,2020-04-23,,0.0181,2,,,1.0,0.0,0.0,0.0,0.0,0.0,334.681175,"2020-03-30 00:00:00: Leg1_Open missing, used Leg1_Settle; 2020-03-30 00:00:00: Leg2_Open missing, used Leg2_Settle; 2020-03-30 00:00:00: no open-price ratio (leg open<=0), trade skipped",0.0
2020-03-31,Active2,CAL,8000,8597.75,CAL.NIF50.8000.20200416,0.0,1360.6,874.95,0,0,CAL.NIF50.8000.20200423,0.0,1405.35,971.35,0,0,2020-04-16,2020-04-23,,0.0329,2,,,1.0,0.0,0.0,0.0,0.0,0.0,334.681175,"2020-03-31 00:00:00: Leg1_Open missing, used Leg1_Settle; 2020-03-31 00:00:00: Leg2_Open missing, used Leg2_Settle; 2020-03-31 00:00:00: no open-price ratio (leg open<=0), trade skipped",0.0
2020-04-01,Active2,CAL,8300,8253.8,CAL.NIF50.8300.20200416,0.0,1363.85,474.75,0,0,CAL.NIF50.8300.20200423,0.0,1384.8,581.2,0,0,2020-04-16,2020-04-23,,0.0154,2,,,1.0,0.0,0.0,0.0,0.0,0.0,334.681175,"2020-04-01 00:00:00: Leg1_Open missing, used Leg1_Settle; 2020-04-01 00:00:00: Leg2_Open missing, used Leg2_Settle; 2020-04-01 00:00:00: no open-price ratio (leg open<=0), trade skipped",0.0
2020-04-03,Active2,CAL,8000,8083.8,CAL.NIF50.8000.20200416,415.75,351.85,351.85,235,8025,CAL.NIF50.8000.20200423,619.65,480.0,589.65,2,0,2020-04-16,2020-04-23,0.4904,0.3642,2,-29.8,0.670943,1.0,-1.0,0.670943,42.873275,-62.865525,-19.99225,314.688925,,-19.99225
2020-04-07,Active2,CAL,7800,8792.2,CAL.NIF50.7800.20200423,0.0,1564.25,1179.9,0,0,CAL.NIF50.7800.20200430,797.05,1220.3,1220.3,83,22275,2020-04-23,2020-04-30,,-0.2199,2,,,1.0,0.0,0.0,0.0,0.0,0.0,314.688925,"2020-04-07 00:00:00: Leg1_Open missing, used Leg1_Settle; 2020-04-07 00:00:00: no open-price ratio (leg open<=0), trade skipped",-19.99225
2020-04-08,Active2,CAL,8500,8748.75,CAL.NIF50.8500.20200423,0.0,1209.4,661.55,0,0,CAL.NIF50.8500.20200430,570.0,583.2,583.2,11580,869325,2020-04-23,2020-04-30,,-0.5178,2,,,1.0,0.0,0.0,0.0,0.0,0.0,314.688925,"2020-04-08 00:00:00: Leg1_Open missing, used Leg1_Settle; 2020-04-08 00:00:00: no open-price ratio (leg open<=0), trade skipped",-19.99225
2020-04-09,Active2,CAL,8500,9111.9,CAL.NIF50.8500.20200423,0.0,1209.4,881.55,0,0,CAL.NIF50.8500.20200430,709.35,795.5,795.5,8038,831000,2020-04-23,2020-04-30,,-0.3422,2,,,1.0,0.0,0.0,0.0,0.0,0.0,314.688925,"2020-04-09 00:00:00: Leg1_Open missing, used Leg1_Settle; 2020-04-09 00:00:00: no open-price ratio (leg open<=0), trade skipped",-19.99225
2020-04-13,Active2,CAL,8900,8993.85,CAL.NIF50.8900.20200423,425.9,356.3,356.3,281,2475,CAL.NIF50.8900.20200430,488.95,446.15,446.15,2975,73350,2020-04-23,2020-04-30,0.148,0.2522,2,32.32,0.87105,1.0,-1.0,0.87105,60.625095,-32.473578,28.151516,342.840441,,0.0
2020-04-15,Active2,CAL,8700,8925.3,CAL.NIF50.8700.20200430,657.4,484.9,484.9,623,146550,CAL.NIF50.8700.20200507,0.0,1100.8,733.4,0,0,2020-04-30,2020-05-07,-1.0,1.2702,2,,,1.0,0.0,0.0,0.0,0.0,0.0,342.840441,"2020-04-15 00:00:00: Leg2_Open missing, used Leg2_Settle; 2020-04-15 00:00:00: no open-price ratio (leg open<=0), trade skipped",0.0
2020-04-16,Active2,CAL,8700,8992.8,CAL.NIF50.8700.20200430,427.1,513.05,513.05,1557,147450,CAL.NIF50.8700.20200507,0.0,1100.8,743.35,0,0,2020-04-30,2020-05-07,-1.0,1.1456,2,,,1.0,0.0,0.0,0.0,0.0,0.0,342.840441,"2020-04-16 00:00:00: Leg2_Open missing, used Leg2_Settle; 2020-04-16 00:00:00: no open-price ratio (leg open<=0), trade skipped",0.0
2020-04-17,Active2,CAL,8700,9266.75,CAL.NIF50.8700.20200430,704.0,710.5,710.5,406,141450,CAL.NIF50.8700.20200507,0.0,1100.8,901.0,0,0,2020-04-30,2020-05-07,-1.0,0.5493,2,,,1.0,0.0,0.0,0.0,0.0,0.0,342.840441,"2020-04-17 00:00:00: Leg2_Open missing, used Leg2_Settle; 2020-04-17 00:00:00: no open-price ratio (leg open<=0), trade skipped",0.0
2020-04-20,Active2,CAL,9000,9261.85,CAL.NIF50.9000.20200430,490.4,409.1,409.1,13410,1368825,CAL.NIF50.9000.20200507,505.0,505.0,660.15,1,375,2020-04-30,2020-05-07,0.0298,0.2344,2,81.3,0.971089,1.0,-1.0,0.971089,78.949545,0.0,78.949545,421.789986,,0.0
2020-04-21,Active2,CAL,9000,8981.45,CAL.NIF50.9000.20200507,337.35,297.85,297.85,112,3825,CAL.NIF50.9000.20200514,0.0,913.5,577.0,0,0,2020-05-07,2020-05-14,-1.0,2.067,2,,,1.0,0.0,0.0,0.0,0.0,0.0,421.789986,"2020-04-21 00:00:00: Leg2_Open missing, used Leg2_Settle; 2020-04-21 00:00:00: no open-price ratio (leg open<=0), trade skipped",0.0
2020-04-22,Active2,CAL,8700,9187.3,CAL.NIF50.8700.20200507,0.0,1100.8,747.25,0,0,CAL.NIF50.8700.20200514,0.0,1128.5,839.6,0,0,2020-05-07,2020-05-14,,0.0252,2,,,1.0,0.0,0.0,0.0,0.0,0.0,421.789986,"2020-04-22 00:00:00: Leg1_Open missing, used Leg1_Settle; 2020-04-22 00:00:00: Leg2_Open missing, used Leg2_Settle; 2020-04-22 00:00:00: no open-price ratio (leg open<=0), trade skipped",0.0
2020-04-23,Active2,CAL,8900,9313.9,CAL.NIF50.8900.20200507,0.0,952.5,680.6,0,0,CAL.NIF50.8900.20200514,0.0,982.75,776.3,0,0,2020-05-07,2020-05-14,,0.0318,2,,,1.0,0.0,0.0,0.0,0.0,0.0,421.789986,"2020-04-23 00:00:00: Leg1_Open missing, used Leg1_Settle; 2020-04-23 00:00:00: Leg2_Open missing, used Leg2_Settle; 2020-04-23 00:00:00: no open-price ratio (leg open<=0), trade skipped",0.0
2020-04-24,Active2,CAL,9100,9154.4,CAL.NIF50.9100.20200507,284.3,268.2,268.2,433,9150,CAL.NIF50.9100.20200514,0.0,847.55,544.7,0,0,2020-05-07,2020-05-14,-1.0,2.1601,2,,,1.0,0.0,0.0,0.0,0.0,0.0,421.789986,"2020-04-24 00:00:00: Leg2_Open missing, used Leg2_Settle; 2020-04-24 00:00:00: no open-price ratio (leg open<=0), trade skipped",0.0
2020-04-27,Active2,CAL,8900,9282.3,CAL.NIF50.8900.20200507,507.3,474.95,474.95,45,2625,CAL.NIF50.8900.20200514,0.0,982.75,680.6,0,0,2020-05-07,2020-05-14,-1.0,1.0692,2,,,1.0,0.0,0.0,0.0,0.0,0.0,421.789986,"2020-04-27 00:00:00: Leg2_Open missing, used Leg2_Settle; 2020-04-27 00:00:00: no open-price ratio (leg open<=0), trade skipped",0.0
2020-04-28,Active2,CAL,9000,9380.9,CAL.NIF50.9000.20200514,0.0,400.05,659.45,0,0,CAL.NIF50.9000.20200521,0.0,651.6,745.05,0,0,2020-05-14,2020-05-21,,0.6288,2,,,1.0,0.0,0.0,0.0,0.0,0.0,421.789986,"2020-04-28 00:00:00: Leg1_Open missing, used Leg1_Settle; 2020-04-28 00:00:00: Leg2_Open missing, used Leg2_Settle; 2020-04-28 00:00:00: no open-price ratio (leg open<=0), trade skipped",0.0
2020-04-29,Active2,CAL,9100,9553.35,CAL.NIF50.9100.20200514,0.0,847.55,691.1,0,0,CAL.NIF50.9100.20200521,0.0,618.6,776.25,0,0,2020-05-14,2020-05-21,,-0.2701,2,,,1.0,0.0,0.0,0.0,0.0,0.0,421.789986,"2020-04-29 00:00:00: Leg1_Open missing, used Leg1_Settle; 2020-04-29 00:00:00: Leg2_Open missing, used Leg2_Settle; 2020-04-29 00:00:00: no open-price ratio (leg open<=0), trade skipped",0.0
2020-04-30,Active2,CAL,9300,9859.9,CAL.NIF50.9300.20200514,0.0,295.0,760.05,0,75,CAL.NIF50.9300.20200521,0.0,556.9,846.1,0,0,2020-05-14,2020-05-21,,0.8878,2,,,1.0,0.0,0.0,0.0,0.0,0.0,421.789986,"2020-04-30 00:00:00: Leg1_Open missing, used Leg1_Settle; 2020-04-30 00:00:00: Leg2_Open missing, used Leg2_Settle; 2020-04-30 00:00:00: no open-price ratio (leg open<=0), trade skipped",0.0
2020-05-04,Active2,CAL,9600,9293.5,CAL.NIF50.9600.20200514,175.0,121.05,121.05,1342,29550,CAL.NIF50.9600.20200521,0.0,300.0,340.85,0,75,2020-05-14,2020-05-21,-1.0,1.4783,2,,,1.0,0.0,0.0,0.0,0.0,0.0,421.789986,"2020-05-04 00:00:00: Leg2_Open missing, used Leg2_Settle; 2020-05-04 00:00:00: no open-price ratio (leg open<=0), trade skipped",0.0
2020-05-05,Active2,CAL,9000,9205.6,CAL.NIF50.9000.20200521,0.0,651.6,548.2,0,0,CAL.NIF50.9000.20200528,619.95,490.9,490.9,3509,522375,2020-05-21,2020-05-28,,-0.2466,2,,,1.0,0.0,0.0,0.0,0.0,0.0,421.789986,"2020-05-05 00:00:00: Leg1_Open missing, used Leg1_Settle; 2020-05-05 00:00:00: no open-price ratio (leg open<=0), trade skipped",0.0
2020-05-06,Active2,CAL,9000,9270.9,CAL.NIF50.9000.20200521,0.0,651.6,563.1,0,0,CAL.NIF50.9000.20200528,482.85,510.25,510.25,6882,535425,2020-05-21,2020-05-28,,-0.2169,2,,,1.0,0.0,0.0,0.0,0.0,0.0,421.789986,"2020-05-06 00:00:00: Leg1_Open missing, used Leg1_Settle; 2020-05-06 00:00:00: no open-price ratio (leg open<=0), trade skipped",0.0
2020-05-07,Active2,CAL,9000,9199.05,CAL.NIF50.9000.20200521,0.0,651.6,493.75,0,0,CAL.NIF50.9000.20200528,444.9,442.15,442.15,6022,581700,2020-05-21,2020-05-28,,-0.3214,2,,,1.0,0.0,0.0,0.0,0.0,0.0,421.789986,"2020-05-07 00:00:00: Leg1_Open missing, used Leg1_Settle; 2020-05-07 00:00:00: no open-price ratio (leg open<=0), trade skipped",0.0
2020-05-08,Active2,CAL,8900,9251.5,CAL.NIF50.8900.20200521,0.0,686.0,564.25,0,0,CAL.NIF50.8900.20200528,590.0,508.15,508.15,74,12975,2020-05-21,2020-05-28,,-0.2593,2,,,1.0,0.0,0.0,0.0,0.0,0.0,421.789986,"2020-05-08 00:00:00: Leg1_Open missing, used Leg1_Settle; 2020-05-08 00:00:00: no open-price ratio (leg open<=0), trade skipped",0.0
2020-05-11,Active2,CAL,9000,9239.2,CAL.NIF50.9000.20200521,441.6,339.6,339.6,258,7575,CAL.NIF50.9000.20200528,455.0,402.6,402.6,5017,591225,2020-05-21,2020-05-28,0.0303,0.1855,2,51.14,0.970549,1.0,-1.0,0.970549,98.996044,-49.359031,49.637013,471.426999,,0.0
2020-05-12,Active2,CAL,9000,9196.55,CAL.NIF50.9000.20200528,339.85,396.55,396.55,14972,626850,CAL.NIF50.9000.20200604,0.0,945.45,560.5,0,0,2020-05-28,2020-06-04,-1.0,1.3842,2,,,1.0,0.0,0.0,0.0,0.0,0.0,471.426999,"2020-05-12 00:00:00: Leg2_Open missing, used Leg2_Settle; 2020-05-12 00:00:00: no open-price ratio (leg open<=0), trade skipped",0.0
2020-05-13,Active2,CAL,8900,9383.55,CAL.NIF50.8900.20200528,834.15,587.0,587.0,121,33825,CAL.NIF50.8900.20200604,0.0,980.4,726.9,0,0,2020-05-28,2020-06-04,-1.0,0.6702,2,,,1.0,0.0,0.0,0.0,0.0,0.0,471.426999,"2020-05-13 00:00:00: Leg2_Open missing, used Leg2_Settle; 2020-05-13 00:00:00: no open-price ratio (leg open<=0), trade skipped",0.0
2020-05-14,Active2,CAL,9100,9142.75,CAL.NIF50.9100.20200528,333.25,273.45,273.45,4622,205725,CAL.NIF50.9100.20200604,0.0,911.55,446.05,0,0,2020-05-28,2020-06-04,-1.0,2.3335,2,,,1.0,0.0,0.0,0.0,0.0,0.0,471.426999,"2020-05-14 00:00:00: Leg2_Open missing, used Leg2_Settle; 2020-05-14 00:00:00: no open-price ratio (leg open<=0), trade skipped",0.0
2020-05-15,Active2,CAL,8900,9136.85,CAL.NIF50.8900.20200528,364.15,383.65,383.65,1633,51975,CAL.NIF50.8900.20200604,0.0,980.4,528.75,0,0,2020-05-28,2020-06-04,-1.0,1.5555,2,,,1.0,0.0,0.0,0.0,0.0,0.0,471.426999,"2020-05-15 00:00:00: Leg2_Open missing, used Leg2_Settle; 2020-05-15 00:00:00: no open-price ratio (leg open<=0), trade skipped",0.0
2020-05-18,Active2,CAL,8900,8823.25,CAL.NIF50.8900.20200528,365.0,194.25,194.25,18762,230325,CAL.NIF50.8900.20200604,0.0,980.4,326.1,0,0,2020-05-28,2020-06-04,-1.0,4.0471,2,,,1.0,0.0,0.0,0.0,0.0,0.0,471.426999,"2020-05-18 00:00:00: Leg2_Open missing, used Leg2_Settle; 2020-05-18 00:00:00: no open-price ratio (leg open<=0), trade skipped",0.0
2020-05-19,Active2,CAL,8600,8879.1,CAL.NIF50.8600.20200604,0.0,1092.25,498.35,0,0,CAL.NIF50.8600.20200611,0.0,1578.1,564.85,0,0,2020-06-04,2020-06-11,,0.4448,2,,,1.0,0.0,0.0,0.0,0.0,0.0,471.426999,"2020-05-19 00:00:00: Leg1_Open missing, used Leg1_Settle; 2020-05-19 00:00:00: Leg2_Open missing, used Leg2_Settle; 2020-05-19 00:00:00: no open-price ratio (leg open<=0), trade skipped",0.0
2020-05-20,Active2,CAL,8600,9066.55,CAL.NIF50.8600.20200604,0.0,1092.25,615.75,0,0,CAL.NIF50.8600.20200611,0.0,1578.1,678.4,0,0,2020-06-04,2020-06-11,,0.4448,2,,,1.0,0.0,0.0,0.0,0.0,0.0,471.426999,"2020-05-20 00:00:00: Leg1_Open missing, used Leg1_Settle; 2020-05-20 00:00:00: Leg2_Open missing, used Leg2_Settle; 2020-05-20 00:00:00: no open-price ratio (leg open<=0), trade skipped",0.0
2020-05-21,Active2,CAL,8800,9106.25,CAL.NIF50.8800.20200604,382.55,382.55,489.65,1,75,CAL.NIF50.8800.20200611,0.0,1481.05,557.45,0,0,2020-06-04,2020-06-11,-1.0,2.8715,2,,,1.0,0.0,0.0,0.0,0.0,0.0,471.426999,"2020-05-21 00:00:00: Leg2_Open missing, used Leg2_Settle; 2020-05-21 00:00:00: no open-price ratio (leg open<=0), trade skipped",0.0
2020-05-22,Active2,CAL,8900,9039.25,CAL.NIF50.8900.20200604,304.5,253.4,253.4,363,9900,CAL.NIF50.8900.20200611,0.0,1434.4,436.8,0,0,2020-06-04,2020-06-11,-1.0,4.6606,2,,,1.0,0.0,0.0,0.0,0.0,0.0,471.426999,"2020-05-22 00:00:00: Leg2_Open missing, used Leg2_Settle; 2020-05-22 00:00:00: no open-price ratio (leg open<=0), trade skipped",0.0
2020-05-26,Active2,CAL,8800,9029.05,CAL.NIF50.8800.20200611,0.0,1481.05,441.1,0,0,CAL.NIF50.8800.20200618,0.0,1358.5,502.9,0,0,2020-06-11,2020-06-18,,-0.0827,2,,,1.0,0.0,0.0,0.0,0.0,0.0,471.426999,"2020-05-26 00:00:00: Leg1_Open missing, used Leg1_Settle; 2020-05-26 00:00:00: Leg2_Open missing, used Leg2_Settle; 2020-05-26 00:00:00: no open-price ratio (leg open<=0), trade skipped",0.0
2020-05-27,Active2,CAL,8800,9314.95,CAL.NIF50.8800.20200611,450.0,450.0,638.5,2,150,CAL.NIF50.8800.20200618,0.0,1358.5,695.6,0,0,2020-06-11,2020-06-18,-1.0,2.0189,2,,,1.0,0.0,0.0,0.0,0.0,0.0,471.426999,"2020-05-27 00:00:00: Leg2_Open missing, used Leg2_Settle; 2020-05-27 00:00:00: no open-price ratio (leg open<=0), trade skipped",0.0
2020-05-28,Active2,CAL,9100,9490.1,CAL.NIF50.9100.20200611,331.05,395.95,395.95,17,1200,CAL.NIF50.9100.20200618,0.0,400.0,604.45,0,75,2020-06-11,2020-06-18,-1.0,0.0102,2,,,1.0,0.0,0.0,0.0,0.0,0.0,471.426999,"2020-05-28 00:00:00: Leg2_Open missing, used Leg2_Settle; 2020-05-28 00:00:00: no open-price ratio (leg open<=0), trade skipped",0.0
2020-05-29,Active2,CAL,9200,9580.3,CAL.NIF50.9200.20200611,320.0,378.15,378.15,63,4350,CAL.NIF50.9200.20200618,0.0,450.0,584.3,0,0,2020-06-11,2020-06-18,-1.0,0.19,2,,,1.0,0.0,0.0,0.0,0.0,0.0,471.426999,"2020-05-29 00:00:00: Leg2_Open missing, used Leg2_Settle; 2020-05-29 00:00:00: no open-price ratio (leg open<=0), trade skipped",0.0
2020-06-01,Active2,CAL,9300,9826.15,CAL.NIF50.9300.20200611,571.8,550.95,550.95,493,23100,CAL.NIF50.9300.20200618,0.0,1143.05,617.3,0,0,2020-06-11,2020-06-18,-1.0,1.0747,2,,,1.0,0.0,0.0,0.0,0.0,0.0,471.426999,"2020-06-01 00:00:00: Leg2_Open missing, used Leg2_Settle; 2020-06-01 00:00:00: no open-price ratio (leg open<=0), trade skipped",0.0
2020-06-02,Active2,CAL,9600,9979.1,CAL.NIF50.9600.20200618,0.0,1028.2,502.7,0,0,CAL.NIF50.9600.20200625,385.45,505.3,505.3,3495,417675,2020-06-18,2020-06-25,,-0.5086,2,,,1.0,0.0,0.0,0.0,0.0,0.0,471.426999,"2020-06-02 00:00:00: Leg1_Open missing, used Leg1_Settle; 2020-06-02 00:00:00: no open-price ratio (leg open<=0), trade skipped",0.0
2020-06-03,Active2,CAL,9700,10061.55,CAL.NIF50.9700.20200618,0.0,285.0,484.0,0,75,CAL.NIF50.9700.20200625,509.9,509.45,509.45,1750,228300,2020-06-18,2020-06-25,,0.7875,2,,,1.0,0.0,0.0,0.0,0.0,0.0,471.426999,"2020-06-03 00:00:00: Leg1_Open missing, used Leg1_Settle; 2020-06-03 00:00:00: no open-price ratio (leg open<=0), trade skipped",0.0
2020-06-04,Active2,CAL,9800,10029.1,CAL.NIF50.9800.20200618,295.65,343.55,343.55,4,150,CAL.NIF50.9800.20200625,419.15,392.85,392.85,4080,458175,2020-06-18,2020-06-25,0.4177,0.1435,2,-66.45,0.705356,1.0,-1.0,0.705356,-33.786556,-13.084965,-46.871521,424.555478,,-46.871521
2020-06-05,Active2,CAL,9800,10142.15,CAL.NIF50.9800.20200618,382.45,431.6,431.6,50,1875,CAL.NIF50.9800.20200625,437.5,472.3,472.3,2472,436800,2020-06-18,2020-06-25,0.1439,0.0943,2,-18.73,0.705356,1.0,-1.0,0.705356,-62.106603,39.528536,-22.578067,401.977411,,-69.449588
2020-06-08,Active2,CAL,9900,10167.45,CAL.NIF50.9900.20200618,445.5,357.4,357.4,86,4875,CAL.NIF50.9900.20200625,585.1,413.0,413.0,3040,395100,2020-06-18,2020-06-25,0.3134,0.1556,2,-42.94,0.761408,1.0,-1.0,0.761408,67.080072,-99.773703,-32.693631,369.28378,,-102.143219
2020-06-09,Active2,CAL,9900,10046.65,CAL.NIF50.9900.20200625,488.35,321.85,321.85,2754,401175,CAL.NIF50.9900.20200702,0.0,1012.2,404.7,0,0,2020-06-25,2020-07-02,-1.0,2.1449,2,,,1.0,0.0,0.0,0.0,0.0,0.0,369.28378,"2020-06-09 00:00:00: Leg2_Open missing, used Leg2_Settle; 2020-06-09 00:00:00: no open-price ratio (leg open<=0), trade skipped",-102.143219
2020-06-10,Active2,CAL,9800,10116.15,CAL.NIF50.9800.20200625,413.45,433.2,433.2,1939,416100,CAL.NIF50.9800.20200702,0.0,1049.9,503.3,0,0,2020-06-25,2020-07-02,-1.0,1.4236,2,,,1.0,0.0,0.0,0.0,0.0,0.0,369.28378,"2020-06-10 00:00:00: Leg2_Open missing, used Leg2_Settle; 2020-06-10 00:00:00: no open-price ratio (leg open<=0), trade skipped",-102.143219
2020-06-11,Active2,CAL,9900,9902.0,CAL.NIF50.9900.20200625,343.2,220.6,220.6,11653,478650,CAL.NIF50.9900.20200702,0.0,1012.2,307.45,0,0,2020-06-25,2020-07-02,-1.0,3.5884,2,,,1.0,0.0,0.0,0.0,0.0,0.0,369.28378,"2020-06-11 00:00:00: Leg2_Open missing, used Leg2_Settle; 2020-06-11 00:00:00: no open-price ratio (leg open<=0), trade skipped",-102.143219
2020-06-12,Active2,CAL,9700,9972.9,CAL.NIF50.9700.20200625,209.9,385.95,385.95,32971,505200,CAL.NIF50.9700.20200702,326.4,429.75,456.4,19,225,2020-06-25,2020-07-02,0.555,0.1135,2,-109.59,0.643076,1.0,-1.0,0.643076,-113.213526,42.740053,-70.473473,298.810306,,-172.616693
2020-06-15,Active2,CAL,9700,9813.7,CAL.NIF50.9700.20200625,330.5,284.25,284.25,18714,566325,CAL.NIF50.9700.20200702,289.55,338.75,338.75,10,300,2020-06-25,2020-07-02,-0.1239,0.1917,2,102.41,0.643076,1.0,-1.0,0.643076,65.400827,-37.632751,27.768076,326.578382,,-144.848617
2020-06-16,Active2,CAL,9600,9914.0,CAL.NIF50.9600.20200702,0.0,1128.85,451.85,0,0,CAL.NIF50.9600.20200709,0.0,858.5,501.65,0,0,2020-07-02,2020-07-09,,-0.2395,2,,,1.0,0.0,0.0,0.0,0.0,0.0,326.578382,"2020-06-16 00:00:00: Leg1_Open missing, used Leg1_Settle; 2020-06-16 00:00:00: Leg2_Open missing, used Leg2_Settle; 2020-06-16 00:00:00: no open-price ratio (leg open<=0), trade skipped",-144.848617
2020-06-17,Active2,CAL,9700,9881.15,CAL.NIF50.9700.20200702,344.8,405.1,355.9,10,750,CAL.NIF50.9700.20200709,0.0,819.85,409.9,0,0,2020-07-02,2020-07-09,-1.0,1.0238,2,,,1.0,0.0,0.0,0.0,0.0,0.0,326.578382,"2020-06-17 00:00:00: Leg2_Open missing, used Leg2_Settle; 2020-06-17 00:00:00: no open-price ratio (leg open<=0), trade skipped",-144.848617
2020-06-18,Active2,CAL,9600,10091.65,CAL.NIF50.9600.20200702,474.0,557.65,557.65,27,150,CAL.NIF50.9600.20200709,0.0,858.5,617.85,0,0,2020-07-02,2020-07-09,-1.0,0.5395,2,,,1.0,0.0,0.0,0.0,0.0,0.0,326.578382,"2020-06-18 00:00:00: Leg2_Open missing, used Leg2_Settle; 2020-06-18 00:00:00: no open-price ratio (leg open<=0), trade skipped",-144.848617
2020-06-19,Active2,CAL,9800,10244.4,CAL.NIF50.9800.20200702,420.95,514.1,514.1,244,54450,CAL.NIF50.9800.20200709,0.0,782.6,580.2,0,0,2020-07-02,2020-07-09,-1.0,0.5223,2,,,1.0,0.0,0.0,0.0,0.0,0.0,326.578382,"2020-06-19 00:00:00: Leg2_Open missing, used Leg2_Settle; 2020-06-19 00:00:00: no open-price ratio (leg open<=0), trade skipped",-144.848617
2020-06-22,Active2,CAL,10000,10311.2,CAL.NIF50.10000.20200702,367.1,382.85,382.85,1189,64350,CAL.NIF50.10000.20200709,0.0,365.0,466.15,0,75,2020-07-02,2020-07-09,-1.0,-0.0466,2,,,1.0,0.0,0.0,0.0,0.0,0.0,326.578382,"2020-06-22 00:00:00: Leg2_Open missing, used Leg2_Settle; 2020-06-22 00:00:00: no open-price ratio (leg open<=0), trade skipped",-144.848617
2020-06-23,Active2,CAL,10100,10471.0,CAL.NIF50.10100.20200709,0.0,679.2,503.4,0,0,CAL.NIF50.10100.20200716,0.0,310.0,554.35,0,0,2020-07-09,2020-07-16,,-0.5436,2,,,1.0,0.0,0.0,0.0,0.0,0.0,326.578382,"2020-06-23 00:00:00: Leg1_Open missing, used Leg1_Settle; 2020-06-23 00:00:00: Leg2_Open missing, used Leg2_Settle; 2020-06-23 00:00:00: no open-price ratio (leg open<=0), trade skipped",-144.848617
2020-06-24,Active2,CAL,10200,10305.3,CAL.NIF50.10200.20200709,410.0,280.0,320.85,4,150,CAL.NIF50.10200.20200716,0.0,501.75,378.35,0,0,2020-07-09,2020-07-16,-1.0,0.792,2,,,1.0,0.0,0.0,0.0,0.0,0.0,326.578382,"2020-06-24 00:00:00: Leg2_Open missing, used Leg2_Settle; 2020-06-24 00:00:00: no open-price ratio (leg open<=0), trade skipped",-144.848617
2020-06-25,Active2,CAL,10100,10288.9,CAL.NIF50.10100.20200709,287.2,314.2,314.2,10,525,CAL.NIF50.10100.20200716,0.0,310.0,417.5,0,0,2020-07-09,2020-07-16,-1.0,-0.0134,2,,,1.0,0.0,0.0,0.0,0.0,0.0,326.578382,"2020-06-25 00:00:00: Leg2_Open missing, used Leg2_Settle; 2020-06-25 00:00:00: no open-price ratio (leg open<=0), trade skipped",-144.848617
2020-06-26,Active2,CAL,10000,10383.0,CAL.NIF50.10000.20200709,402.0,413.7,413.7,420,14925,CAL.NIF50.10000.20200716,0.0,562.8,537.95,0,0,2020-07-09,2020-07-16,-1.0,0.3604,2,,,1.0,0.0,0.0,0.0,0.0,0.0,326.578382,"2020-06-26 00:00:00: Leg2_Open missing, used Leg2_Settle; 2020-06-26 00:00:00: no open-price ratio (leg open<=0), trade skipped",-144.848617
2020-06-29,Active2,CAL,10100,10312.4,CAL.NIF50.10100.20200709,338.0,285.05,285.05,725,28050,CAL.NIF50.10100.20200716,0.0,310.0,400.05,0,0,2020-07-09,2020-07-16,-1.0,0.0875,2,,,1.0,0.0,0.0,0.0,0.0,0.0,326.578382,"2020-06-29 00:00:00: Leg2_Open missing, used Leg2_Settle; 2020-06-29 00:00:00: no open-price ratio (leg open<=0), trade skipped",-144.848617
2020-06-30,Active2,CAL,10100,10302.1,CAL.NIF50.10100.20200716,0.0,310.0,384.5,0,0,CAL.NIF50.10100.20200723,0.0,464.1,438.55,0,0,2020-07-16,2020-07-23,,0.4971,2,,,1.0,0.0,0.0,0.0,0.0,0.0,326.578382,"2020-06-30 00:00:00: Leg1_Open missing, used Leg1_Settle; 2020-06-30 00:00:00: Leg2_Open missing, used Leg2_Settle; 2020-06-30 00:00:00: no open-price ratio (leg open<=0), trade skipped",-144.848617
2020-07-01,Active2,CAL,10100,10430.05,CAL.NIF50.10100.20200716,0.0,310.0,463.25,0,0,CAL.NIF50.10100.20200723,0.0,464.1,515.65,0,0,2020-07-16,2020-07-23,,0.4971,2,,,1.0,0.0,0.0,0.0,0.0,0.0,326.578382,"2020-07-01 00:00:00: Leg1_Open missing, used Leg1_Settle; 2020-07-01 00:00:00: Leg2_Open missing, used Leg2_Settle; 2020-07-01 00:00:00: no open-price ratio (leg open<=0), trade skipped",-144.848617
2020-07-02,Active2,CAL,10200,10551.7,CAL.NIF50.10200.20200716,396.4,419.0,472.7,4,375,CAL.NIF50.10200.20200723,0.0,335.0,526.1,0,150,2020-07-16,2020-07-23,-1.0,-0.2005,2,,,1.0,0.0,0.0,0.0,0.0,0.0,326.578382,"2020-07-02 00:00:00: Leg2_Open missing, used Leg2_Settle; 2020-07-02 00:00:00: no open-price ratio (leg open<=0), trade skipped",-144.848617
2020-07-03,Active2,CAL,10300,10607.35,CAL.NIF50.10300.20200716,368.0,359.7,359.7,75,4275,CAL.NIF50.10300.20200723,0.0,367.45,490.1,0,75,2020-07-16,2020-07-23,-1.0,0.0215,2,,,1.0,0.0,0.0,0.0,0.0,0.0,326.578382,"2020-07-03 00:00:00: Leg2_Open missing, used Leg2_Settle; 2020-07-03 00:00:00: no open-price ratio (leg open<=0), trade skipped",-144.848617
2020-07-06,Active2,CAL,10400,10763.65,CAL.NIF50.10400.20200716,353.95,403.95,403.95,472,36375,CAL.NIF50.10400.20200723,0.0,383.5,509.1,0,0,2020-07-16,2020-07-23,-1.0,-0.0506,2,,,1.0,0.0,0.0,0.0,0.0,0.0,326.578382,"2020-07-06 00:00:00: Leg2_Open missing, used Leg2_Settle; 2020-07-06 00:00:00: no open-price ratio (leg open<=0), trade skipped",-144.848617
2020-07-07,Active2,CAL,10500,10799.65,CAL.NIF50.10500.20200723,325.0,371.65,371.65,115,5550,CAL.NIF50.10500.20200730,425.55,407.8,407.8,10544,1090650,2020-07-23,2020-07-30,0.3094,0.0973,2,-60.21,0.763718,1.0,-1.0,0.763718,-35.627423,-10.352945,-45.980368,280.598014,,-190.828985
2020-07-08,Active2,CAL,10500,10705.75,CAL.NIF50.10500.20200723,386.2,312.9,312.9,78,4125,CAL.NIF50.10500.20200730,416.9,363.7,363.7,7877,1037550,2020-07-23,2020-07-30,0.0795,0.1624,2,24.02,0.763718,1.0,-1.0,0.763718,44.868406,-25.721964,19.146442,299.744456,,-171.682543
2020-07-09,Active2,CAL,10500,10813.45,CAL.NIF50.10500.20200723,339.1,401.05,401.05,48,3450,CAL.NIF50.10500.20200730,384.8,439.2,439.2,5241,999750,2020-07-23,2020-07-30,0.1348,0.0951,2,-14.01,0.763718,1.0,-1.0,0.763718,-67.321701,44.036469,-23.285233,276.459224,,-194.967776
2020-07-10,Active2,CAL,10600,10768.05,CAL.NIF50.10600.20200723,284.4,266.95,266.95,115,5175,CAL.NIF50.10600.20200730,336.05,314.8,314.8,4991,471825,2020-07-23,2020-07-30,0.1816,0.1792,2,-0.53,0.846303,1.0,-1.0,0.846303,14.767981,-15.219848,-0.451867,276.007356,,-195.419643
2020-07-13,Active2,CAL,10500,10802.7,CAL.NIF50.10500.20200723,383.4,355.4,355.4,221,9225,CAL.NIF50.10500.20200730,427.95,399.15,399.15,4725,936450,2020-07-23,2020-07-30,0.1162,0.1231,2,2.2,0.895899,1.0,-1.0,0.895899,25.085174,-23.115891,1.969282,277.976639,,-193.450361
2020-07-14,Active2,CAL,10600,10607.35,CAL.NIF50.10600.20200730,286.2,220.1,220.1,23842,743325,CAL.NIF50.10600.20200806,360.0,360.0,335.45,1,75,2020-07-30,2020-08-06,0.2579,0.6356,2,66.1,0.795,1.0,-1.0,0.795,52.5495,0.0,52.5495,330.526139,,-140.900861
2020-07-15,Active2,CAL,10400,10618.2,CAL.NIF50.10400.20200730,338.0,334.1,334.1,2311,446175,CAL.NIF50.10400.20200806,0.0,492.7,444.6,0,0,2020-07-30,2020-08-06,-1.0,0.4747,2,,,1.0,0.0,0.0,0.0,0.0,0.0,330.526139,"2020-07-15 00:00:00: Leg2_Open missing, used Leg2_Settle; 2020-07-15 00:00:00: no open-price ratio (leg open<=0), trade skipped",-140.900861
2020-07-16,Active2,CAL,10400,10739.95,CAL.NIF50.10400.20200730,349.4,392.95,392.95,2106,453450,CAL.NIF50.10400.20200806,0.0,492.7,518.3,0,0,2020-07-30,2020-08-06,-1.0,0.2538,2,,,1.0,0.0,0.0,0.0,0.0,0.0,330.526139,"2020-07-16 00:00:00: Leg2_Open missing, used Leg2_Settle; 2020-07-16 00:00:00: no open-price ratio (leg open<=0), trade skipped",-140.900861
2020-07-17,Active2,CAL,10500,10901.7,CAL.NIF50.10500.20200730,342.0,454.0,454.0,6816,797700,CAL.NIF50.10500.20200806,0.0,454.4,557.5,0,0,2020-07-30,2020-08-06,-1.0,0.0009,2,,,1.0,0.0,0.0,0.0,0.0,0.0,330.526139,"2020-07-17 00:00:00: Leg2_Open missing, used Leg2_Settle; 2020-07-17 00:00:00: no open-price ratio (leg open<=0), trade skipped",-140.900861
2020-07-20,Active2,CAL,10700,11022.2,CAL.NIF50.10700.20200730,340.1,369.7,369.7,7181,668175,CAL.NIF50.10700.20200806,365.55,408.05,408.05,148,1350,2020-07-30,2020-08-06,0.0748,0.1037,2,9.94,0.930379,1.0,-1.0,0.930379,-27.539215,36.788207,9.248992,339.77513,,-131.651869
2020-07-21,Active2,CAL,10800,11162.25,CAL.NIF50.10800.20200806,401.45,449.15,449.15,184,3750,CAL.NIF50.10800.20200813,0.0,304.15,558.75,0,75,2020-08-06,2020-08-13,-1.0,-0.3228,2,,,1.0,0.0,0.0,0.0,0.0,0.0,339.77513,"2020-07-21 00:00:00: Leg2_Open missing, used Leg2_Settle; 2020-07-21 00:00:00: no open-price ratio (leg open<=0), trade skipped",-131.651869
2020-07-22,Active2,CAL,10900,11132.6,CAL.NIF50.10900.20200806,354.95,333.95,333.95,103,5325,CAL.NIF50.10900.20200813,0.0,400.0,466.65,0,75,2020-08-06,2020-08-13,-1.0,0.1978,2,,,1.0,0.0,0.0,0.0,0.0,0.0,339.77513,"2020-07-22 00:00:00: Leg2_Open missing, used Leg2_Settle; 2020-07-22 00:00:00: no open-price ratio (leg open<=0), trade skipped",-131.651869
2020-07-23,Active2,CAL,10900,11215.45,CAL.NIF50.10900.20200806,335.95,386.1,386.1,211,10650,CAL.NIF50.10900.20200813,0.0,400.0,513.2,0,75,2020-08-06,2020-08-13,-1.0,0.036,2,,,1.0,0.0,0.0,0.0,0.0,0.0,339.77513,"2020-07-23 00:00:00: Leg2_Open missing, used Leg2_Settle; 2020-07-23 00:00:00: no open-price ratio (leg open<=0), trade skipped",-131.651869
2020-07-24,Active2,CAL,11000,11194.15,CAL.NIF50.11000.20200806,248.65,281.05,281.05,2082,63600,CAL.NIF50.11000.20200813,319.95,337.6,337.6,73,2925,2020-08-06,2020-08-13,0.2867,0.2012,2,-18.68,0.777153,1.0,-1.0,0.777153,-25.179747,10.660005,-14.519742,325.255388,,-146.171611
2020-07-27,Active2,CAL,10900,11131.8,CAL.NIF50.10900.20200806,352.7,301.25,301.25,431,14025,CAL.NIF50.10900.20200813,0.0,400.0,423.95,0,75,2020-08-06,2020-08-13,-1.0,0.3278,2,,,1.0,0.0,0.0,0.0,0.0,0.0,325.255388,"2020-07-27 00:00:00: Leg2_Open missing, used Leg2_Settle; 2020-07-27 00:00:00: no open-price ratio (leg open<=0), trade skipped",-146.171611
2020-07-28,Active2,CAL,10900,11300.55,CAL.NIF50.10900.20200813,423.95,350.0,533.2,4,225,CAL.NIF50.10900.20200820,0.0,336.6,585.6,0,0,2020-08-13,2020-08-20,-1.0,-0.0383,2,,,1.0,0.0,0.0,0.0,0.0,0.0,325.255388,"2020-07-28 00:00:00: Leg2_Open missing, used Leg2_Settle; 2020-07-28 00:00:00: no open-price ratio (leg open<=0), trade skipped",-146.171611
2020-07-29,Active2,CAL,11100,11202.85,CAL.NIF50.11100.20200813,349.65,265.45,265.45,84,7800,CAL.NIF50.11100.20200820,0.0,281.5,390.4,0,0,2020-08-13,2020-08-20,-1.0,0.0605,2,,,1.0,0.0,0.0,0.0,0.0,0.0,325.255388,"2020-07-29 00:00:00: Leg2_Open missing, used Leg2_Settle; 2020-07-29 00:00:00: no open-price ratio (leg open<=0), trade skipped",-146.171611
2020-07-30,Active2,CAL,11000,11102.15,CAL.NIF50.11000.20200813,340.8,244.05,244.05,282,13650,CAL.NIF50.11000.20200820,297.95,297.95,378.55,1,75,2020-08-13,2020-08-20,-0.1257,0.2209,2,96.75,1.143816,1.0,-1.0,1.143816,110.664205,0.0,110.664205,435.919594,,-35.507405
2020-07-31,Active2,CAL,10900,11073.45,CAL.NIF50.10900.20200813,300.6,292.3,292.3,244,5100,CAL.NIF50.10900.20200820,0.0,336.6,409.65,0,0,2020-08-13,2020-08-20,-1.0,0.1516,2,,,1.0,0.0,0.0,0.0,0.0,0.0,435.919594,"2020-07-31 00:00:00: Leg2_Open missing, used Leg2_Settle; 2020-07-31 00:00:00: no open-price ratio (leg open<=0), trade skipped",-35.507405
2020-08-03,Active2,CAL,10800,10891.6,CAL.NIF50.10800.20200813,293.65,225.65,225.65,1549,55875,CAL.NIF50.10800.20200820,0.0,367.25,333.0,0,0,2020-08-13,2020-08-20,-1.0,0.6275,2,,,1.0,0.0,0.0,0.0,0.0,0.0,435.919594,"2020-08-03 00:00:00: Leg2_Open missing, used Leg2_Settle; 2020-08-03 00:00:00: no open-price ratio (leg open<=0), trade skipped",-35.507405
2020-08-04,Active2,CAL,10600,11095.25,CAL.NIF50.10600.20200820,0.0,435.1,598.15,0,0,CAL.NIF50.10600.20200827,458.6,577.5,577.5,588,102375,2020-08-20,2020-08-27,,0.3273,2,,,1.0,0.0,0.0,0.0,0.0,0.0,435.919594,"2020-08-04 00:00:00: Leg1_Open missing, used Leg1_Settle; 2020-08-04 00:00:00: no open-price ratio (leg open<=0), trade skipped",-35.507405
2020-08-05,Active2,CAL,10800,11101.65,CAL.NIF50.10800.20200820,0.0,367.25,449.4,0,0,CAL.NIF50.10800.20200827,450.45,429.95,429.95,1399,327300,2020-08-20,2020-08-27,,0.1707,2,,,1.0,0.0,0.0,0.0,0.0,0.0,435.919594,"2020-08-05 00:00:00: Leg1_Open missing, used Leg1_Settle; 2020-08-05 00:00:00: no open-price ratio (leg open<=0), trade skipped",-35.507405
2020-08-06,Active2,CAL,10900,11200.15,CAL.NIF50.10900.20200820,417.0,417.0,441.5,1,3225,CAL.NIF50.10900.20200827,374.55,407.15,407.15,1493,236175,2020-08-20,2020-08-27,-0.1018,-0.0236,2,36.29,1.113336,1.0,-1.0,1.113336,0.0,40.408256,40.408256,476.32785,,0.0
2020-08-07,Active2,CAL,11000,11214.05,CAL.NIF50.11000.20200820,269.45,294.05,294.05,361,12225,CAL.NIF50.11000.20200827,300.0,346.65,346.65,10240,1073325,2020-08-20,2020-08-27,0.1134,0.1789,2,17.3,0.898167,1.0,-1.0,0.898167,-22.0949,37.632712,15.537812,491.865662,,0.0
2020-08-10,Active2,CAL,11000,11270.15,CAL.NIF50.11000.20200820,325.0,333.3,333.3,479,17700,CAL.NIF50.11000.20200827,355.0,381.4,381.4,6958,951225,2020-08-20,2020-08-27,0.0923,0.1443,2,15.87,0.898167,1.0,-1.0,0.898167,-35.253042,28.032942,-7.2201,484.645562,,-7.2201
2020-08-11,Active2,CAL,11000,11322.5,CAL.NIF50.11000.20200827,422.2,411.2,411.2,4987,885075,CAL.NIF50.11000.20200903,0.0,476.0,528.7,0,0,2020-08-27,2020-09-03,-1.0,0.1576,2,,,1.0,0.0,0.0,0.0,0.0,0.0,484.645562,"2020-08-11 00:00:00: Leg2_Open missing, used Leg2_Settle; 2020-08-11 00:00:00: no open-price ratio (leg open<=0), trade skipped",-7.2201
2020-08-12,Active2,CAL,11100,11308.4,CAL.NIF50.11100.20200827,225.0,307.2,307.2,3531,441900,CAL.NIF50.11100.20200903,0.0,439.15,448.45,0,0,2020-08-27,2020-09-03,-1.0,0.4295,2,,,1.0,0.0,0.0,0.0,0.0,0.0,484.645562,"2020-08-12 00:00:00: Leg2_Open missing, used Leg2_Settle; 2020-08-12 00:00:00: no open-price ratio (leg open<=0), trade skipped",-7.2201
2020-08-13,Active2,CAL,11100,11300.45,CAL.NIF50.11100.20200827,313.85,297.1,297.1,3828,428100,CAL.NIF50.11100.20200903,0.0,439.15,434.95,0,0,2020-08-27,2020-09-03,-1.0,0.4781,2,,,1.0,0.0,0.0,0.0,0.0,0.0,484.645562,"2020-08-13 00:00:00: Leg2_Open missing, used Leg2_Settle; 2020-08-13 00:00:00: no open-price ratio (leg open<=0), trade skipped",-7.2201
2020-08-14,Active2,CAL,11100,11178.4,CAL.NIF50.11100.20200827,301.15,212.75,212.75,11295,453000,CAL.NIF50.11100.20200903,0.0,439.15,353.4,0,0,2020-08-27,2020-09-03,-1.0,1.0642,2,,,1.0,0.0,0.0,0.0,0.0,0.0,484.645562,"2020-08-14 00:00:00: Leg2_Open missing, used Leg2_Settle; 2020-08-14 00:00:00: no open-price ratio (leg open<=0), trade skipped",-7.2201
2020-08-17,Active2,CAL,10900,11247.1,CAL.NIF50.10900.20200827,390.55,407.1,407.1,605,213825,CAL.NIF50.10900.20200903,0.0,515.1,495.95,0,0,2020-08-27,2020-09-03,-1.0,0.2653,2,,,1.0,0.0,0.0,0.0,0.0,0.0,484.645562,"2020-08-17 00:00:00: Leg2_Open missing, used Leg2_Settle; 2020-08-17 00:00:00: no open-price ratio (leg open<=0), trade skipped",-7.2201
2020-08-18,Active2,CAL,11000,11385.35,CAL.NIF50.11000.20200903,364.25,452.0,517.75,96,7350,CAL.NIF50.11000.20200910,0.0,594.05,569.5,0,0,2020-09-03,2020-09-10,-1.0,0.3143,2,,,1.0,0.0,0.0,0.0,0.0,0.0,484.645562,"2020-08-18 00:00:00: Leg2_Open missing, used Leg2_Settle; 2020-08-18 00:00:00: no open-price ratio (leg open<=0), trade skipped",-7.2201
2020-08-19,Active2,CAL,11100,11408.4,CAL.NIF50.11100.20200903,367.65,383.05,455.75,6,825,CAL.NIF50.11100.20200910,0.0,550.95,510.95,0,0,2020-09-03,2020-09-10,-1.0,0.4383,2,,,1.0,0.0,0.0,0.0,0.0,0.0,484.645562,"2020-08-19 00:00:00: Leg2_Open missing, used Leg2_Settle; 2020-08-19 00:00:00: no open-price ratio (leg open<=0), trade skipped",-7.2201
2020-08-20,Active2,CAL,11200,11312.2,CAL.NIF50.11200.20200903,225.7,222.35,222.35,318,14475,CAL.NIF50.11200.20200910,0.0,510.25,381.3,0,0,2020-09-03,2020-09-10,-1.0,1.2948,2,,,1.0,0.0,0.0,0.0,0.0,0.0,484.645562,"2020-08-20 00:00:00: Leg2_Open missing, used Leg2_Settle; 2020-08-20 00:00:00: no open-price ratio (leg open<=0), trade skipped",-7.2201
2020-08-21,Active2,CAL,11100,11371.6,CAL.NIF50.11100.20200903,334.8,330.4,330.4,95,2775,CAL.NIF50.11100.20200910,0.0,550.95,469.95,0,0,2020-09-03,2020-09-10,-1.0,0.6675,2,,,1.0,0.0,0.0,0.0,0.0,0.0,484.645562,"2020-08-21 00:00:00: Leg2_Open missing, used Leg2_Settle; 2020-08-21 00:00:00: no open-price ratio (leg open<=0), trade skipped",-7.2201
2020-08-24,Active2,CAL,11100,11466.45,CAL.NIF50.11100.20200903,357.7,400.05,400.05,175,6600,CAL.NIF50.11100.20200910,0.0,550.95,512.0,0,0,2020-09-03,2020-09-10,-1.0,0.3772,2,,,1.0,0.0,0.0,0.0,0.0,0.0,484.645562,"2020-08-24 00:00:00: Leg2_Open missing, used Leg2_Settle; 2020-08-24 00:00:00: no open-price ratio (leg open<=0), trade skipped",-7.2201
2020-08-25,Active2,CAL,11200,11472.25,CAL.NIF50.11200.20200910,320.95,355.15,355.15,2,225,CAL.NIF50.11200.20200917,0.0,471.55,494.3,0,0,2020-09-10,2020-09-17,-1.0,0.3277,2,,,1.0,0.0,0.0,0.0,0.0,0.0,484.645562,"2020-08-25 00:00:00: Leg2_Open missing, used Leg2_Settle; 2020-08-25 00:00:00: no open-price ratio (leg open<=0), trade skipped",-7.2201
2020-08-26,Active2,CAL,11200,11549.6,CAL.NIF50.11200.20200910,282.75,377.7,377.7,4,300,CAL.NIF50.11200.20200917,0.0,471.55,538.85,0,0,2020-09-10,2020-09-17,-1.0,0.2485,2,,,1.0,0.0,0.0,0.0,0.0,0.0,484.645562,"2020-08-26 00:00:00: Leg2_Open missing, used Leg2_Settle; 2020-08-26 00:00:00: no open-price ratio (leg open<=0), trade skipped",-7.2201
2020-08-27,Active2,CAL,11300,11559.25,CAL.NIF50.11300.20200910,335.0,328.8,328.8,11,1500,CAL.NIF50.11300.20200917,0.0,434.95,472.15,0,0,2020-09-10,2020-09-17,-1.0,0.3228,2,,,1.0,0.0,0.0,0.0,0.0,0.0,484.645562,"2020-08-27 00:00:00: Leg2_Open missing, used Leg2_Settle; 2020-08-27 00:00:00: no open-price ratio (leg open<=0), trade skipped",-7.2201
2020-08-28,Active2,CAL,11300,11647.6,CAL.NIF50.11300.20200910,371.0,403.15,467.35,8,1425,CAL.NIF50.11300.20200917,0.0,434.95,524.0,0,0,2020-09-10,2020-09-17,-1.0,0.0789,2,,,1.0,0.0,0.0,0.0,0.0,0.0,484.645562,"2020-08-28 00:00:00: Leg2_Open missing, used Leg2_Settle; 2020-08-28 00:00:00: no open-price ratio (leg open<=0), trade skipped",-7.2201
2020-08-31,Active2,CAL,11400,11387.5,CAL.NIF50.11400.20200910,396.65,180.25,180.25,4348,96600,CAL.NIF50.11400.20200917,391.95,228.4,228.4,44,1425,2020-09-10,2020-09-17,-0.0118,0.2671,2,50.89,1.011991,1.0,-1.0,1.011991,218.994923,-167.49588,51.499043,536.144605,,0.0
2020-09-01,Active2,CAL,11100,11470.25,CAL.NIF50.11100.20200917,0.0,510.45,504.7,0,0,CAL.NIF50.11100.20200924,444.75,511.85,511.85,669,68925,2020-09-17,2020-09-24,,0.0027,2,,,1.0,0.0,0.0,0.0,0.0,0.0,536.144605,"2020-09-01 00:00:00: Leg1_Open missing, used Leg1_Settle; 2020-09-01 00:00:00: no open-price ratio (leg open<=0), trade skipped",0.0
2020-09-02,Active2,CAL,11200,11535.0,CAL.NIF50.11200.20200917,0.0,471.55,472.7,0,0,CAL.NIF50.11200.20200924,421.7,458.55,458.55,837,306225,2020-09-17,2020-09-24,,-0.0276,2,,,1.0,0.0,0.0,0.0,0.0,0.0,536.144605,"2020-09-02 00:00:00: Leg1_Open missing, used Leg1_Settle; 2020-09-02 00:00:00: no open-price ratio (leg open<=0), trade skipped",0.0
2020-09-03,Active2,CAL,11300,11527.45,CAL.NIF50.11300.20200917,340.0,350.0,391.15,5,750,CAL.NIF50.11300.20200924,398.3,362.3,362.3,1935,245250,2020-09-17,2020-09-24,0.1715,0.0351,2,-40.73,0.853628,1.0,-1.0,0.853628,-8.536279,-26.232502,-34.768782,501.375823,,-34.768782
2020-09-04,Active2,CAL,11300,11333.85,CAL.NIF50.11300.20200917,211.4,198.85,198.85,1357,18225,CAL.NIF50.11300.20200924,267.95,246.95,246.95,11489,330750,2020-09-17,2020-09-24,0.2675,0.2419,2,-4.02,0.853628,1.0,-1.0,0.853628,129.02586,-84.05331,44.97255,546.348373,,0.0
2020-09-07,Active2,CAL,11100,11355.05,CAL.NIF50.11100.20200917,321.95,325.6,325.6,274,5850,CAL.NIF50.11100.20200924,362.45,375.2,375.2,1101,72300,2020-09-17,2020-09-24,0.1258,0.1523,2,7.68,0.88826,1.0,-1.0,0.88826,-3.242151,10.059834,6.817684,553.166057,,0.0
2020-09-08,Active2,CAL,11100,11317.35,CAL.NIF50.11100.20200924,350.2,343.2,343.2,623,75825,CAL.NIF50.11100.20201001,0.0,792.3,450.85,0,0,2020-09-24,2020-10-01,-1.0,1.3086,2,,,1.0,0.0,0.0,0.0,0.0,0.0,553.166057,"2020-09-08 00:00:00: Leg2_Open missing, used Leg2_Settle; 2020-09-08 00:00:00: no open-price ratio (leg open<=0), trade skipped",0.0
2020-09-09,Active2,CAL,11100,11278.0,CAL.NIF50.11100.20200924,288.95,321.0,321.0,2376,90750,CAL.NIF50.11100.20201001,0.0,792.3,418.1,0,0,2020-09-24,2020-10-01,-1.0,1.4682,2,,,1.0,0.0,0.0,0.0,0.0,0.0,553.166057,"2020-09-09 00:00:00: Leg2_Open missing, used Leg2_Settle; 2020-09-09 00:00:00: no open-price ratio (leg open<=0), trade skipped",0.0
2020-09-10,Active2,CAL,11000,11449.25,CAL.NIF50.11000.20200924,420.05,505.35,505.35,1618,458925,CAL.NIF50.11000.20201001,0.0,844.9,594.25,0,0,2020-09-24,2020-10-01,-1.0,0.6719,2,,,1.0,0.0,0.0,0.0,0.0,0.0,553.166057,"2020-09-10 00:00:00: Leg2_Open missing, used Leg2_Settle; 2020-09-10 00:00:00: no open-price ratio (leg open<=0), trade skipped",0.0
2020-09-11,Active2,CAL,11200,11464.45,CAL.NIF50.11200.20200924,319.15,337.75,337.75,2436,397950,CAL.NIF50.11200.20201001,0.0,741.95,460.4,0,0,2020-09-24,2020-10-01,-1.0,1.1967,2,,,1.0,0.0,0.0,0.0,0.0,0.0,553.166057,"2020-09-11 00:00:00: Leg2_Open missing, used Leg2_Settle; 2020-09-11 00:00:00: no open-price ratio (leg open<=0), trade skipped",0.0
2020-09-14,Active2,CAL,11200,11440.05,CAL.NIF50.11200.20200924,376.8,321.25,321.25,2502,389550,CAL.NIF50.11200.20201001,0.0,741.95,419.95,0,0,2020-09-24,2020-10-01,-1.0,1.3096,2,,,1.0,0.0,0.0,0.0,0.0,0.0,553.166057,"2020-09-14 00:00:00: Leg2_Open missing, used Leg2_Settle; 2020-09-14 00:00:00: no open-price ratio (leg open<=0), trade skipped",0.0
2020-09-15,Active2,CAL,11200,11521.8,CAL.NIF50.11200.20201001,0.0,741.95,467.45,0,0,CAL.NIF50.11200.20201008,0.0,682.4,519.8,0,0,2020-10-01,2020-10-08,,-0.0803,2,,,1.0,0.0,0.0,0.0,0.0,0.0,553.166057,"2020-09-15 00:00:00: Leg1_Open missing, used Leg1_Settle; 2020-09-15 00:00:00: Leg2_Open missing, used Leg2_Settle; 2020-09-15 00:00:00: no open-price ratio (leg open<=0), trade skipped",0.0
2020-09-16,Active2,CAL,11300,11604.55,CAL.NIF50.11300.20201001,326.35,380.25,380.25,12,8625,CAL.NIF50.11300.20201008,0.0,634.7,502.95,0,0,2020-10-01,2020-10-08,-1.0,0.6692,2,,,1.0,0.0,0.0,0.0,0.0,0.0,553.166057,"2020-09-16 00:00:00: Leg2_Open missing, used Leg2_Settle; 2020-09-16 00:00:00: no open-price ratio (leg open<=0), trade skipped",0.0
2020-09-17,Active2,CAL,11400,11516.1,CAL.NIF50.11400.20201001,246.5,243.1,243.1,157,10050,CAL.NIF50.11400.20201008,0.0,589.4,377.85,0,0,2020-10-01,2020-10-08,-1.0,1.4245,2,,,1.0,0.0,0.0,0.0,0.0,0.0,553.166057,"2020-09-17 00:00:00: Leg2_Open missing, used Leg2_Settle; 2020-09-17 00:00:00: no open-price ratio (leg open<=0), trade skipped",0.0
2020-09-18,Active2,CAL,11300,11504.95,CAL.NIF50.11300.20201001,333.0,297.1,297.1,455,17700,CAL.NIF50.11300.20201008,0.0,634.7,421.15,0,0,2020-10-01,2020-10-08,-1.0,1.1363,2,,,1.0,0.0,0.0,0.0,0.0,0.0,553.166057,"2020-09-18 00:00:00: Leg2_Open missing, used Leg2_Settle; 2020-09-18 00:00:00: no open-price ratio (leg open<=0), trade skipped",0.0
2020-09-21,Active2,CAL,11300,11250.55,CAL.NIF50.11300.20201001,285.55,134.4,134.4,10922,304800,CAL.NIF50.11300.20201008,202.0,181.75,181.75,97,3300,2020-10-01,2020-10-08,-0.2926,0.3523,2,122.52,,1.0,0.0,0.0,0.0,0.0,0.0,553.166057,"2020-09-21 00:00:00: no open-price ratio (leg open<=0), trade skipped",0.0
2020-09-22,Active2,CAL,11000,11153.65,CAL.NIF50.11000.20201008,313.3,318.0,349.45,11,675,CAL.NIF50.11000.20201015,0.0,839.0,403.4,0,0,2020-10-08,2020-10-15,-1.0,1.6384,2,,,1.0,0.0,0.0,0.0,0.0,0.0,553.166057,"2020-09-22 00:00:00: Leg2_Open missing, used Leg2_Settle; 2020-09-22 00:00:00: no open-price ratio (leg open<=0), trade skipped",0.0
2020-09-23,Active2,CAL,10900,11131.85,CAL.NIF50.10900.20201008,431.8,280.0,388.7,2,75,CAL.NIF50.10900.20201015,0.0,896.75,442.05,0,0,2020-10-08,2020-10-15,-1.0,2.2027,2,,,1.0,0.0,0.0,0.0,0.0,0.0,553.166057,"2020-09-23 00:00:00: Leg2_Open missing, used Leg2_Settle; 2020-09-23 00:00:00: no open-price ratio (leg open<=0), trade skipped",0.0
2020-09-24,Active2,CAL,10900,10805.55,CAL.NIF50.10900.20201008,252.9,162.9,162.9,1903,50175,CAL.NIF50.10900.20201015,0.0,896.75,251.95,0,0,2020-10-08,2020-10-15,-1.0,4.5049,2,,,1.0,0.0,0.0,0.0,0.0,0.0,553.166057,"2020-09-24 00:00:00: Leg2_Open missing, used Leg2_Settle; 2020-09-24 00:00:00: no open-price ratio (leg open<=0), trade skipped",0.0
2020-09-25,Active2,CAL,10600,11050.25,CAL.NIF50.10600.20201008,376.5,486.0,486.0,147,450,CAL.NIF50.10600.20201015,0.0,1084.8,577.2,0,0,2020-10-08,2020-10-15,-1.0,1.2321,2,,,1.0,0.0,0.0,0.0,0.0,0.0,553.166057,"2020-09-25 00:00:00: Leg2_Open missing, used Leg2_Settle; 2020-09-25 00:00:00: no open-price ratio (leg open<=0), trade skipped",0.0
2020-09-28,Active2,CAL,10800,11227.55,CAL.NIF50.10800.20201008,453.95,453.0,453.0,218,15000,CAL.NIF50.10800.20201015,0.0,956.95,544.0,0,0,2020-10-08,2020-10-15,-1.0,1.1125,2,,,1.0,0.0,0.0,0.0,0.0,0.0,553.166057,"2020-09-28 00:00:00: Leg2_Open missing, used Leg2_Settle; 2020-09-28 00:00:00: no open-price ratio (leg open<=0), trade skipped",0.0
2020-09-29,Active2,CAL,11000,11222.4,CAL.NIF50.11000.20201015,318.0,320.0,320.0,6,1500,CAL.NIF50.11000.20201022,0.0,839.1,446.85,0,0,2020-10-15,2020-10-22,-1.0,1.6222,2,,,1.0,0.0,0.0,0.0,0.0,0.0,553.166057,"2020-09-29 00:00:00: Leg2_Open missing, used Leg2_Settle; 2020-09-29 00:00:00: no open-price ratio (leg open<=0), trade skipped",0.0
2020-09-30,Active2,CAL,11000,11247.55,CAL.NIF50.11000.20201015,299.95,325.0,401.75,30,1800,CAL.NIF50.11000.20201022,0.0,839.1,455.4,0,0,2020-10-15,2020-10-22,-1.0,1.5818,2,,,1.0,0.0,0.0,0.0,0.0,0.0,553.166057,"2020-09-30 00:00:00: Leg2_Open missing, used Leg2_Settle; 2020-09-30 00:00:00: no open-price ratio (leg open<=0), trade skipped",0.0
2020-10-01,Active2,CAL,11000,11416.95,CAL.NIF50.11000.20201015,407.5,450.0,516.8,49,4425,CAL.NIF50.11000.20201022,0.0,839.1,566.55,0,0,2020-10-15,2020-10-22,-1.0,0.8647,2,,,1.0,0.0,0.0,0.0,0.0,0.0,553.166057,"2020-10-01 00:00:00: Leg2_Open missing, used Leg2_Settle; 2020-10-01 00:00:00: no open-price ratio (leg open<=0), trade skipped",0.0
2020-10-05,Active2,CAL,11200,11503.35,CAL.NIF50.11200.20201015,365.0,357.85,357.85,553,36225,CAL.NIF50.11200.20201022,400.4,400.4,460.0,1,300,2020-10-15,2020-10-22,0.097,0.1189,2,7.15,0.911588,1.0,-1.0,0.911588,6.517857,0.0,6.517857,559.683914,,0.0
2020-10-06,Active2,CAL,11300,11662.4,CAL.NIF50.11300.20201022,392.25,392.25,496.3,2,1200,CAL.NIF50.11300.20201029,394.0,450.9,450.9,2717,701175,2020-10-22,2020-10-29,0.0045,0.1495,2,56.65,0.995558,1.0,-1.0,0.995558,0.0,56.395666,56.395666,616.07958,,0.0
2020-10-07,Active2,CAL,11400,11738.85,CAL.NIF50.11400.20201022,355.55,381.9,472.75,2,375,CAL.NIF50.11400.20201029,360.75,436.1,436.1,4412,723900,2020-10-22,2020-10-29,0.0146,0.1419,2,47.91,0.985586,1.0,-1.0,0.985586,-25.97018,73.193404,47.223223,663.302803,,0.0
2020-10-08,Active2,CAL,11500,11834.6,CAL.NIF50.11500.20201022,407.0,386.95,386.95,115,6150,CAL.NIF50.11500.20201029,406.25,421.75,421.75,7455,1022700,2020-10-22,2020-10-29,-0.0018,0.0899,2,35.58,1.001846,1.0,-1.0,1.001846,20.087015,15.557284,35.644299,698.947102,,0.0
2020-10-09,Active2,CAL,11600,11914.2,CAL.NIF50.11600.20201022,344.95,386.4,386.4,213,9225,CAL.NIF50.11600.20201029,370.0,416.4,416.4,3302,721800,2020-10-22,2020-10-29,0.0726,0.0776,2,1.81,0.932297,1.0,-1.0,0.932297,-38.643723,40.329871,1.686148,700.63325,,0.0
2020-10-12,Active2,CAL,11700,11930.95,CAL.NIF50.11700.20201022,367.55,306.9,306.9,437,26625,CAL.NIF50.11700.20201029,387.8,343.3,343.3,4241,806700,2020-10-22,2020-10-29,0.0551,0.1186,2,18.47,0.947782,1.0,-1.0,0.947782,57.483,-39.973968,17.509033,718.142283,,0.0
2020-10-13,Active2,CAL,11700,11934.5,CAL.NIF50.11700.20201029,306.8,338.7,338.7,3077,785325,CAL.NIF50.11700.20201105,0.0,592.7,468.75,0,0,2020-10-29,2020-11-05,-1.0,0.7499,2,,,1.0,0.0,0.0,0.0,0.0,0.0,718.142283,"2020-10-13 00:00:00: Leg2_Open missing, used Leg2_Settle; 2020-10-13 00:00:00: no open-price ratio (leg open<=0), trade skipped",0.0
2020-10-14,Active2,CAL,11700,11971.05,CAL.NIF50.11700.20201029,302.75,349.55,349.55,4973,724125,CAL.NIF50.11700.20201105,0.0,592.7,484.5,0,0,2020-10-29,2020-11-05,-1.0,0.6956,2,,,1.0,0.0,0.0,0.0,0.0,0.0,718.142283,"2020-10-14 00:00:00: Leg2_Open missing, used Leg2_Settle; 2020-10-14 00:00:00: no open-price ratio (leg open<=0), trade skipped",0.0
2020-10-15,Active2,CAL,11700,11680.35,CAL.NIF50.11700.20201029,349.95,170.95,170.95,14961,864150,CAL.NIF50.11700.20201105,255.85,254.25,254.25,3,225,2020-10-29,2020-11-05,-0.2689,0.4873,2,176.81,,1.0,0.0,0.0,0.0,0.0,0.0,718.142283,"2020-10-15 00:00:00: no open-price ratio (leg open<=0), trade skipped",0.0
2020-10-16,Active2,CAL,11400,11762.45,CAL.NIF50.11400.20201029,405.8,420.6,420.6,1545,538800,CAL.NIF50.11400.20201105,468.7,472.8,525.5,12,900,2020-10-29,2020-11-05,0.155,0.1241,2,-11.25,0.865799,1.0,-1.0,0.865799,-12.813825,3.073393,-9.740433,708.40185,,-9.740433
2020-10-19,Active2,CAL,11500,11873.05,CAL.NIF50.11500.20201029,399.0,427.1,427.1,3147,882525,CAL.NIF50.11500.20201105,0.0,687.15,512.65,0,0,2020-10-29,2020-11-05,-1.0,0.6089,2,,,1.0,0.0,0.0,0.0,0.0,0.0,708.40185,"2020-10-19 00:00:00: Leg2_Open missing, used Leg2_Settle; 2020-10-19 00:00:00: no open-price ratio (leg open<=0), trade skipped",-9.740433
2020-10-20,Active2,CAL,11600,11896.8,CAL.NIF50.11600.20201105,0.0,408.65,451.9,0,75,CAL.NIF50.11600.20201112,0.0,590.7,505.35,0,0,2020-11-05,2020-11-12,,0.4455,2,,,1.0,0.0,0.0,0.0,0.0,0.0,708.40185,"2020-10-20 00:00:00: Leg1_Open missing, used Leg1_Settle; 2020-10-20 00:00:00: Leg2_Open missing, used Leg2_Settle; 2020-10-20 00:00:00: no open-price ratio (leg open<=0), trade skipped",-9.740433
2020-10-21,Active2,CAL,11600,11937.65,CAL.NIF50.11600.20201105,0.0,408.65,472.1,0,75,CAL.NIF50.11600.20201112,0.0,590.7,525.5,0,0,2020-11-05,2020-11-12,,0.4455,2,,,1.0,0.0,0.0,0.0,0.0,0.0,708.40185,"2020-10-21 00:00:00: Leg1_Open missing, used Leg1_Settle; 2020-10-21 00:00:00: Leg2_Open missing, used Leg2_Settle; 2020-10-21 00:00:00: no open-price ratio (leg open<=0), trade skipped",-9.740433
2020-10-22,Active2,CAL,11700,11896.45,CAL.NIF50.11700.20201105,333.7,331.55,331.55,94,7200,CAL.NIF50.11700.20201112,0.0,546.7,426.35,0,0,2020-11-05,2020-11-12,-1.0,0.6489,2,,,1.0,0.0,0.0,0.0,0.0,0.0,708.40185,"2020-10-22 00:00:00: Leg2_Open missing, used Leg2_Settle; 2020-10-22 00:00:00: no open-price ratio (leg open<=0), trade skipped",-9.740433
2020-10-23,Active2,CAL,11600,11930.35,CAL.NIF50.11600.20201105,418.95,410.85,410.85,61,7200,CAL.NIF50.11600.20201112,577.25,385.0,504.6,3,75,2020-11-05,2020-11-12,0.3778,-0.0629,2,-131.43,0.725769,1.0,-1.0,0.725769,5.878727,-101.265813,-95.387087,613.014763,,-105.127519
2020-10-26,Active2,CAL,11700,11767.75,CAL.NIF50.11700.20201105,311.75,225.25,225.25,2134,39000,CAL.NIF50.11700.20201112,0.0,546.7,316.05,0,0,2020-11-05,2020-11-12,-1.0,1.4271,2,,,1.0,0.0,0.0,0.0,0.0,0.0,613.014763,"2020-10-26 00:00:00: Leg2_Open missing, used Leg2_Settle; 2020-10-26 00:00:00: no open-price ratio (leg open<=0), trade skipped",-105.127519
2020-10-27,Active2,CAL,11500,11889.4,CAL.NIF50.11500.20201112,500.8,500.8,500.8,2,150,CAL.NIF50.11500.20201119,0.0,666.95,564.5,0,0,2020-11-12,2020-11-19,-1.0,0.3318,2,,,1.0,0.0,0.0,0.0,0.0,0.0,613.014763,"2020-10-27 00:00:00: Leg2_Open missing, used Leg2_Settle; 2020-10-27 00:00:00: no open-price ratio (leg open<=0), trade skipped",-105.127519
2020-10-28,Active2,CAL,11600,11729.6,CAL.NIF50.11600.20201112,310.0,300.9,300.9,61,1650,CAL.NIF50.11600.20201119,0.0,618.75,388.7,0,0,2020-11-12,2020-11-19,-1.0,1.0563,2,,,1.0,0.0,0.0,0.0,0.0,0.0,613.014763,"2020-10-28 00:00:00: Leg2_Open missing, used Leg2_Settle; 2020-10-28 00:00:00: no open-price ratio (leg open<=0), trade skipped",-105.127519
2020-10-29,Active2,CAL,11500,11670.8,CAL.NIF50.11500.20201112,319.15,329.8,329.8,59,2400,CAL.NIF50.11500.20201119,0.0,666.95,402.95,0,0,2020-11-12,2020-11-19,-1.0,1.0223,2,,,1.0,0.0,0.0,0.0,0.0,0.0,613.014763,"2020-10-29 00:00:00: Leg2_Open missing, used Leg2_Settle; 2020-10-29 00:00:00: no open-price ratio (leg open<=0), trade skipped",-105.127519
2020-10-30,Active2,CAL,11400,11642.4,CAL.NIF50.11400.20201112,359.05,368.5,368.5,257,5850,CAL.NIF50.11400.20201119,0.0,717.7,438.0,0,0,2020-11-12,2020-11-19,-1.0,0.9476,2,,,1.0,0.0,0.0,0.0,0.0,0.0,613.014763,"2020-10-30 00:00:00: Leg2_Open missing, used Leg2_Settle; 2020-10-30 00:00:00: no open-price ratio (leg open<=0), trade skipped",-105.127519
2020-11-02,Active2,CAL,11400,11669.15,CAL.NIF50.11400.20201112,372.85,378.55,378.55,111,9375,CAL.NIF50.11400.20201119,0.0,717.7,432.45,0,0,2020-11-12,2020-11-19,-1.0,0.8959,2,,,1.0,0.0,0.0,0.0,0.0,0.0,613.014763,"2020-11-02 00:00:00: Leg2_Open missing, used Leg2_Settle; 2020-11-02 00:00:00: no open-price ratio (leg open<=0), trade skipped",-105.127519
2020-11-03,Active2,CAL,11400,11813.5,CAL.NIF50.11400.20201119,0.0,717.7,528.85,0,0,CAL.NIF50.11400.20201126,515.5,557.85,557.85,506,114525,2020-11-19,2020-11-26,,-0.2227,2,,,1.0,0.0,0.0,0.0,0.0,0.0,613.014763,"2020-11-03 00:00:00: Leg1_Open missing, used Leg1_Settle; 2020-11-03 00:00:00: no open-price ratio (leg open<=0), trade skipped",-105.127519
2020-11-04,Active2,CAL,11600,11908.5,CAL.NIF50.11600.20201119,392.0,383.9,447.3,8,1425,CAL.NIF50.11600.20201126,416.85,458.2,458.2,4478,634425,2020-11-19,2020-11-26,0.0634,0.1935,2,46.98,0.940386,1.0,-1.0,0.940386,7.617128,36.566891,44.184019,657.198783,,-60.9435
2020-11-05,Active2,CAL,11700,12120.3,CAL.NIF50.11700.20201119,439.3,484.15,484.15,7,1800,CAL.NIF50.11700.20201126,480.7,524.45,524.45,2679,623100,2020-11-19,2020-11-26,0.0942,0.0832,2,-4.87,0.913876,1.0,-1.0,0.913876,-40.987321,36.538627,-4.448694,652.750089,,-65.392194
2020-11-06,Active2,CAL,11900,12263.55,CAL.NIF50.11900.20201119,329.1,417.2,417.2,91,5850,CAL.NIF50.11900.20201126,330.25,457.9,457.9,4044,498225,2020-11-19,2020-11-26,0.0035,0.0976,2,39.11,0.996518,1.0,-1.0,0.996518,-87.793217,126.76254,38.969322,691.719411,,-26.422872
2020-11-09,Active2,CAL,12000,12461.05,CAL.NIF50.12000.20201119,352.15,493.3,493.3,496,28800,CAL.NIF50.12000.20201126,480.4,528.85,528.85,7956,1390050,2020-11-19,2020-11-26,0.3642,0.0721,2,-105.63,0.733035,1.0,-1.0,0.733035,-103.467886,26.034136,-77.43375,614.285661,,-103.856622
2020-11-10,Active2,CAL,12200,12631.1,CAL.NIF50.12200.20201126,442.5,532.85,532.85,5320,660225,CAL.NIF50.12200.20201203,0.0,326.1,608.3,0,0,2020-11-26,2020-12-03,-1.0,-0.388,2,,,1.0,0.0,0.0,0.0,0.0,0.0,614.285661,"2020-11-10 00:00:00: Leg2_Open missing, used Leg2_Settle; 2020-11-10 00:00:00: no open-price ratio (leg open<=0), trade skipped",-103.856622
2020-11-11,Active2,CAL,12400,12749.15,CAL.NIF50.12400.20201126,394.65,442.15,442.15,4289,518100,CAL.NIF50.12400.20201203,462.0,462.0,547.25,1,75,2020-11-26,2020-12-03,0.1707,0.0449,2,-47.5,0.854221,1.0,-1.0,0.854221,-40.575487,0.0,-40.575487,573.710174,,-144.432109
2020-11-12,Active2,CAL,12500,12690.8,CAL.NIF50.12500.20201126,327.05,302.05,302.05,10409,1200075,CAL.NIF50.12500.20201203,0.0,246.35,437.0,0,0,2020-11-26,2020-12-03,-1.0,-0.1844,2,,,1.0,0.0,0.0,0.0,0.0,0.0,573.710174,"2020-11-12 00:00:00: Leg2_Open missing, used Leg2_Settle; 2020-11-12 00:00:00: no open-price ratio (leg open<=0), trade skipped",-144.432109
2020-11-13,Active2,CAL,12400,12719.95,CAL.NIF50.12400.20201126,323.15,400.35,400.35,2918,473025,CAL.NIF50.12400.20201203,387.0,387.0,387.0,1,75,2020-11-26,2020-12-03,0.1976,-0.0333,2,-77.2,0.835013,1.0,-1.0,0.835013,-64.462997,0.0,-64.462997,509.247177,,-208.895106
2020-11-17,Active2,CAL,12500,12874.2,CAL.NIF50.12500.20201203,377.0,398.05,517.65,11,825,CAL.NIF50.12500.20201210,0.0,469.5,571.95,0,150,2020-12-03,2020-12-10,-1.0,0.1795,2,,,1.0,0.0,0.0,0.0,0.0,0.0,509.247177,"2020-11-17 00:00:00: Leg2_Open missing, used Leg2_Settle; 2020-11-17 00:00:00: no open-price ratio (leg open<=0), trade skipped",-208.895106
2020-11-18,Active2,CAL,12600,12938.25,CAL.NIF50.12600.20201203,368.0,412.85,412.85,31,2925,CAL.NIF50.12600.20201210,0.0,363.9,541.35,0,0,2020-12-03,2020-12-10,-1.0,-0.1186,2,,,1.0,0.0,0.0,0.0,0.0,0.0,509.247177,"2020-11-18 00:00:00: Leg2_Open missing, used Leg2_Settle; 2020-11-18 00:00:00: no open-price ratio (leg open<=0), trade skipped",-208.895106
2020-11-19,Active2,CAL,12700,12771.7,CAL.NIF50.12700.20201203,306.85,220.75,220.75,528,17850,CAL.NIF50.12700.20201210,0.0,333.8,368.4,0,0,2020-12-03,2020-12-10,-1.0,0.5121,2,,,1.0,0.0,0.0,0.0,0.0,0.0,509.247177,"2020-11-19 00:00:00: Leg2_Open missing, used Leg2_Settle; 2020-11-19 00:00:00: no open-price ratio (leg open<=0), trade skipped",-208.895106
2020-11-20,Active2,CAL,12500,12859.05,CAL.NIF50.12500.20201203,369.85,415.2,415.2,192,5400,CAL.NIF50.12500.20201210,389.3,486.05,537.4,2,150,2020-12-03,2020-12-10,0.0526,0.1706,2,46.57,0.950039,1.0,-1.0,0.950039,-43.084247,87.323958,44.239711,553.486887,,-164.655396
2020-11-23,Active2,CAL,12600,12926.45,CAL.NIF50.12600.20201203,401.15,392.05,392.05,197,9075,CAL.NIF50.12600.20201210,397.9,397.9,492.1,1,150,2020-12-03,2020-12-10,-0.0081,0.0149,2,9.1,1.008168,1.0,-1.0,1.008168,9.174328,0.0,9.174328,562.661215,,-155.481068
2020-11-24,Active2,CAL,12700,13055.15,CAL.NIF50.12700.20201210,0.0,333.85,505.7,0,75,CAL.NIF50.12700.20201217,0.0,277.6,561.0,0,0,2020-12-10,2020-12-17,,-0.1685,2,,,1.0,0.0,0.0,0.0,0.0,0.0,562.661215,"2020-11-24 00:00:00: Leg1_Open missing, used Leg1_Settle; 2020-11-24 00:00:00: Leg2_Open missing, used Leg2_Settle; 2020-11-24 00:00:00: no open-price ratio (leg open<=0), trade skipped",-155.481068
2020-11-25,Active2,CAL,12800,12858.4,CAL.NIF50.12800.20201210,420.0,239.3,239.3,48,2325,CAL.NIF50.12800.20201217,420.0,300.0,369.75,2,225,2020-12-10,2020-12-17,0.0,0.2537,2,60.7,1.0,1.0,-1.0,1.0,180.7,-120.0,60.7,623.361215,,-94.781068
2020-11-26,Active2,CAL,12600,12987.0,CAL.NIF50.12600.20201210,353.4,393.6,509.7,4,300,CAL.NIF50.12600.20201217,0.0,304.2,565.55,0,0,2020-12-10,2020-12-17,-1.0,-0.2271,2,,,1.0,0.0,0.0,0.0,0.0,0.0,623.361215,"2020-11-26 00:00:00: Leg2_Open missing, used Leg2_Settle; 2020-11-26 00:00:00: no open-price ratio (leg open<=0), trade skipped",-94.781068
2020-11-27,Active2,CAL,12700,12968.95,CAL.NIF50.12700.20201210,385.0,385.0,417.25,26,2025,CAL.NIF50.12700.20201217,0.0,277.6,478.2,0,0,2020-12-10,2020-12-17,-1.0,-0.279,2,,,1.0,0.0,0.0,0.0,0.0,0.0,623.361215,"2020-11-27 00:00:00: Leg2_Open missing, used Leg2_Settle; 2020-11-27 00:00:00: no open-price ratio (leg open<=0), trade skipped",-94.781068
2020-12-01,Active2,CAL,12700,13109.05,CAL.NIF50.12700.20201217,0.0,277.6,543.75,0,0,CAL.NIF50.12700.20201224,0.0,344.6,597.3,0,0,2020-12-17,2020-12-24,,0.2414,2,,,1.0,0.0,0.0,0.0,0.0,0.0,623.361215,"2020-12-01 00:00:00: Leg1_Open missing, used Leg1_Settle; 2020-12-01 00:00:00: Leg2_Open missing, used Leg2_Settle; 2020-12-01 00:00:00: no open-price ratio (leg open<=0), trade skipped",-94.781068
2020-12-02,Active2,CAL,12900,13113.75,CAL.NIF50.12900.20201217,301.45,264.4,402.25,6,225,CAL.NIF50.12900.20201224,0.0,278.0,462.25,0,75,2020-12-17,2020-12-24,-1.0,0.0514,2,,,1.0,0.0,0.0,0.0,0.0,0.0,623.361215,"2020-12-02 00:00:00: Leg2_Open missing, used Leg2_Settle; 2020-12-02 00:00:00: no open-price ratio (leg open<=0), trade skipped",-94.781068
2020-12-03,Active2,CAL,12900,13133.9,CAL.NIF50.12900.20201217,344.0,321.25,321.25,11,375,CAL.NIF50.12900.20201224,0.0,278.0,466.35,0,75,2020-12-17,2020-12-24,-1.0,-0.1346,2,,,1.0,0.0,0.0,0.0,0.0,0.0,623.361215,"2020-12-03 00:00:00: Leg2_Open missing, used Leg2_Settle; 2020-12-03 00:00:00: no open-price ratio (leg open<=0), trade skipped",-94.781068
2020-12-04,Active2,CAL,12900,13258.55,CAL.NIF50.12900.20201217,349.85,417.5,417.5,133,8850,CAL.NIF50.12900.20201224,0.0,278.0,541.75,0,75,2020-12-17,2020-12-24,-1.0,-0.3341,2,,,1.0,0.0,0.0,0.0,0.0,0.0,623.361215,"2020-12-04 00:00:00: Leg2_Open missing, used Leg2_Settle; 2020-12-04 00:00:00: no open-price ratio (leg open<=0), trade skipped",-94.781068
2020-12-07,Active2,CAL,13000,13355.75,CAL.NIF50.13000.20201217,313.45,396.5,396.5,784,41550,CAL.NIF50.13000.20201224,374.15,436.45,436.45,341,24825,2020-12-17,2020-12-24,0.1937,0.1008,2,-30.86,0.837766,1.0,-1.0,0.837766,-69.576433,43.72533,-25.851103,597.510112,,-120.632171
2020-12-08,Active2,CAL,13100,13392.95,CAL.NIF50.13100.20201224,401.1,401.9,466.05,8,2550,CAL.NIF50.13100.20201231,403.7,430.3,430.3,2837,338400,2020-12-24,2020-12-31,0.0065,0.0707,2,25.63,0.99356,1.0,-1.0,0.99356,-0.794848,26.258473,25.463625,622.973737,,-95.168546
2020-12-09,Active2,CAL,13100,13529.1,CAL.NIF50.13100.20201224,418.0,498.65,498.65,7,2100,CAL.NIF50.13100.20201231,462.15,541.8,541.8,1596,312675,2020-12-24,2020-12-31,0.1056,0.0865,2,-8.61,0.99356,1.0,-1.0,0.99356,-96.126889,110.06841,13.941521,636.915258,,-81.227025
2020-12-10,Active2,CAL,13300,13478.3,CAL.NIF50.13300.20201224,283.45,294.05,294.05,136,11550,CAL.NIF50.13300.20201231,340.0,344.65,344.65,7004,485850,2020-12-24,2020-12-31,0.1995,0.1721,2,-6.72,0.833676,1.0,-1.0,0.833676,-8.836971,3.231827,-5.605144,631.310114,,-86.832169
2020-12-11,Active2,CAL,13200,13513.85,CAL.NIF50.13200.20201224,405.0,373.65,373.65,107,15375,CAL.NIF50.13200.20201231,425.7,414.25,414.25,2319,654675,2020-12-24,2020-12-31,0.0511,0.1087,2,20.46,0.951374,1.0,-1.0,0.951374,29.825581,-10.363543,19.462039,650.772153,,-67.37013
2020-12-14,Active2,CAL,13300,13558.15,CAL.NIF50.13300.20201224,349.6,324.3,324.3,725,44400,CAL.NIF50.13300.20201231,383.6,374.05,374.05,2582,449850,2020-12-24,2020-12-31,0.0973,0.1534,2,16.6,0.911366,1.0,-1.0,0.911366,23.05756,-7.932115,15.125445,665.897597,,-52.244686
2020-12-15,Active2,CAL,13300,13567.85,CAL.NIF50.13300.20201231,333.9,376.35,376.35,3448,449250,CAL.NIF50.13300.20210107,0.0,350.0,508.8,0,75,2020-12-31,2021-01-07,-1.0,-0.07,2,,,1.0,0.0,0.0,0.0,0.0,0.0,665.897597,"2020-12-15 00:00:00: Leg2_Open missing, used Leg2_Settle; 2020-12-15 00:00:00: no open-price ratio (leg open<=0), trade skipped",-52.244686
2020-12-16,Active2,CAL,13300,13682.7,CAL.NIF50.13300.20201231,419.05,455.95,455.95,2477,415950,CAL.NIF50.13300.20210107,0.0,350.0,578.45,0,75,2020-12-31,2021-01-07,-1.0,-0.2324,2,,,1.0,0.0,0.0,0.0,0.0,0.0,665.897597,"2020-12-16 00:00:00: Leg2_Open missing, used Leg2_Settle; 2020-12-16 00:00:00: no open-price ratio (leg open<=0), trade skipped",-52.244686
2020-12-17,Active2,CAL,13400,13740.7,CAL.NIF50.13400.20201231,372.1,411.3,411.3,3012,520650,CAL.NIF50.13400.20210107,0.0,224.2,543.05,0,0,2020-12-31,2021-01-07,-1.0,-0.4549,2,,,1.0,0.0,0.0,0.0,0.0,0.0,665.897597,"2020-12-17 00:00:00: Leg2_Open missing, used Leg2_Settle; 2020-12-17 00:00:00: no open-price ratio (leg open<=0), trade skipped",-52.244686
2020-12-18,Active2,CAL,13500,13760.55,CAL.NIF50.13500.20201231,327.7,332.85,332.85,10998,1890000,CAL.NIF50.13500.20210107,337.75,371.6,371.6,13,1800,2020-12-31,2021-01-07,0.0307,0.1164,2,27.69,0.970244,1.0,-1.0,0.970244,-4.996758,31.865508,26.86875,692.766347,,-25.375936
2020-12-21,Active2,CAL,13500,13328.4,CAL.NIF50.13500.20201231,300.05,114.1,114.1,70180,2065875,CAL.NIF50.13500.20210107,339.1,182.55,182.55,899,18675,2020-12-31,2021-01-07,0.1301,0.5999,2,47.43,0.970244,1.0,-1.0,0.970244,212.240933,-177.966742,34.274191,727.040538,,0.0
2020-12-22,Active2,CAL,13100,13466.3,CAL.NIF50.13100.20210107,470.0,516.35,516.35,45,2250,CAL.NIF50.13100.20210114,0.0,400.0,570.3,0,0,2021-01-07,2021-01-14,-1.0,-0.2253,2,,,1.0,0.0,0.0,0.0,0.0,0.0,727.040538,"2020-12-22 00:00:00: Leg2_Open missing, used Leg2_Settle; 2020-12-22 00:00:00: no open-price ratio (leg open<=0), trade skipped",0.0
2020-12-23,Active2,CAL,13200,13601.1,CAL.NIF50.13200.20210107,406.65,489.95,533.4,53,5925,CAL.NIF50.13200.20210114,0.0,471.05,589.25,0,0,2021-01-07,2021-01-14,-1.0,-0.0386,2,,,1.0,0.0,0.0,0.0,0.0,0.0,727.040538,"2020-12-23 00:00:00: Leg2_Open missing, used Leg2_Settle; 2020-12-23 00:00:00: no open-price ratio (leg open<=0), trade skipped",0.0
2020-12-24,Active2,CAL,13400,13749.25,CAL.NIF50.13400.20210107,377.0,439.45,439.45,427,7800,CAL.NIF50.13400.20210114,431.75,436.3,549.35,3,300,2021-01-07,2021-01-14,0.1452,-0.0072,2,-58.48,0.873191,1.0,-1.0,0.873191,-54.530747,3.469201,-51.061546,675.978992,,-51.061546
2020-12-28,Active2,CAL,13500,13873.2,CAL.NIF50.13500.20210107,434.35,465.2,465.2,1684,78375,CAL.NIF50.13500.20210114,485.55,513.1,513.1,162,13725,2021-01-07,2021-01-14,0.1179,0.103,2,-6.21,0.894553,1.0,-1.0,0.894553,-27.596947,22.046179,-5.550767,670.428224,,-56.612314
2020-12-29,Active2,CAL,13600,13932.6,CAL.NIF50.13600.20210114,466.4,475.0,475.0,8,2625,CAL.NIF50.13600.20210121,0.0,360.3,557.2,0,0,2021-01-14,2021-01-21,-1.0,-0.2415,2,,,1.0,0.0,0.0,0.0,0.0,0.0,670.428224,"2020-12-29 00:00:00: Leg2_Open missing, used Leg2_Settle; 2020-12-29 00:00:00: no open-price ratio (leg open<=0), trade skipped",-56.612314
2020-12-30,Active2,CAL,13700,13981.95,CAL.NIF50.13700.20210114,409.05,420.8,420.8,32,5475,CAL.NIF50.13700.20210121,731.05,363.75,517.1,3,225,2021-01-14,2021-01-21,0.7872,-0.1356,2,-217.27,0.559538,1.0,-1.0,0.559538,-6.574567,-114.995159,-121.569727,548.858497,,-178.182041
2020-12-31,Active2,CAL,13700,13981.75,CAL.NIF50.13700.20210114,425.0,388.0,388.0,71,7500,CAL.NIF50.13700.20210121,477.4,477.4,508.05,1,225,2021-01-14,2021-01-21,0.1233,0.2304,2,37.0,0.559538,1.0,-1.0,0.559538,18.352835,35.581813,53.934648,602.793145,,-124.247393
2021-01-01,Active2,CAL,13700,14018.5,CAL.NIF50.13700.20210114,414.9,400.7,400.7,83,7950,CAL.NIF50.13700.20210121,477.4,469.6,469.6,2,300,2021-01-14,2021-01-21,0.1506,0.1719,2,7.42,0.559538,1.0,-1.0,0.559538,-7.106128,-2.442043,-9.548171,593.244975,,-133.795563
2021-01-04,Active2,CAL,13800,14132.9,CAL.NIF50.13800.20210114,355.4,388.25,388.25,983,29700,CAL.NIF50.13800.20210121,420.0,436.0,509.65,79,3300,2021-01-14,2021-01-21,0.1818,0.123,2,-19.31,0.84619,1.0,-1.0,0.84619,-27.797357,11.456613,-16.340744,576.904231,,-150.136307
2021-01-05,Active2,CAL,13900,14199.5,CAL.NIF50.13900.20210121,345.1,388.05,479.0,34,4200,CAL.NIF50.13900.20210128,378.15,467.95,467.95,3013,910725,2021-01-21,2021-01-28,0.0958,0.2059,2,39.0,0.912601,1.0,-1.0,0.912601,-39.196205,74.789055,35.59285,612.49708,,-114.543458
2021-01-06,Active2,CAL,13900,14146.25,CAL.NIF50.13900.20210121,409.95,402.5,433.2,19,3900,CAL.NIF50.13900.20210128,471.1,448.85,448.85,1595,912150,2021-01-21,2021-01-28,0.1492,0.1152,2,-11.91,0.912601,1.0,-1.0,0.912601,-13.187082,-15.907249,-29.094331,583.40275,,-143.637788
2021-01-07,Active2,CAL,13900,14137.35,CAL.NIF50.13900.20210121,423.35,371.4,371.4,36,4800,CAL.NIF50.13900.20210128,490.0,432.6,432.6,1144,898875,2021-01-21,2021-01-28,0.1574,0.1648,2,2.36,0.912601,1.0,-1.0,0.912601,28.381885,-13.533654,14.848231,598.250981,,-128.789557
2021-01-08,Active2,CAL,13900,14347.25,CAL.NIF50.13900.20210121,409.95,500.65,500.65,83,6600,CAL.NIF50.13900.20210128,476.0,564.0,564.0,1734,879675,2021-01-21,2021-01-28,0.1611,0.1265,2,-14.91,0.912601,1.0,-1.0,0.912601,-117.953656,109.43521,-8.518446,589.732535,,-137.308003
2021-01-11,Active2,CAL,14100,14484.75,CAL.NIF50.14100.20210121,366.5,440.75,440.75,291,21750,CAL.NIF50.14100.20210128,459.35,501.0,501.0,2548,377025,2021-01-21,2021-01-28,0.2533,0.1367,2,-41.02,0.797867,1.0,-1.0,0.797867,-59.241591,26.514017,-32.727575,557.00496,,-170.035578
2021-01-12,Active2,CAL,14200,14563.45,CAL.NIF50.14200.20210128,402.55,507.2,507.2,4987,856725,CAL.NIF50.14200.20210204,549.95,583.35,586.4,5,3825,2021-01-28,2021-02-04,0.3662,0.1501,2,-80.2,0.731976,1.0,-1.0,0.731976,-76.60125,17.89533,-58.70592,498.29904,,-228.741498
2021-01-13,Active2,CAL,14300,14564.85,CAL.NIF50.14300.20210128,450.1,424.45,424.45,4442,501375,CAL.NIF50.14300.20210204,0.0,517.15,513.95,0,450,2021-01-28,2021-02-04,-1.0,0.2184,2,,,1.0,0.0,0.0,0.0,0.0,0.0,498.29904,"2021-01-13 00:00:00: Leg2_Open missing, used Leg2_Settle; 2021-01-13 00:00:00: no open-price ratio (leg open<=0), trade skipped",-228.741498
2021-01-14,Active2,CAL,14300,14595.6,CAL.NIF50.14300.20210128,400.3,429.15,429.15,2747,479325,CAL.NIF50.14300.20210204,500.0,509.55,509.55,2,375,2021-01-28,2021-02-04,0.2491,0.1873,2,-21.2,,1.0,0.0,0.0,0.0,0.0,0.0,498.29904,"2021-01-14 00:00:00: no open-price ratio (leg open<=0), trade skipped",-228.741498
2021-01-15,Active2,CAL,14300,14433.7,CAL.NIF50.14300.20210128,387.75,314.75,314.75,4944,459225,CAL.NIF50.14300.20210204,460.0,417.0,414.1,5,525,2021-01-28,2021-02-04,0.1863,0.3249,2,36.75,,1.0,0.0,0.0,0.0,0.0,0.0,498.29904,"2021-01-15 00:00:00: no open-price ratio (leg open<=0), trade skipped",-228.741498
2021-01-18,Active2,CAL,14200,14281.3,CAL.NIF50.14200.20210128,369.25,260.1,260.1,10912,744375,CAL.NIF50.14200.20210204,422.7,379.4,379.4,94,4125,2021-01-28,2021-02-04,0.1448,0.4587,2,71.33,0.873551,1.0,-1.0,0.873551,95.34809,-33.041854,62.306236,560.605275,,-166.435263
2021-01-19,Active2,CAL,14000,14521.15,CAL.NIF50.14000.20210204,567.4,678.75,678.75,32,8100,CAL.NIF50.14000.20210211,0.0,775.45,693.3,0,75,2021-02-04,2021-02-11,-1.0,0.1425,2,,,1.0,0.0,0.0,0.0,0.0,0.0,560.605275,"2021-01-19 00:00:00: Leg2_Open missing, used Leg2_Settle; 2021-01-19 00:00:00: no open-price ratio (leg open<=0), trade skipped",-166.435263
2021-01-20,Active2,CAL,14300,14644.7,CAL.NIF50.14300.20210204,435.55,477.55,477.55,145,12075,CAL.NIF50.14300.20210211,0.0,488.0,565.2,0,75,2021-02-04,2021-02-11,-1.0,0.0219,2,,,1.0,0.0,0.0,0.0,0.0,0.0,560.605275,"2021-01-20 00:00:00: Leg2_Open missing, used Leg2_Settle; 2021-01-20 00:00:00: no open-price ratio (leg open<=0), trade skipped",-166.435263
2021-01-21,Active2,CAL,14400,14590.35,CAL.NIF50.14400.20210204,429.9,376.7,376.7,376,21900,CAL.NIF50.14400.20210211,0.0,489.05,458.0,0,225,2021-02-04,2021-02-11,-1.0,0.2982,2,,,1.0,0.0,0.0,0.0,0.0,0.0,560.605275,"2021-01-21 00:00:00: Leg2_Open missing, used Leg2_Settle; 2021-01-21 00:00:00: no open-price ratio (leg open<=0), trade skipped",-166.435263
2021-01-22,Active2,CAL,14300,14371.9,CAL.NIF50.14300.20210204,405.5,311.3,311.3,831,21375,CAL.NIF50.14300.20210211,443.0,368.55,368.55,21,1350,2021-02-04,2021-02-11,0.0925,0.1839,2,26.05,0.91535,1.0,-1.0,0.91535,86.225959,-62.37908,23.846879,584.452155,,-142.588383
2021-01-25,Active2,CAL,14100,14238.9,CAL.NIF50.14100.20210204,477.75,343.1,343.1,615,16875,CAL.NIF50.14100.20210211,0.0,446.25,383.55,0,0,2021-02-04,2021-02-11,-1.0,0.3006,2,,,1.0,0.0,0.0,0.0,0.0,0.0,584.452155,"2021-01-25 00:00:00: Leg2_Open missing, used Leg2_Settle; 2021-01-25 00:00:00: no open-price ratio (leg open<=0), trade skipped",-142.588383
2021-01-27,Active2,CAL,14000,13967.5,CAL.NIF50.14000.20210211,467.5,297.3,297.3,1042,20250,CAL.NIF50.14000.20210218,390.0,365.75,365.75,16,975,2021-02-11,2021-02-18,-0.1658,0.2302,2,141.13,1.198718,1.0,-1.0,1.198718,204.021795,-34.845424,169.17637,753.628525,,0.0
2021-01-28,Active2,CAL,13700,13817.55,CAL.NIF50.13700.20210211,403.75,350.3,350.3,356,12300,CAL.NIF50.13700.20210218,0.0,734.1,397.1,0,0,2021-02-11,2021-02-18,-1.0,1.0956,2,,,1.0,0.0,0.0,0.0,0.0,0.0,753.628525,"2021-01-28 00:00:00: Leg2_Open missing, used Leg2_Settle; 2021-01-28 00:00:00: no open-price ratio (leg open<=0), trade skipped",0.0
2021-01-29,Active2,CAL,13600,13634.6,CAL.NIF50.13600.20210211,472.15,326.5,326.5,589,16725,CAL.NIF50.13600.20210218,413.5,398.3,398.3,2,75,2021-02-11,2021-02-18,-0.1242,0.2199,2,128.29,1.141838,1.0,-1.0,1.141838,166.3087,-19.817668,146.491032,900.119557,,0.0
2021-02-01,Active2,CAL,13400,14281.2,CAL.NIF50.13400.20210211,475.25,897.65,909.9,66,1725,CAL.NIF50.13400.20210218,0.0,895.5,945.35,0,0,2021-02-11,2021-02-18,-1.0,-0.0024,2,,,1.0,0.0,0.0,0.0,0.0,0.0,900.119557,"2021-02-01 00:00:00: Leg2_Open missing, used Leg2_Settle; 2021-02-01 00:00:00: no open-price ratio (leg open<=0), trade skipped",0.0
2021-02-02,Active2,CAL,14000,14647.85,CAL.NIF50.14000.20210218,619.55,780.0,780.0,64,1500,CAL.NIF50.14000.20210225,617.3,800.05,800.05,10321,960675,2021-02-18,2021-02-25,-0.0036,0.0257,2,22.97,1.003645,1.0,-1.0,1.003645,-161.034825,184.084641,23.049816,923.169373,,0.0
2021-02-03,Active2,CAL,14400,14789.95,CAL.NIF50.14400.20210218,450.0,529.15,529.15,17,1425,CAL.NIF50.14400.20210225,531.95,585.1,585.1,2869,317250,2021-02-18,2021-02-25,0.1821,0.1057,2,-34.19,0.845944,1.0,-1.0,0.845944,-66.956481,38.035285,-28.921196,894.248177,,-28.921196
2021-02-04,Active2,CAL,14500,14895.65,CAL.NIF50.14500.20210218,398.0,498.45,498.45,71,4425,CAL.NIF50.14500.20210225,462.45,547.15,547.15,8802,930975,2021-02-18,2021-02-25,0.1619,0.0977,2,-27.55,0.860634,1.0,-1.0,0.860634,-86.450643,62.736457,-23.714187,870.53399,,-52.635383
2021-02-05,Active2,CAL,14600,14924.25,CAL.NIF50.14600.20210218,459.85,441.8,441.8,505,7350,CAL.NIF50.14600.20210225,500.1,498.95,498.95,2920,405600,2021-02-18,2021-02-25,0.0875,0.1294,2,16.99,0.919516,1.0,-1.0,0.919516,16.597266,-0.972336,15.624929,886.158919,,-37.010454
2021-02-08,Active2,CAL,14700,15115.8,CAL.NIF50.14700.20210218,423.0,499.75,499.75,219,9150,CAL.NIF50.14700.20210225,494.95,556.7,556.7,3460,460125,2021-02-18,2021-02-25,0.1701,0.114,2,-23.98,0.854632,1.0,-1.0,0.854632,-65.592989,45.101921,-20.491068,865.667851,,-57.501522
2021-02-09,Active2,CAL,14900,15109.3,CAL.NIF50.14900.20210225,423.15,393.25,393.25,5492,429900,CAL.NIF50.14900.20210304,489.25,489.25,489.25,1,150,2021-02-25,2021-03-04,0.1562,0.2441,2,29.9,0.864895,1.0,-1.0,0.864895,25.860368,0.0,25.860368,891.528219,,-31.641154
2021-02-10,Active2,CAL,14900,15106.5,CAL.NIF50.14900.20210225,388.95,376.45,376.45,5979,418275,CAL.NIF50.14900.20210304,412.35,412.35,492.65,1,150,2021-02-25,2021-03-04,0.0602,0.0954,2,12.5,0.864895,1.0,-1.0,0.864895,14.53024,-57.524567,-42.994327,848.533892,,-74.635481
2021-02-11,Active2,CAL,14900,15173.3,CAL.NIF50.14900.20210225,354.6,404.6,404.6,2762,401850,CAL.NIF50.14900.20210304,0.0,412.35,525.4,0,150,2021-02-25,2021-03-04,-1.0,0.0192,2,,0.864895,1.0,-1.0,0.864895,-24.346801,0.0,-24.346801,824.18709,"2021-02-11 00:00:00: Leg2_Open missing, used Leg2_Settle",-98.982282
2021-02-12,Active2,CAL,14900,15163.3,CAL.NIF50.14900.20210225,394.9,365.3,365.3,2590,384600,CAL.NIF50.14900.20210304,0.0,412.35,509.1,0,150,2021-02-25,2021-03-04,-1.0,0.1288,2,,0.864895,1.0,-1.0,0.864895,33.990383,0.0,33.990383,858.177474,"2021-02-12 00:00:00: Leg2_Open missing, used Leg2_Settle",-64.991899
2021-02-15,Active2,CAL,14900,15314.7,CAL.NIF50.14900.20210225,430.2,481.7,481.7,1974,355200,CAL.NIF50.14900.20210304,501.5,545.1,545.1,7,375,2021-02-25,2021-03-04,0.1657,0.1316,2,-14.1,0.864895,1.0,-1.0,0.864895,-100.673807,99.302813,-1.370994,856.80648,,-66.362893
2021-02-16,Active2,CAL,15100,15313.45,CAL.NIF50.15100.20210304,447.9,395.65,441.95,44,3975,CAL.NIF50.15100.20210310,0.0,344.05,498.85,0,0,2021-03-04,2021-03-10,-1.0,-0.1304,2,,,1.0,0.0,0.0,0.0,0.0,0.0,856.80648,"2021-02-16 00:00:00: Leg2_Open missing, used Leg2_Settle; 2021-02-16 00:00:00: no open-price ratio (leg open<=0), trade skipped",-66.362893
2021-02-17,Active2,CAL,15100,15208.9,CAL.NIF50.15100.20210304,350.3,301.15,301.15,48,4125,CAL.NIF50.15100.20210310,0.0,344.05,426.4,0,0,2021-03-04,2021-03-10,-1.0,0.1425,2,,,1.0,0.0,0.0,0.0,0.0,0.0,856.80648,"2021-02-17 00:00:00: Leg2_Open missing, used Leg2_Settle; 2021-02-17 00:00:00: no open-price ratio (leg open<=0), trade skipped",-66.362893
2021-02-18,Active2,CAL,15000,15118.95,CAL.NIF50.15000.20210304,368.9,291.4,291.4,569,24675,CAL.NIF50.15000.20210310,371.0,371.0,419.95,1,75,2021-03-04,2021-03-10,0.0057,0.2732,2,77.5,0.99434,1.0,-1.0,0.99434,77.061321,0.0,77.061321,933.867801,,0.0
2021-02-19,Active2,CAL,14900,14981.75,CAL.NIF50.14900.20210304,310.55,261.05,261.05,1370,13725,CAL.NIF50.14900.20210310,0.0,405.15,386.35,0,0,2021-03-04,2021-03-10,-1.0,0.552,2,,,1.0,0.0,0.0,0.0,0.0,0.0,933.867801,"2021-02-19 00:00:00: Leg2_Open missing, used Leg2_Settle; 2021-02-19 00:00:00: no open-price ratio (leg open<=0), trade skipped",0.0
2021-02-22,Active2,CAL,14700,14675.7,CAL.NIF50.14700.20210304,398.65,214.7,214.7,6098,105600,CAL.NIF50.14700.20210310,302.1,281.2,281.2,51,2325,2021-03-04,2021-03-10,-0.2422,0.3097,2,156.37,1.319596,1.0,-1.0,1.319596,242.739714,-36.393881,206.345833,1140.213633,,0.0
2021-02-23,Active2,CAL,14400,14707.8,CAL.NIF50.14400.20210310,0.0,594.15,479.2,0,0,CAL.NIF50.14400.20210318,0.0,840.55,549.15,0,0,2021-03-10,2021-03-18,,0.4147,2,,,1.0,0.0,0.0,0.0,0.0,0.0,1140.213633,"2021-02-23 00:00:00: Leg1_Open missing, used Leg1_Settle; 2021-02-23 00:00:00: Leg2_Open missing, used Leg2_Settle; 2021-02-23 00:00:00: no open-price ratio (leg open<=0), trade skipped",0.0
2021-02-24,Active2,CAL,14500,14982.0,CAL.NIF50.14500.20210310,449.0,600.0,600.0,9,5850,CAL.NIF50.14500.20210318,0.0,787.8,665.9,0,0,2021-03-10,2021-03-18,-1.0,0.313,2,,,1.0,0.0,0.0,0.0,0.0,0.0,1140.213633,"2021-02-24 00:00:00: Leg2_Open missing, used Leg2_Settle; 2021-02-24 00:00:00: no open-price ratio (leg open<=0), trade skipped",0.0
2021-02-25,Active2,CAL,14700,15097.35,CAL.NIF50.14700.20210310,520.65,531.1,531.1,69,3525,CAL.NIF50.14700.20210318,621.3,621.6,600.75,13,150,2021-03-10,2021-03-18,0.1933,0.1704,2,-10.2,0.838001,1.0,-1.0,0.838001,-8.75711,0.210674,-8.546436,1131.667197,,-8.546436
2021-02-26,Active2,CAL,14800,14529.15,CAL.NIF50.14800.20210310,274.3,185.3,185.3,8864,118725,CAL.NIF50.14800.20210318,380.0,257.85,257.85,97,3150,2021-03-10,2021-03-18,0.3853,0.3915,2,0.83,0.721842,1.0,-1.0,0.721842,64.243947,-63.646993,0.596954,1132.264151,,-7.949482
2021-03-01,Active2,CAL,14300,14761.55,CAL.NIF50.14300.20210310,509.1,554.2,554.2,67,1275,CAL.NIF50.14300.20210318,0.0,895.6,654.0,0,0,2021-03-10,2021-03-18,-1.0,0.616,2,,,1.0,0.0,0.0,0.0,0.0,0.0,1132.264151,"2021-03-01 00:00:00: Leg2_Open missing, used Leg2_Settle; 2021-03-01 00:00:00: no open-price ratio (leg open<=0), trade skipped",-7.949482
2021-03-02,Active2,CAL,14500,14919.1,CAL.NIF50.14500.20210318,534.1,575.0,575.0,7,75,CAL.NIF50.14500.20210325,600.0,629.1,629.1,3312,584925,2021-03-18,2021-03-25,0.1234,0.0941,2,-15.0,0.890167,1.0,-1.0,0.890167,-36.407817,23.058744,-13.349073,1118.915078,,-21.298555
2021-03-03,Active2,CAL,14700,15245.6,CAL.NIF50.14700.20210318,483.8,660.7,660.7,45,1425,CAL.NIF50.14700.20210325,542.9,719.8,719.8,3148,314850,2021-03-18,2021-03-25,0.1222,0.0895,2,-19.26,0.89114,1.0,-1.0,0.89114,-157.642697,140.48174,-17.160957,1101.754121,,-38.459512
2021-03-04,Active2,CAL,15000,15080.75,CAL.NIF50.15000.20210318,279.5,331.15,331.15,1233,33075,CAL.NIF50.15000.20210325,362.45,400.25,400.25,37968,1647450,2021-03-18,2021-03-25,0.2968,0.2087,2,-22.5,0.771141,1.0,-1.0,0.771141,-39.829425,22.47808,-17.351345,1084.402777,,-55.810857
2021-03-05,Active2,CAL,14800,14938.1,CAL.NIF50.14800.20210318,380.45,367.7,367.7,547,8325,CAL.NIF50.14800.20210325,435.75,442.05,442.05,7207,532350,2021-03-18,2021-03-25,0.1454,0.2022,2,18.25,0.873092,1.0,-1.0,0.873092,11.131928,4.802429,15.934357,1100.337133,,-39.8765
2021-03-08,Active2,CAL,14700,14956.2,CAL.NIF50.14700.20210325,524.75,483.45,483.45,1735,309075,CAL.NIF50.14700.20210401,0.0,724.65,596.05,0,0,2021-03-25,2021-04-01,-1.0,0.4989,2,,,1.0,0.0,0.0,0.0,0.0,0.0,1100.337133,"2021-03-08 00:00:00: Leg2_Open missing, used Leg2_Settle; 2021-03-08 00:00:00: no open-price ratio (leg open<=0), trade skipped",-39.8765
2021-03-09,Active2,CAL,14700,15098.4,CAL.NIF50.14700.20210325,590.0,569.55,569.55,1261,294750,CAL.NIF50.14700.20210401,0.0,724.65,678.2,0,0,2021-03-25,2021-04-01,-1.0,0.2723,2,,,1.0,0.0,0.0,0.0,0.0,0.0,1100.337133,"2021-03-09 00:00:00: Leg2_Open missing, used Leg2_Settle; 2021-03-09 00:00:00: no open-price ratio (leg open<=0), trade skipped",-39.8765
2021-03-10,Active2,CAL,14800,15174.8,CAL.NIF50.14800.20210325,573.65,523.95,523.95,2077,381600,CAL.NIF50.14800.20210401,569.0,594.45,594.45,4,149175,2021-03-25,2021-04-01,-0.0081,0.1346,2,75.36,1.008172,1.0,-1.0,1.008172,50.10616,25.867666,75.973826,1176.310959,,0.0
2021-03-12,Active2,CAL,14900,15030.95,CAL.NIF50.14900.20210325,467.7,346.45,346.45,5432,374700,CAL.NIF50.14900.20210401,613.25,416.95,416.95,40,150225,2021-03-25,2021-04-01,0.3112,0.2035,2,-28.46,0.762658,1.0,-1.0,0.762658,92.472279,-114.177341,-21.705062,1154.605897,,-21.705062
2021-03-15,Active2,CAL,14800,14929.5,CAL.NIF50.14800.20210325,374.65,333.25,333.25,28340,514575,CAL.NIF50.14800.20210401,438.4,410.0,410.0,770,164475,2021-03-25,2021-04-01,0.1702,0.2303,2,17.13,0.854585,1.0,-1.0,0.854585,35.379813,-20.740954,14.638859,1169.244756,,-7.066203
2021-03-16,Active2,CAL,14700,14910.45,CAL.NIF50.14700.20210401,470.0,432.7,480.8,4,450,CAL.NIF50.14700.20210408,0.0,866.55,554.65,0,0,2021-04-01,2021-04-08,-1.0,1.0027,2,,,1.0,0.0,0.0,0.0,0.0,0.0,1169.244756,"2021-03-16 00:00:00: Leg2_Open missing, used Leg2_Settle; 2021-03-16 00:00:00: no open-price ratio (leg open<=0), trade skipped",-7.066203
2021-03-17,Active2,CAL,14700,14721.3,CAL.NIF50.14700.20210401,432.0,312.2,312.2,445,14025,CAL.NIF50.14700.20210408,415.4,415.4,415.4,1,75,2021-04-01,2021-04-08,-0.0384,0.3306,2,119.8,,1.0,0.0,0.0,0.0,0.0,0.0,1169.244756,"2021-03-17 00:00:00: no open-price ratio (leg open<=0), trade skipped",-7.066203
2021-03-18,Active2,CAL,14500,14557.85,CAL.NIF50.14500.20210401,597.4,312.85,312.85,921,74850,CAL.NIF50.14500.20210408,350.0,280.0,280.0,2,150,2021-04-01,2021-04-08,-0.4141,-0.105,2,165.07,1.706857,1.0,-1.0,1.706857,485.6862,-203.935291,281.750909,1450.995665,,0.0
2021-03-19,Active2,CAL,14300,14744.0,CAL.NIF50.14300.20210401,394.3,552.55,552.55,908,8700,CAL.NIF50.14300.20210408,508.7,508.7,666.15,1,75,2021-04-01,2021-04-08,0.2901,-0.0794,2,-158.25,0.775113,1.0,-1.0,0.775113,-122.661638,0.0,-122.661638,1328.334027,,-122.661638
2021-03-22,Active2,CAL,14500,14736.4,CAL.NIF50.14500.20210401,360.1,381.95,381.95,5757,417750,CAL.NIF50.14500.20210408,397.1,444.25,444.25,233,5475,2021-04-01,2021-04-08,0.1027,0.1631,2,20.91,0.906824,1.0,-1.0,0.906824,-19.814115,38.772889,18.958775,1347.292802,,-103.702863
2021-03-23,Active2,CAL,14500,14814.75,CAL.NIF50.14500.20210408,471.8,480.85,480.85,229,11025,CAL.NIF50.14500.20210415,553.15,553.15,611.2,1,75,2021-04-08,2021-04-15,0.1724,0.1504,2,-9.05,0.852933,1.0,-1.0,0.852933,-7.719045,0.0,-7.719045,1339.573756,,-111.421908
2021-03-24,Active2,CAL,14600,14549.4,CAL.NIF50.14600.20210408,357.2,269.5,269.5,1523,43950,CAL.NIF50.14600.20210415,0.0,1092.25,394.0,0,0,2021-04-08,2021-04-15,-1.0,3.0529,2,,,1.0,0.0,0.0,0.0,0.0,0.0,1339.573756,"2021-03-24 00:00:00: Leg2_Open missing, used Leg2_Settle; 2021-03-24 00:00:00: no open-price ratio (leg open<=0), trade skipped",-111.421908
2021-03-25,Active2,CAL,14300,14324.9,CAL.NIF50.14300.20210408,385.25,307.7,307.7,1255,26175,CAL.NIF50.14300.20210415,0.0,1287.75,415.15,0,0,2021-04-08,2021-04-15,-1.0,3.1851,2,,,1.0,0.0,0.0,0.0,0.0,0.0,1339.573756,"2021-03-25 00:00:00: Leg2_Open missing, used Leg2_Settle; 2021-03-25 00:00:00: no open-price ratio (leg open<=0), trade skipped",-111.421908
2021-03-26,Active2,CAL,14100,14507.3,CAL.NIF50.14100.20210408,546.85,536.85,536.85,10,525,CAL.NIF50.14100.20210415,0.0,1429.15,634.35,0,0,2021-04-08,2021-04-15,-1.0,1.6621,2,,,1.0,0.0,0.0,0.0,0.0,0.0,1339.573756,"2021-03-26 00:00:00: Leg2_Open missing, used Leg2_Settle; 2021-03-26 00:00:00: no open-price ratio (leg open<=0), trade skipped",-111.421908
2021-03-31,Active2,CAL,14300,14690.7,CAL.NIF50.14300.20210415,0.0,417.35,577.85,0,0,CAL.NIF50.14300.20210422,0.0,1242.05,647.6,0,0,2021-04-15,2021-04-22,,1.976,2,,,1.0,0.0,0.0,0.0,0.0,0.0,1339.573756,"2021-03-31 00:00:00: Leg1_Open missing, used Leg1_Settle; 2021-03-31 00:00:00: Leg2_Open missing, used Leg2_Settle; 2021-03-31 00:00:00: no open-price ratio (leg open<=0), trade skipped",-111.421908
2021-04-01,Active2,CAL,14400,14867.35,CAL.NIF50.14400.20210415,485.55,500.0,624.0,3,1950,CAL.NIF50.14400.20210422,0.0,1175.65,693.55,0,0,2021-04-15,2021-04-22,-1.0,1.3513,2,,,1.0,0.0,0.0,0.0,0.0,0.0,1339.573756,"2021-04-01 00:00:00: Leg2_Open missing, used Leg2_Settle; 2021-04-01 00:00:00: no open-price ratio (leg open<=0), trade skipped",-111.421908
2021-04-05,Active2,CAL,14600,14637.8,CAL.NIF50.14600.20210415,359.4,243.1,243.1,9299,84750,CAL.NIF50.14600.20210422,311.6,305.3,305.3,81,1875,2021-04-15,2021-04-22,-0.133,0.2559,2,109.03,1.153402,1.0,-1.0,1.153402,134.140629,-8.381115,125.759514,1465.33327,,0.0
2021-04-06,Active2,CAL,14400,14683.5,CAL.NIF50.14400.20210422,0.0,1175.65,517.6,0,0,CAL.NIF50.14400.20210429,518.9,524.15,524.15,976,213750,2021-04-22,2021-04-29,,-0.5542,2,,,1.0,0.0,0.0,0.0,0.0,0.0,1465.33327,"2021-04-06 00:00:00: Leg1_Open missing, used Leg1_Settle; 2021-04-06 00:00:00: no open-price ratio (leg open<=0), trade skipped",0.0
2021-04-07,Active2,CAL,14400,14819.05,CAL.NIF50.14400.20210422,0.0,1175.65,598.45,0,0,CAL.NIF50.14400.20210429,520.5,612.85,612.85,967,206850,2021-04-22,2021-04-29,,-0.4787,2,,,1.0,0.0,0.0,0.0,0.0,0.0,1465.33327,"2021-04-07 00:00:00: Leg1_Open missing, used Leg1_Settle; 2021-04-07 00:00:00: no open-price ratio (leg open<=0), trade skipped",0.0
2021-04-08,Active2,CAL,14600,14873.8,CAL.NIF50.14600.20210422,496.25,410.45,491.8,15,1950,CAL.NIF50.14600.20210429,493.0,486.5,486.5,2878,493650,2021-04-22,2021-04-29,-0.0065,0.1853,2,79.26,1.006592,1.0,-1.0,1.006592,86.365619,-6.585982,79.779636,1545.112907,,0.0
2021-04-09,Active2,CAL,14600,14834.85,CAL.NIF50.14600.20210422,408.1,365.0,453.95,65,4125,CAL.NIF50.14600.20210429,458.05,449.0,449.0,1759,496650,2021-04-22,2021-04-29,0.1224,0.2301,2,35.04,1.006592,1.0,-1.0,1.006592,45.74962,-37.996052,7.753568,1552.866475,,0.0
2021-04-12,Active2,CAL,14600,14310.8,CAL.NIF50.14600.20210422,228.2,110.7,110.7,15994,160650,CAL.NIF50.14600.20210429,452.15,175.45,175.45,29933,769350,2021-04-22,2021-04-29,0.9814,0.5849,2,-22.15,1.006592,1.0,-1.0,1.006592,255.97642,-277.168531,-21.192111,1531.674364,,-21.192111
2021-04-13,Active2,CAL,14100,14504.8,CAL.NIF50.14100.20210429,444.05,545.45,545.45,972,47175,CAL.NIF50.14100.20210506,0.0,1358.75,661.55,0,0,2021-04-29,2021-05-06,-1.0,1.4911,2,,,1.0,0.0,0.0,0.0,0.0,0.0,1531.674364,"2021-04-13 00:00:00: Leg2_Open missing, used Leg2_Settle; 2021-04-13 00:00:00: no open-price ratio (leg open<=0), trade skipped",-21.192111
2021-04-15,Active2,CAL,14300,14581.45,CAL.NIF50.14300.20210429,391.95,426.05,426.05,7031,179175,CAL.NIF50.14300.20210506,365.1,400.0,566.3,9,300,2021-04-29,2021-05-06,-0.0685,-0.0611,2,3.37,1.073541,1.0,-1.0,1.073541,-36.607765,40.221948,3.614183,1535.288547,,-17.577928
2021-04-16,Active2,CAL,14300,14617.85,CAL.NIF50.14300.20210429,445.85,453.45,453.45,1701,150075,CAL.NIF50.14300.20210506,525.85,511.85,579.15,4,300,2021-04-29,2021-05-06,0.1794,0.1288,2,-19.47,1.073541,1.0,-1.0,1.073541,-29.415037,128.906157,99.49112,1634.779666,,0.0
2021-04-19,Active2,CAL,14400,14359.45,CAL.NIF50.14400.20210429,214.75,207.75,207.75,42391,535350,CAL.NIF50.14400.20210506,308.6,277.65,277.65,462,7425,2021-04-29,2021-05-06,0.437,0.3365,2,-14.54,0.695885,1.0,-1.0,0.695885,4.871192,-14.987706,-10.116513,1624.663153,,-10.116513
2021-04-20,Active2,CAL,14100,14296.4,CAL.NIF50.14100.20210506,543.7,404.1,404.1,5,225,CAL.NIF50.14100.20210512,0.0,1421.6,516.3,0,0,2021-05-06,2021-05-12,-1.0,2.5179,2,,,1.0,0.0,0.0,0.0,0.0,0.0,1624.663153,"2021-04-20 00:00:00: Leg2_Open missing, used Leg2_Settle; 2021-04-20 00:00:00: no open-price ratio (leg open<=0), trade skipped",-10.116513
2021-04-22,Active2,CAL,14000,14406.15,CAL.NIF50.14000.20210506,382.55,559.55,559.55,201,7575,CAL.NIF50.14000.20210512,0.0,1494.8,629.95,0,0,2021-05-06,2021-05-12,-1.0,1.6714,2,,,1.0,0.0,0.0,0.0,0.0,0.0,1624.663153,"2021-04-22 00:00:00: Leg2_Open missing, used Leg2_Settle; 2021-04-22 00:00:00: no open-price ratio (leg open<=0), trade skipped",-10.116513
2021-04-23,Active2,CAL,14200,14341.35,CAL.NIF50.14200.20210506,369.15,344.25,344.25,1314,29325,CAL.NIF50.14200.20210512,381.0,400.9,400.9,14,600,2021-05-06,2021-05-12,0.0321,0.1646,2,44.18,0.968898,1.0,-1.0,0.968898,24.125551,18.681376,42.806928,1667.470081,,0.0
2021-04-26,Active2,CAL,14100,14485.0,CAL.NIF50.14100.20210506,466.3,497.85,497.85,48,12975,CAL.NIF50.14100.20210512,0.0,1421.6,577.45,0,0,2021-05-06,2021-05-12,-1.0,1.8555,2,,,1.0,0.0,0.0,0.0,0.0,0.0,1667.470081,"2021-04-26 00:00:00: Leg2_Open missing, used Leg2_Settle; 2021-04-26 00:00:00: no open-price ratio (leg open<=0), trade skipped",0.0
2021-04-27,Active2,CAL,14200,14653.05,CAL.NIF50.14200.20210512,496.8,570.1,617.45,17,1275,CAL.NIF50.14200.20210520,0.0,923.45,693.1,0,0,2021-05-12,2021-05-20,-1.0,0.6198,2,,,1.0,0.0,0.0,0.0,0.0,0.0,1667.470081,"2021-04-27 00:00:00: Leg2_Open missing, used Leg2_Settle; 2021-04-27 00:00:00: no open-price ratio (leg open<=0), trade skipped",0.0
2021-04-28,Active2,CAL,14400,14864.55,CAL.NIF50.14400.20210512,463.35,580.0,619.45,49,5175,CAL.NIF50.14400.20210520,0.0,400.0,697.45,0,75,2021-05-12,2021-05-20,-1.0,-0.3103,2,,,1.0,0.0,0.0,0.0,0.0,0.0,1667.470081,"2021-04-28 00:00:00: Leg2_Open missing, used Leg2_Settle; 2021-04-28 00:00:00: no open-price ratio (leg open<=0), trade skipped",0.0
2021-04-29,Active2,CAL,14600,14894.9,CAL.NIF50.14600.20210512,519.15,444.6,444.6,507,24450,CAL.NIF50.14600.20210520,0.0,500.35,578.35,0,75,2021-05-12,2021-05-20,-1.0,0.1254,2,,,1.0,0.0,0.0,0.0,0.0,0.0,1667.470081,"2021-04-29 00:00:00: Leg2_Open missing, used Leg2_Settle; 2021-04-29 00:00:00: no open-price ratio (leg open<=0), trade skipped",0.0
2021-04-30,Active2,CAL,14600,14631.1,CAL.NIF50.14600.20210512,352.95,278.85,278.85,1407,43050,CAL.NIF50.14600.20210520,385.25,341.1,341.1,9,300,2021-05-12,2021-05-20,0.0915,0.2232,2,33.65,,1.0,0.0,0.0,0.0,0.0,0.0,1667.470081,"2021-04-30 00:00:00: no open-price ratio (leg open<=0), trade skipped",0.0
2021-05-03,Active2,CAL,14400,14634.15,CAL.NIF50.14400.20210512,270.35,376.75,376.75,2026,25050,CAL.NIF50.14400.20210520,354.85,397.85,493.2,9,150,2021-05-12,2021-05-20,0.3126,0.056,2,-73.64,0.761871,1.0,-1.0,0.761871,-81.063097,24.959253,-56.103844,1611.366237,,-56.103844
2021-05-04,Active2,CAL,14400,14496.5,CAL.NIF50.14400.20210520,425.0,363.1,399.45,9,600,CAL.NIF50.14400.20210527,545.15,413.75,413.75,1479,150750,2021-05-20,2021-05-27,0.2827,0.1395,2,-40.54,0.779602,1.0,-1.0,0.779602,48.25736,-79.862186,-31.604825,1579.761411,,-87.708669
2021-05-05,Active2,CAL,14200,14617.85,CAL.NIF50.14200.20210520,521.95,521.95,589.9,3,525,CAL.NIF50.14200.20210527,572.8,617.7,617.7,1509,113700,2021-05-20,2021-05-27,0.0974,0.1834,2,40.91,0.911226,1.0,-1.0,0.911226,0.0,37.281908,37.281908,1617.043319,,-50.426762
2021-05-06,Active2,CAL,14400,14724.8,CAL.NIF50.14400.20210520,419.0,461.75,461.75,8,825,CAL.NIF50.14400.20210527,503.0,531.65,531.65,740,148050,2021-05-20,2021-05-27,0.2005,0.1514,2,-18.88,0.833002,1.0,-1.0,0.833002,-35.610835,19.880015,-15.73082,1601.312499,,-66.157582
2021-05-07,Active2,CAL,14500,14823.15,CAL.NIF50.14500.20210520,446.05,437.55,437.55,401,14025,CAL.NIF50.14500.20210527,520.0,515.1,515.1,3513,1330425,2021-05-20,2021-05-27,0.1658,0.1772,2,4.3,0.857788,1.0,-1.0,0.857788,7.291202,-3.605425,3.685777,1604.998275,,-62.471805
2021-05-10,Active2,CAL,14600,14942.35,CAL.NIF50.14600.20210527,494.65,503.4,503.4,3130,663825,CAL.NIF50.14600.20210603,0.0,865.95,633.3,0,0,2021-05-27,2021-06-03,-1.0,0.7202,2,,,1.0,0.0,0.0,0.0,0.0,0.0,1604.998275,"2021-05-10 00:00:00: Leg2_Open missing, used Leg2_Settle; 2021-05-10 00:00:00: no open-price ratio (leg open<=0), trade skipped",-62.471805
2021-05-11,Active2,CAL,14700,14850.75,CAL.NIF50.14700.20210527,330.05,340.1,340.1,9275,820425,CAL.NIF50.14700.20210603,0.0,811.35,507.25,0,0,2021-05-27,2021-06-03,-1.0,1.3856,2,,,1.0,0.0,0.0,0.0,0.0,0.0,1604.998275,"2021-05-11 00:00:00: Leg2_Open missing, used Leg2_Settle; 2021-05-11 00:00:00: no open-price ratio (leg open<=0), trade skipped",-62.471805
2021-05-12,Active2,CAL,14600,14696.5,CAL.NIF50.14600.20210527,365.4,292.8,292.8,7850,696150,CAL.NIF50.14600.20210603,0.0,865.95,463.15,0,0,2021-05-27,2021-06-03,-1.0,1.9575,2,,,1.0,0.0,0.0,0.0,0.0,0.0,1604.998275,"2021-05-12 00:00:00: Leg2_Open missing, used Leg2_Settle; 2021-05-12 00:00:00: no open-price ratio (leg open<=0), trade skipped",-62.471805
2021-05-14,Active2,CAL,14400,14677.8,CAL.NIF50.14400.20210527,428.7,415.25,415.25,1121,127575,CAL.NIF50.14400.20210603,451.65,467.05,467.05,4,225,2021-05-27,2021-06-03,0.0535,0.1247,2,28.07,0.949186,1.0,-1.0,0.949186,12.766556,13.874702,26.641258,1631.639533,,-35.830547
2021-05-17,Active2,CAL,14400,14923.15,CAL.NIF50.14400.20210527,445.85,594.4,594.4,1178,119925,CAL.NIF50.14400.20210603,530.0,539.0,687.7,2,225,2021-05-27,2021-06-03,0.1887,-0.0932,2,-140.98,0.949186,1.0,-1.0,0.949186,-170.046729,64.823688,-105.223041,1526.416493,,-141.053588
2021-05-18,Active2,CAL,14700,15108.1,CAL.NIF50.14700.20210603,472.85,527.7,527.7,498,34725,CAL.NIF50.14700.20210610,0.0,830.8,668.55,0,0,2021-06-03,2021-06-10,-1.0,0.5744,2,,,1.0,0.0,0.0,0.0,0.0,0.0,1526.416493,"2021-05-18 00:00:00: Leg2_Open missing, used Leg2_Settle; 2021-05-18 00:00:00: no open-price ratio (leg open<=0), trade skipped",-141.053588
2021-05-19,Active2,CAL,14900,15030.15,CAL.NIF50.14900.20210603,328.8,308.35,308.35,180,16050,CAL.NIF50.14900.20210610,0.0,380.0,488.85,0,75,2021-06-03,2021-06-10,-1.0,0.2324,2,,,1.0,0.0,0.0,0.0,0.0,0.0,1526.416493,"2021-05-19 00:00:00: Leg2_Open missing, used Leg2_Settle; 2021-05-19 00:00:00: no open-price ratio (leg open<=0), trade skipped",-141.053588
2021-05-20,Active2,CAL,14800,14906.05,CAL.NIF50.14800.20210603,368.75,281.15,281.15,278,18825,CAL.NIF50.14800.20210610,413.3,331.7,331.7,15,1425,2021-06-03,2021-06-10,0.1208,0.1798,2,14.8,0.892209,1.0,-1.0,0.892209,78.157513,-64.956618,13.200895,1539.617387,,-127.852694
2021-05-21,Active2,CAL,14700,15175.3,CAL.NIF50.14700.20210603,404.0,549.2,549.2,539,42300,CAL.NIF50.14700.20210610,0.0,830.8,686.8,0,0,2021-06-03,2021-06-10,-1.0,0.5127,2,,,1.0,0.0,0.0,0.0,0.0,0.0,1539.617387,"2021-05-21 00:00:00: Leg2_Open missing, used Leg2_Settle; 2021-05-21 00:00:00: no open-price ratio (leg open<=0), trade skipped",-127.852694
2021-05-24,Active2,CAL,14900,15197.7,CAL.NIF50.14900.20210603,369.85,375.75,375.75,1109,35700,CAL.NIF50.14900.20210610,447.9,421.65,421.65,45,2850,2021-06-03,2021-06-10,0.211,0.1222,2,-27.58,0.825742,1.0,-1.0,0.825742,-4.87188,-17.898574,-22.770454,1516.846933,,-150.623147
2021-05-25,Active2,CAL,14900,15208.45,CAL.NIF50.14900.20210610,473.5,425.4,425.4,18,3375,CAL.NIF50.14900.20210617,0.0,585.4,605.35,0,0,2021-06-10,2021-06-17,-1.0,0.3761,2,,,1.0,0.0,0.0,0.0,0.0,0.0,1516.846933,"2021-05-25 00:00:00: Leg2_Open missing, used Leg2_Settle; 2021-05-25 00:00:00: no open-price ratio (leg open<=0), trade skipped",-150.623147
2021-05-26,Active2,CAL,15000,15301.45,CAL.NIF50.15000.20210610,340.0,400.4,400.4,192,14625,CAL.NIF50.15000.20210617,421.25,421.25,593.2,1,75,2021-06-10,2021-06-17,0.239,0.0521,2,-60.4,0.807122,1.0,-1.0,0.807122,-48.750148,0.0,-48.750148,1468.096785,,-199.373296
2021-05-27,Active2,CAL,15100,15337.85,CAL.NIF50.15100.20210610,326.55,347.15,347.15,80,15750,CAL.NIF50.15100.20210617,411.95,405.6,545.15,2,450,2021-06-10,2021-06-17,0.2615,0.1684,2,-25.63,0.792693,1.0,-1.0,0.792693,-16.329482,-3.990103,-20.319585,1447.7772,,-219.69288
2021-05-28,Active2,CAL,15100,15435.65,CAL.NIF50.15100.20210610,409.9,393.3,393.3,280,21675,CAL.NIF50.15100.20210617,727.7,444.1,596.8,6,525,2021-06-10,2021-06-17,0.7753,0.1292,2,-143.15,0.792693,1.0,-1.0,0.792693,-36.582795,24.191962,-12.390833,1435.386367,,-232.083713
2021-05-31,Active2,CAL,15200,15582.8,CAL.NIF50.15200.20210610,300.3,402.9,402.9,2216,86475,CAL.NIF50.15200.20210617,328.85,435.0,599.65,91,11250,2021-06-10,2021-06-17,0.0951,0.0797,2,-5.67,0.913182,1.0,-1.0,0.913182,-93.692504,88.518688,-5.173816,1430.212551,,-237.257529
2021-06-01,Active2,CAL,15300,15574.85,CAL.NIF50.15300.20210617,415.0,373.7,373.7,22,2850,CAL.NIF50.15300.20210624,438.95,438.75,438.75,4520,784575,2021-06-17,2021-06-24,0.0577,0.1741,2,41.11,0.945438,1.0,-1.0,0.945438,39.046588,-0.178771,38.867818,1469.080369,,-198.389711
2021-06-02,Active2,CAL,15300,15576.2,CAL.NIF50.15300.20210617,332.3,372.55,372.55,49,4650,CAL.NIF50.15300.20210624,401.0,430.1,430.1,4345,723975,2021-06-17,2021-06-24,0.2067,0.1545,2,-16.14,0.945438,1.0,-1.0,0.945438,1.087254,-7.731828,-6.644575,1462.435795,,-205.034286
2021-06-03,Active2,CAL,15300,15690.35,CAL.NIF50.15300.20210617,421.0,437.8,437.8,22,3900,CAL.NIF50.15300.20210624,473.8,491.15,491.15,3042,680700,2021-06-17,2021-06-24,0.1254,0.1219,2,-1.38,0.945438,1.0,-1.0,0.945438,-61.689828,54.569724,-7.120104,1455.31569,,-212.15439
2021-06-04,Active2,CAL,15400,15670.25,CAL.NIF50.15400.20210617,350.0,341.35,341.35,763,43350,CAL.NIF50.15400.20210624,413.45,391.0,391.0,3365,543600,2021-06-17,2021-06-24,0.1813,0.1455,2,-10.35,0.846535,1.0,-1.0,0.846535,7.32253,-16.088162,-8.765632,1446.550058,,-220.920023
2021-06-07,Active2,CAL,15400,15751.65,CAL.NIF50.15400.20210617,368.9,399.9,399.9,532,31200,CAL.NIF50.15400.20210624,418.7,448.0,448.0,3142,529350,2021-06-17,2021-06-24,0.135,0.1203,2,-5.18,0.846535,1.0,-1.0,0.846535,-49.564639,40.84745,-8.717189,1437.832869,,-229.637211
2021-06-08,Active2,CAL,15500,15740.1,CAL.NIF50.15500.20210624,361.1,352.25,352.25,4784,1178475,CAL.NIF50.15500.20210701,0.0,345.3,570.05,0,0,2021-06-24,2021-07-01,-1.0,-0.0197,2,,,1.0,0.0,0.0,0.0,0.0,0.0,1437.832869,"2021-06-08 00:00:00: Leg2_Open missing, used Leg2_Settle; 2021-06-08 00:00:00: no open-price ratio (leg open<=0), trade skipped",-229.637211
2021-06-09,Active2,CAL,15500,15635.35,CAL.NIF50.15500.20210624,345.65,270.2,270.2,12347,1051575,CAL.NIF50.15500.20210701,410.0,320.0,496.9,2,75,2021-06-24,2021-07-01,0.1862,0.1843,2,-0.42,,1.0,0.0,0.0,0.0,0.0,0.0,1437.832869,"2021-06-09 00:00:00: no open-price ratio (leg open<=0), trade skipped",-229.637211
2021-06-10,Active2,CAL,15400,15737.75,CAL.NIF50.15400.20210624,350.9,407.15,407.15,3079,508050,CAL.NIF50.15400.20210701,0.0,374.6,608.55,0,300,2021-06-24,2021-07-01,-1.0,-0.0799,2,,,1.0,0.0,0.0,0.0,0.0,0.0,1437.832869,"2021-06-10 00:00:00: Leg2_Open missing, used Leg2_Settle; 2021-06-10 00:00:00: no open-price ratio (leg open<=0), trade skipped",-229.637211
2021-06-11,Active2,CAL,15500,15799.35,CAL.NIF50.15500.20210624,350.0,366.35,366.35,4970,984075,CAL.NIF50.15500.20210701,380.0,412.8,575.3,6,300,2021-06-24,2021-07-01,0.0857,0.1268,2,13.86,0.921053,1.0,-1.0,0.921053,-15.059211,27.825485,12.766274,1450.599143,,-216.870937
2021-06-14,Active2,CAL,15500,15811.85,CAL.NIF50.15500.20210624,332.05,373.5,373.5,9283,946725,CAL.NIF50.15500.20210701,360.0,383.0,551.45,8,375,2021-06-24,2021-07-01,0.0842,0.0254,2,-20.24,0.921053,1.0,-1.0,0.921053,-6.585526,-25.280471,-31.865997,1418.733146,,-248.736934
2021-06-15,Active2,CAL,15600,15869.25,CAL.NIF50.15600.20210701,360.0,366.65,366.65,76,3075,CAL.NIF50.15600.20210708,0.0,377.2,586.5,0,0,2021-07-01,2021-07-08,-1.0,0.0288,2,,,1.0,0.0,0.0,0.0,0.0,0.0,1418.733146,"2021-06-15 00:00:00: Leg2_Open missing, used Leg2_Settle; 2021-06-15 00:00:00: no open-price ratio (leg open<=0), trade skipped",-248.736934
2021-06-16,Active2,CAL,15600,15767.55,CAL.NIF50.15600.20210701,350.05,305.0,305.0,103,6750,CAL.NIF50.15600.20210708,0.0,377.2,513.95,0,0,2021-07-01,2021-07-08,-1.0,0.2367,2,,,1.0,0.0,0.0,0.0,0.0,0.0,1418.733146,"2021-06-16 00:00:00: Leg2_Open missing, used Leg2_Settle; 2021-06-16 00:00:00: no open-price ratio (leg open<=0), trade skipped",-248.736934
2021-06-17,Active2,CAL,15500,15691.4,CAL.NIF50.15500.20210701,312.35,299.05,299.05,480,13425,CAL.NIF50.15500.20210708,0.0,408.8,514.7,0,0,2021-07-01,2021-07-08,-1.0,0.367,2,,,1.0,0.0,0.0,0.0,0.0,0.0,1418.733146,"2021-06-17 00:00:00: Leg2_Open missing, used Leg2_Settle; 2021-06-17 00:00:00: no open-price ratio (leg open<=0), trade skipped",-248.736934
2021-06-18,Active2,CAL,15400,15683.35,CAL.NIF50.15400.20210701,404.35,362.75,362.75,1443,15975,CAL.NIF50.15400.20210708,360.0,372.0,558.5,2,150,2021-07-01,2021-07-08,-0.1097,0.0255,2,55.08,1.123194,1.0,-1.0,1.123194,46.724889,15.138789,61.863678,1480.596824,,-186.873256
2021-06-21,Active2,CAL,15400,15746.5,CAL.NIF50.15400.20210701,283.85,404.9,404.9,1128,21000,CAL.NIF50.15400.20210708,312.0,442.3,442.3,71,825,2021-07-01,2021-07-08,0.0992,0.0924,2,-2.51,1.123194,1.0,-1.0,1.123194,-47.342646,88.688073,41.345427,1521.942251,,-145.527829
2021-06-22,Active2,CAL,15500,15772.75,CAL.NIF50.15500.20210708,402.8,375.55,375.55,99,5925,CAL.NIF50.15500.20210715,0.0,401.35,581.6,0,150,2021-07-08,2021-07-15,-1.0,0.0687,2,,,1.0,0.0,0.0,0.0,0.0,0.0,1521.942251,"2021-06-22 00:00:00: Leg2_Open missing, used Leg2_Settle; 2021-06-22 00:00:00: no open-price ratio (leg open<=0), trade skipped",-145.527829
2021-06-23,Active2,CAL,15500,15686.95,CAL.NIF50.15500.20210708,425.55,323.3,323.3,135,7275,CAL.NIF50.15500.20210715,494.35,379.3,518.45,4,300,2021-07-08,2021-07-15,0.1617,0.1732,2,3.21,,1.0,0.0,0.0,0.0,0.0,0.0,1521.942251,"2021-06-23 00:00:00: no open-price ratio (leg open<=0), trade skipped",-145.527829
2021-06-24,Active2,CAL,15400,15790.45,CAL.NIF50.15400.20210708,440.75,468.7,468.7,29,1050,CAL.NIF50.15400.20210715,0.0,426.55,635.8,0,0,2021-07-08,2021-07-15,-1.0,-0.0899,2,,,1.0,0.0,0.0,0.0,0.0,0.0,1521.942251,"2021-06-24 00:00:00: Leg2_Open missing, used Leg2_Settle; 2021-06-24 00:00:00: no open-price ratio (leg open<=0), trade skipped",-145.527829
2021-06-25,Active2,CAL,15500,15860.35,CAL.NIF50.15500.20210708,392.95,405.7,405.7,444,20475,CAL.NIF50.15500.20210715,427.75,430.0,607.55,2,300,2021-07-08,2021-07-15,0.0886,0.0599,2,-10.68,0.918644,1.0,-1.0,0.918644,-11.712712,1.898791,-9.813921,1512.12833,,-155.341751
2021-06-28,Active2,CAL,15600,15814.7,CAL.NIF50.15600.20210708,339.95,286.65,286.65,1034,59025,CAL.NIF50.15600.20210715,372.9,329.95,329.95,36,1875,2021-07-08,2021-07-15,0.0969,0.1511,2,14.15,0.911639,1.0,-1.0,0.911639,48.590333,-35.695091,12.895242,1525.023572,,-142.446509
2021-06-29,Active2,CAL,15600,15748.45,CAL.NIF50.15600.20210715,288.65,262.45,262.45,68,1650,CAL.NIF50.15600.20210722,0.0,435.55,504.45,0,0,2021-07-15,2021-07-22,-1.0,0.6596,2,,,1.0,0.0,0.0,0.0,0.0,0.0,1525.023572,"2021-06-29 00:00:00: Leg2_Open missing, used Leg2_Settle; 2021-06-29 00:00:00: no open-price ratio (leg open<=0), trade skipped",-142.446509
2021-06-30,Active2,CAL,15500,15721.5,CAL.NIF50.15500.20210715,360.0,296.2,296.2,360,23925,CAL.NIF50.15500.20210722,0.0,470.9,535.1,0,0,2021-07-15,2021-07-22,-1.0,0.5898,2,,,1.0,0.0,0.0,0.0,0.0,0.0,1525.023572,"2021-06-30 00:00:00: Leg2_Open missing, used Leg2_Settle; 2021-06-30 00:00:00: no open-price ratio (leg open<=0), trade skipped",-142.446509
2021-07-01,Active2,CAL,15500,15680.0,CAL.NIF50.15500.20210715,292.9,263.35,263.35,413,44850,CAL.NIF50.15500.20210722,0.0,470.9,499.2,0,0,2021-07-15,2021-07-22,-1.0,0.7881,2,,,1.0,0.0,0.0,0.0,0.0,0.0,1525.023572,"2021-07-01 00:00:00: Leg2_Open missing, used Leg2_Settle; 2021-07-01 00:00:00: no open-price ratio (leg open<=0), trade skipped",-142.446509
2021-07-02,Active2,CAL,15400,15722.2,CAL.NIF50.15400.20210715,348.35,357.65,357.65,98,4275,CAL.NIF50.15400.20210722,354.0,352.4,575.6,3,225,2021-07-15,2021-07-22,0.0162,-0.0147,2,-10.87,0.98404,1.0,-1.0,0.98404,-9.151568,-1.549334,-10.700902,1514.32267,,-153.147411
2021-07-05,Active2,CAL,15500,15834.35,CAL.NIF50.15500.20210715,303.0,360.3,360.3,399,108225,CAL.NIF50.15500.20210722,379.25,380.0,380.0,8,450,2021-07-15,2021-07-22,0.2517,0.0547,2,-56.7,0.798945,1.0,-1.0,0.798945,-45.779565,0.478735,-45.30083,1469.02184,,-198.448241
2021-07-06,Active2,CAL,15600,15818.25,CAL.NIF50.15600.20210722,324.3,300.0,300.0,9,525,CAL.NIF50.15600.20210729,324.75,327.45,327.45,3897,208550,2021-07-22,2021-07-29,0.0014,0.0915,2,27.0,0.998614,1.0,-1.0,0.998614,24.266328,2.692523,26.95885,1495.98069,,-171.48939
2021-07-07,Active2,CAL,15600,15879.65,CAL.NIF50.15600.20210722,265.85,288.2,498.35,8,825,CAL.NIF50.15600.20210729,301.05,357.7,357.7,3934,228500,2021-07-22,2021-07-29,0.1324,0.2412,2,27.68,0.998614,1.0,-1.0,0.998614,11.783649,30.166224,41.949873,1537.930564,,-129.539517
2021-07-08,Active2,CAL,15600,15727.9,CAL.NIF50.15600.20210722,313.7,236.7,236.7,84,3375,CAL.NIF50.15600.20210729,357.7,271.4,271.4,14228,323450,2021-07-22,2021-07-29,0.1403,0.1466,2,1.32,0.998614,1.0,-1.0,0.998614,51.428637,-86.060997,-34.63236,1503.298204,,-164.171877
2021-07-09,Active2,CAL,15500,15689.8,CAL.NIF50.15500.20210722,269.05,278.55,278.55,2456,29850,CAL.NIF50.15500.20210729,294.65,318.8,318.8,13100,617500,2021-07-22,2021-07-29,0.0951,0.1445,2,12.55,0.913117,1.0,-1.0,0.913117,-8.674614,20.135863,11.461249,1514.759453,,-152.710628
2021-07-12,Active2,CAL,15400,15692.6,CAL.NIF50.15400.20210722,401.15,343.75,343.75,137,8025,CAL.NIF50.15400.20210729,422.25,377.45,377.45,960,91700,2021-07-22,2021-07-29,0.0526,0.098,2,14.84,0.95003,1.0,-1.0,0.95003,54.531699,-40.43452,14.097179,1528.856632,,-138.613449
2021-07-13,Active2,CAL,15400,15812.35,CAL.NIF50.15400.20210729,430.8,471.45,471.45,833,84700,CAL.NIF50.15400.20210805,0.0,905.2,658.65,0,0,2021-07-29,2021-08-05,-1.0,0.92,2,,,1.0,0.0,0.0,0.0,0.0,0.0,1528.856632,"2021-07-13 00:00:00: Leg2_Open missing, used Leg2_Settle; 2021-07-13 00:00:00: no open-price ratio (leg open<=0), trade skipped",-138.613449
2021-07-14,Active2,CAL,15600,15853.95,CAL.NIF50.15600.20210729,286.3,330.9,330.9,5020,301800,CAL.NIF50.15600.20210805,319.9,354.75,354.75,7,400,2021-07-29,2021-08-05,0.1174,0.0721,2,-13.41,0.894967,1.0,-1.0,0.894967,-39.915536,27.913674,-12.001862,1516.85477,,-150.615311
2021-07-15,Active2,CAL,15600,15924.2,CAL.NIF50.15600.20210729,338.05,376.75,376.75,4505,249450,CAL.NIF50.15600.20210805,382.75,403.2,403.2,35,950,2021-07-29,2021-08-05,0.1322,0.0702,2,-20.64,0.894967,1.0,-1.0,0.894967,-41.034245,38.806815,-2.22743,1514.627339,,-152.842741
2021-07-16,Active2,CAL,15700,15923.4,CAL.NIF50.15700.20210729,319.9,284.45,284.45,11154,641650,CAL.NIF50.15700.20210805,363.35,326.35,326.35,105,11550,2021-07-29,2021-08-05,0.1358,0.1473,2,2.87,0.880418,1.0,-1.0,0.880418,31.21083,-28.680048,2.530782,1517.158121,,-150.31196
2021-07-19,Active2,CAL,15700,15752.4,CAL.NIF50.15700.20210729,163.15,153.9,153.9,91035,1043200,CAL.NIF50.15700.20210805,240.65,203.55,203.55,1894,42650,2021-07-29,2021-08-05,0.475,0.3226,2,-15.9,0.880418,1.0,-1.0,0.880418,114.938613,-95.186754,19.751859,1536.90998,,-130.560101
2021-07-20,Active2,CAL,15500,15632.1,CAL.NIF50.15500.20210805,330.85,261.9,261.9,793,19900,CAL.NIF50.15500.20210812,295.6,338.15,338.15,2,100,2021-08-05,2021-08-12,-0.1065,0.2911,2,116.57,1.119249,1.0,-1.0,1.119249,77.172218,53.303163,130.475381,1667.38536,,-0.08472
2021-07-22,Active2,CAL,15400,15824.05,CAL.NIF50.15400.20210805,385.5,459.6,459.6,55,2150,CAL.NIF50.15400.20210812,0.0,550.0,645.6,0,50,2021-08-05,2021-08-12,-1.0,0.1967,2,,,1.0,0.0,0.0,0.0,0.0,0.0,1667.38536,"2021-07-22 00:00:00: Leg2_Open missing, used Leg2_Settle; 2021-07-22 00:00:00: no open-price ratio (leg open<=0), trade skipped",-0.08472
2021-07-23,Active2,CAL,15600,15856.05,CAL.NIF50.15600.20210805,290.65,300.8,300.8,2242,56550,CAL.NIF50.15600.20210812,330.0,328.05,328.05,15,450,2021-08-05,2021-08-12,0.1354,0.0906,2,-11.87,0.880758,1.0,-1.0,0.880758,-8.939689,-1.512681,-10.452371,1656.93299,,-10.537091
2021-07-26,Active2,CAL,15600,15824.45,CAL.NIF50.15600.20210805,265.8,278.15,278.15,1726,60500,CAL.NIF50.15600.20210812,271.35,317.95,317.95,139,4250,2021-08-05,2021-08-12,0.0209,0.1431,2,33.3,0.880758,1.0,-1.0,0.880758,19.949159,-7.834912,12.114247,1669.047237,,0.0
2021-07-27,Active2,CAL,15600,15746.45,CAL.NIF50.15600.20210812,340.0,257.2,257.2,159,5850,CAL.NIF50.15600.20210818,353.75,287.2,478.8,5,200,2021-08-12,2021-08-18,0.0404,0.1166,2,18.84,0.961131,1.0,-1.0,0.961131,79.581625,-61.477047,18.104579,1687.151815,,0.0
2021-07-28,Active2,CAL,15500,15709.4,CAL.NIF50.15500.20210812,300.0,310.3,310.3,1589,20450,CAL.NIF50.15500.20210818,307.35,338.15,338.15,8,50,2021-08-12,2021-08-18,0.0245,0.0898,2,19.76,0.976086,1.0,-1.0,0.976086,-10.053685,29.344505,19.29082,1706.442636,,0.0
2021-07-29,Active2,CAL,15500,15778.45,CAL.NIF50.15500.20210812,346.0,341.45,341.45,1604,47000,CAL.NIF50.15500.20210818,384.75,383.75,383.75,19,800,2021-08-12,2021-08-18,0.112,0.1239,2,3.65,0.976086,1.0,-1.0,0.976086,-30.405076,43.445112,13.040036,1719.482672,,0.0
2021-07-30,Active2,CAL,15500,15763.05,CAL.NIF50.15500.20210812,301.05,311.35,311.35,782,48400,CAL.NIF50.15500.20210818,385.0,351.1,351.1,23,950,2021-08-12,2021-08-18,0.2789,0.1277,2,-36.81,0.976086,1.0,-1.0,0.976086,29.380185,-31.107081,-1.726896,1717.755776,,-1.726896
2021-08-02,Active2,CAL,15500,15885.15,CAL.NIF50.15500.20210812,365.0,406.5,406.5,695,52000,CAL.NIF50.15500.20210818,400.75,432.0,432.0,21,950,2021-08-12,2021-08-18,0.0979,0.0627,2,-13.04,0.976086,1.0,-1.0,0.976086,-92.874573,77.076963,-15.79761,1701.958166,,-17.524505
2021-08-03,Active2,CAL,15600,16130.75,CAL.NIF50.15600.20210818,400.0,512.0,668.1,12,1100,CAL.NIF50.15600.20210826,398.85,600.3,600.3,2184,202600,2021-08-18,2021-08-26,-0.0029,0.1725,2,90.03,1.002883,1.0,-1.0,1.002883,-112.322928,202.613352,90.290424,1792.24859,,0.0
2021-08-04,Active2,CAL,15900,16258.8,CAL.NIF50.15900.20210818,358.85,396.65,396.65,231,25600,CAL.NIF50.15900.20210826,389.55,430.05,430.05,11606,1002400,2021-08-18,2021-08-26,0.0856,0.0842,2,-0.49,0.921191,1.0,-1.0,0.921191,-34.821024,34.36802,-0.453005,1791.795585,,-0.453005
2021-08-05,Active2,CAL,16000,16294.6,CAL.NIF50.16000.20210818,313.55,338.1,338.1,600,54150,CAL.NIF50.16000.20210826,359.95,376.95,376.95,15035,1587100,2021-08-18,2021-08-26,0.148,0.1149,2,-9.74,0.871093,1.0,-1.0,0.871093,-21.385338,12.899657,-8.485681,1783.309905,,-8.938686
2021-08-06,Active2,CAL,16000,16238.2,CAL.NIF50.16000.20210818,347.0,288.15,288.15,1556,73600,CAL.NIF50.16000.20210826,367.15,330.15,330.15,11025,1485700,2021-08-18,2021-08-26,0.0581,0.1458,2,23.88,0.871093,1.0,-1.0,0.871093,43.511106,-35.511998,7.999108,1791.309012,,-0.939578
2021-08-09,Active2,CAL,16000,16258.25,CAL.NIF50.16000.20210818,318.95,286.85,286.85,2272,116200,CAL.NIF50.16000.20210826,256.35,327.0,327.0,15461,1476550,2021-08-18,2021-08-26,-0.1963,0.14,2,120.0,0.871093,1.0,-1.0,0.871093,1.132421,-2.390231,-1.257809,1790.051203,,-2.197387
2021-08-10,Active2,CAL,16000,16280.1,CAL.NIF50.16000.20210826,329.3,340.4,340.4,11295,1427500,CAL.NIF50.16000.20210902,411.7,365.0,365.0,6,200,2021-08-26,2021-09-02,0.2502,0.0723,2,-48.45,0.799854,1.0,-1.0,0.799854,-8.878382,-29.877112,-38.755494,1751.295709,,-40.952881
2021-08-11,Active2,CAL,16000,16282.25,CAL.NIF50.16000.20210826,357.7,337.4,337.4,15713,1359800,CAL.NIF50.16000.20210902,384.1,378.75,378.75,15,350,2021-08-26,2021-09-02,0.0738,0.1226,2,15.32,0.799854,1.0,-1.0,0.799854,2.399563,8.796794,11.196357,1762.492066,,-29.756524
2021-08-12,Active2,CAL,16000,16364.4,CAL.NIF50.16000.20210826,353.4,391.45,391.45,7102,1321550,CAL.NIF50.16000.20210902,416.65,418.4,418.4,14,750,2021-08-26,2021-09-02,0.179,0.0688,2,-36.57,0.799854,1.0,-1.0,0.799854,-43.232123,25.366755,-17.865368,1744.626698,,-47.621892
2021-08-13,Active2,CAL,16100,16529.1,CAL.NIF50.16100.20210826,316.7,450.85,450.85,4490,458350,CAL.NIF50.16100.20210902,368.1,467.0,467.0,21,1000,2021-08-26,2021-09-02,0.1623,0.0358,2,-49.06,0.860364,1.0,-1.0,0.860364,-115.417835,73.208378,-42.209457,1702.417241,,-89.831349
2021-08-16,Active2,CAL,16300,16563.05,CAL.NIF50.16300.20210902,291.85,337.65,337.65,195,9900,CAL.NIF50.16300.20210909,0.0,467.2,575.4,0,0,2021-09-02,2021-09-09,-1.0,0.3837,2,,,1.0,0.0,0.0,0.0,0.0,0.0,1702.417241,"2021-08-16 00:00:00: Leg2_Open missing, used Leg2_Settle; 2021-08-16 00:00:00: no open-price ratio (leg open<=0), trade skipped",-89.831349
2021-08-17,Active2,CAL,16300,16614.6,CAL.NIF50.16300.20210902,327.7,358.45,358.45,229,10300,CAL.NIF50.16300.20210909,341.3,341.3,598.25,1,50,2021-09-02,2021-09-09,0.0415,-0.0478,2,-30.75,,1.0,0.0,0.0,0.0,0.0,0.0,1702.417241,"2021-08-17 00:00:00: no open-price ratio (leg open<=0), trade skipped",-89.831349
2021-08-18,Active2,CAL,16400,16568.85,CAL.NIF50.16400.20210902,316.0,259.0,259.0,1072,36900,CAL.NIF50.16400.20210909,337.1,300.0,300.0,2,150,2021-09-02,2021-09-09,0.0668,0.1583,2,22.22,0.937407,1.0,-1.0,0.937407,53.432216,-32.600974,20.831242,1723.248484,,-69.000107
2021-08-20,Active2,CAL,16300,16450.5,CAL.NIF50.16300.20210902,299.05,233.6,233.6,7916,45300,CAL.NIF50.16300.20210909,300.9,266.9,266.9,54,950,2021-09-02,2021-09-09,0.0062,0.1426,2,31.66,0.993852,1.0,-1.0,0.993852,65.047599,-33.583206,31.464393,1754.712876,,-37.535714
2021-08-23,Active2,CAL,16200,16496.45,CAL.NIF50.16200.20210902,391.75,347.25,347.25,1158,20450,CAL.NIF50.16200.20210909,418.25,380.4,380.4,135,3600,2021-09-02,2021-09-09,0.0676,0.0955,2,9.05,0.936641,1.0,-1.0,0.936641,41.680514,-33.205651,8.474863,1763.18774,,-29.06085
2021-08-24,Active2,CAL,16200,16624.6,CAL.NIF50.16200.20210909,418.7,470.25,470.25,108,3450,CAL.NIF50.16200.20210916,0.0,588.15,666.8,0,0,2021-09-09,2021-09-16,-1.0,0.2507,2,,,1.0,0.0,0.0,0.0,0.0,0.0,1763.18774,"2021-08-24 00:00:00: Leg2_Open missing, used Leg2_Settle; 2021-08-24 00:00:00: no open-price ratio (leg open<=0), trade skipped",-29.06085
2021-08-25,Active2,CAL,16400,16634.65,CAL.NIF50.16400.20210909,321.75,317.05,317.05,247,10550,CAL.NIF50.16400.20210916,358.25,368.0,536.75,2,250,2021-09-09,2021-09-16,0.1134,0.1607,2,13.46,0.898116,1.0,-1.0,0.898116,4.221144,7.864468,12.085612,1775.273352,,-16.975238
2021-08-26,Active2,CAL,16400,16636.9,CAL.NIF50.16400.20210909,299.15,284.45,284.45,641,22250,CAL.NIF50.16400.20210916,328.05,315.35,315.35,8,400,2021-09-09,2021-09-16,0.0966,0.1086,2,3.12,0.898116,1.0,-1.0,0.898116,29.278576,-42.468125,-13.189549,1762.083803,,-30.164787
2021-08-27,Active2,CAL,16400,16705.2,CAL.NIF50.16400.20210909,290.1,341.0,341.0,1050,21450,CAL.NIF50.16400.20210916,314.7,358.9,358.9,30,850,2021-09-09,2021-09-16,0.0848,0.0525,2,-10.16,0.898116,1.0,-1.0,0.898116,-50.788451,35.127955,-15.660495,1746.423308,,-45.825283
2021-08-30,Active2,CAL,16500,16931.05,CAL.NIF50.16500.20210909,313.45,443.3,443.3,1719,59700,CAL.NIF50.16500.20210916,359.15,462.85,462.85,66,7200,2021-09-09,2021-09-16,0.1458,0.0441,2,-39.35,0.872755,1.0,-1.0,0.872755,-113.327252,78.988445,-34.338807,1712.084501,,-80.16409
2021-08-31,Active2,CAL,16700,17132.2,CAL.NIF50.16700.20210916,319.95,460.4,460.4,222,13850,CAL.NIF50.16700.20210923,340.05,478.45,478.45,85,2500,2021-09-16,2021-09-23,0.0628,0.0392,2,-10.23,0.940891,1.0,-1.0,0.940891,-132.148147,122.522193,-9.625955,1702.458546,,-89.790044
2021-09-01,Active2,CAL,16900,17076.25,CAL.NIF50.16900.20210916,327.15,267.3,267.3,535,32100,CAL.NIF50.16900.20210923,355.4,300.35,300.35,31,1200,2021-09-16,2021-09-23,0.0864,0.1236,2,9.18,0.920512,1.0,-1.0,0.920512,55.092649,-46.646206,8.446443,1710.904989,,-81.343601
2021-09-02,Active2,CAL,16800,17234.15,CAL.NIF50.16800.20210916,365.2,465.85,465.85,144,19800,CAL.NIF50.16800.20210923,389.8,485.45,485.45,23,3200,2021-09-16,2021-09-23,0.0674,0.0421,2,-11.04,0.936891,1.0,-1.0,0.936891,-94.29805,83.958147,-10.339904,1700.565085,,-91.683505
2021-09-03,Active2,CAL,17000,17323.6,CAL.NIF50.17000.20210916,345.0,374.75,374.75,1826,46350,CAL.NIF50.17000.20210923,367.95,397.05,397.05,136,8900,2021-09-16,2021-09-23,0.0665,0.0595,2,-2.47,0.937627,1.0,-1.0,0.937627,-27.894415,25.583123,-2.311292,1698.253794,,-93.994796
2021-09-06,Active2,CAL,17100,17377.8,CAL.NIF50.17100.20210916,332.65,351.5,351.5,5477,531500,CAL.NIF50.17100.20210923,374.6,372.5,524.9,38,3750,2021-09-16,2021-09-23,0.1261,0.0597,2,-20.71,0.888014,1.0,-1.0,0.888014,-16.739062,-1.655994,-18.395056,1679.858738,,-112.389852
2021-09-07,Active2,CAL,17100,17362.1,CAL.NIF50.17100.20210923,340.4,355.95,355.95,51,4100,CAL.NIF50.17100.20210930,418.7,386.2,386.2,7262,547800,2021-09-23,2021-09-30,0.23,0.085,2,-41.97,0.812993,1.0,-1.0,0.812993,-12.642035,-21.481101,-34.123136,1645.735602,,-146.512988
2021-09-08,Active2,CAL,17100,17353.5,CAL.NIF50.17100.20210923,351.0,340.5,340.5,39,4450,CAL.NIF50.17100.20210930,387.6,368.25,368.25,8728,510600,2021-09-23,2021-09-30,0.1043,0.0815,2,-7.02,0.812993,1.0,-1.0,0.812993,12.560736,-11.864177,0.696558,1646.43216,,-145.81643
2021-09-09,Active2,CAL,17100,17369.25,CAL.NIF50.17100.20210923,327.7,329.95,329.95,63,3950,CAL.NIF50.17100.20210930,342.9,355.15,355.15,4875,496850,2021-09-23,2021-09-30,0.0464,0.0764,2,9.46,0.812993,1.0,-1.0,0.812993,8.577072,-8.658536,-0.081464,1646.350696,,-145.897894
2021-09-13,Active2,CAL,17100,17355.3,CAL.NIF50.17100.20210923,314.95,309.8,309.8,1107,14000,CAL.NIF50.17100.20210930,349.95,341.75,341.75,7670,446250,2021-09-23,2021-09-30,0.1111,0.1031,2,-2.23,0.812993,1.0,-1.0,0.812993,16.381801,-8.856823,7.524978,1653.875673,,-138.372917
2021-09-14,Active2,CAL,17100,17380.0,CAL.NIF50.17100.20210930,373.25,348.65,348.65,3335,424900,CAL.NIF50.17100.20211007,407.7,385.15,385.15,9,300,2021-09-30,2021-10-07,0.0923,0.1047,2,3.96,0.915502,1.0,-1.0,0.915502,22.521339,-18.900128,3.621211,1657.496884,,-134.751706
2021-09-15,Active2,CAL,17100,17519.45,CAL.NIF50.17100.20210930,352.5,474.0,474.0,4685,378750,CAL.NIF50.17100.20211007,382.75,505.9,505.9,14,300,2021-09-30,2021-10-07,0.0858,0.0673,2,-8.08,0.915502,1.0,-1.0,0.915502,-114.758125,101.205788,-13.552337,1643.944547,,-148.304043
2021-09-16,Active2,CAL,17300,17629.5,CAL.NIF50.17300.20210930,303.8,372.35,372.35,20374,1098850,CAL.NIF50.17300.20211007,358.95,395.3,395.3,29,1600,2021-09-30,2021-10-07,0.1815,0.0616,2,-37.78,0.846357,1.0,-1.0,0.846357,-58.017802,26.038265,-31.979537,1611.96501,,-180.283581
2021-09-17,Active2,CAL,17400,17585.15,CAL.NIF50.17400.20210930,340.0,291.85,291.85,21315,981700,CAL.NIF50.17400.20211007,400.0,332.05,332.05,331,6600,2021-09-30,2021-10-07,0.1765,0.1377,2,-9.61,0.85,1.0,-1.0,0.85,40.9275,-49.093875,-8.166375,1603.798635,,-188.449956
2021-09-20,Active2,CAL,17300,17396.9,CAL.NIF50.17300.20210930,280.7,236.05,236.05,20309,804750,CAL.NIF50.17300.20211007,317.25,288.5,288.5,375,11650,2021-09-30,2021-10-07,0.1302,0.2222,2,19.21,0.884791,1.0,-1.0,0.884791,39.505926,-22.507093,16.998833,1620.797467,,-171.451123
2021-09-21,Active2,CAL,17100,17562.0,CAL.NIF50.17100.20211007,468.9,507.65,634.9,24,1000,CAL.NIF50.17100.20211014,0.0,350.0,700.85,0,50,2021-10-07,2021-10-14,-1.0,-0.3105,2,,,1.0,0.0,0.0,0.0,0.0,0.0,1620.797467,"2021-09-21 00:00:00: Leg2_Open missing, used Leg2_Settle; 2021-09-21 00:00:00: no open-price ratio (leg open<=0), trade skipped",-171.451123
2021-09-22,Active2,CAL,17300,17546.65,CAL.NIF50.17300.20211007,380.0,370.7,370.7,176,9400,CAL.NIF50.17300.20211014,428.95,441.05,552.4,4,600,2021-10-07,2021-10-14,0.1288,0.1898,2,20.02,0.885884,1.0,-1.0,0.885884,8.238722,9.495967,17.73469,1638.532157,,-153.716433
2021-09-23,Active2,CAL,17300,17822.95,CAL.NIF50.17300.20211007,429.75,586.0,586.0,227,7250,CAL.NIF50.17300.20211014,481.25,524.7,730.45,10,450,2021-10-07,2021-10-14,0.1198,-0.1046,2,-117.45,0.885884,1.0,-1.0,0.885884,-190.730854,65.647742,-125.083112,1513.449045,,-278.799545
2021-09-24,Active2,CAL,17600,17853.2,CAL.NIF50.17600.20211007,388.0,359.35,359.35,1563,43350,CAL.NIF50.17600.20211014,437.7,406.15,406.15,128,3800,2021-10-07,2021-10-14,0.1281,0.1302,2,0.68,0.886452,1.0,-1.0,0.886452,25.396847,-24.791895,0.604952,1514.053997,,-278.194593
2021-09-27,Active2,CAL,17600,17855.1,CAL.NIF50.17600.20211007,412.55,365.95,365.95,1400,51100,CAL.NIF50.17600.20211014,452.45,427.8,427.8,75,3900,2021-10-07,2021-10-14,0.0967,0.169,2,24.12,0.886452,1.0,-1.0,0.886452,-5.850583,17.012505,11.161922,1525.215919,,-267.032671
2021-09-28,Active2,CAL,17600,17748.6,CAL.NIF50.17600.20211014,427.8,348.55,348.55,1206,17800,CAL.NIF50.17600.20211021,500.0,401.25,401.25,56,1350,2021-10-14,2021-10-21,0.1688,0.1512,2,-5.24,0.8556,1.0,-1.0,0.8556,67.8063,-72.290072,-4.483772,1520.732148,,-271.516443
2021-09-29,Active2,CAL,17500,17711.3,CAL.NIF50.17500.20211014,368.3,386.45,386.45,764,20300,CAL.NIF50.17500.20211021,400.0,445.7,445.7,36,1150,2021-10-14,2021-10-21,0.0861,0.1533,2,23.93,0.92075,1.0,-1.0,0.92075,-16.711612,38.743572,22.031959,1542.764107,,-249.484483
2021-09-30,Active2,CAL,17500,17618.15,CAL.NIF50.17500.20211014,390.5,309.35,309.35,1085,32400,CAL.NIF50.17500.20211021,428.1,359.45,359.45,48,1750,2021-10-14,2021-10-21,0.0963,0.162,2,18.53,0.92075,1.0,-1.0,0.92075,70.989825,-73.121074,-2.131249,1540.632858,,-251.615732
2021-10-01,Active2,CAL,17400,17532.05,CAL.NIF50.17400.20211014,293.15,276.0,276.0,3534,35100,CAL.NIF50.17400.20211021,342.15,321.1,321.1,46,1150,2021-10-14,2021-10-21,0.1671,0.1634,2,-0.89,0.856788,1.0,-1.0,0.856788,14.693913,-15.452502,-0.758589,1539.87427,,-252.37432
2021-10-04,Active2,CAL,17300,17691.25,CAL.NIF50.17300.20211014,362.05,459.8,459.8,302,8250,CAL.NIF50.17300.20211021,400.0,496.35,496.35,47,1200,2021-10-14,2021-10-21,0.1048,0.0795,2,-10.54,0.905125,1.0,-1.0,0.905125,-88.475969,78.934859,-9.541109,1530.33316,,-261.91543
2021-10-05,Active2,CAL,17400,17822.3,CAL.NIF50.17400.20211021,380.2,481.4,606.85,14,1100,CAL.NIF50.17400.20211028,419.3,536.5,536.5,4315,298600,2021-10-21,2021-10-28,0.1028,0.1145,2,5.07,0.906749,1.0,-1.0,0.906749,-91.763034,96.361181,4.598147,1534.931307,,-257.317283
2021-10-06,Active2,CAL,17600,17646.0,CAL.NIF50.17600.20211021,359.15,237.85,237.85,575,24500,CAL.NIF50.17600.20211028,390.0,283.05,283.05,26065,855550,2021-10-21,2021-10-28,0.0859,0.19,2,22.81,0.920897,1.0,-1.0,0.920897,111.704859,-90.699171,21.005688,1555.936996,,-236.311595
2021-10-07,Active2,CAL,17400,17790.35,CAL.NIF50.17400.20211021,423.2,460.2,460.2,16,1600,CAL.NIF50.17400.20211028,486.05,510.85,510.85,4128,238750,2021-10-21,2021-10-28,0.1485,0.1101,2,-15.41,0.870692,1.0,-1.0,0.870692,-32.215616,18.801007,-13.414609,1542.522387,,-249.726204
2021-10-08,Active2,CAL,17500,17895.2,CAL.NIF50.17500.20211021,431.45,449.8,449.8,787,8300,CAL.NIF50.17500.20211028,472.65,489.25,489.25,8891,1056400,2021-10-21,2021-10-28,0.0955,0.0877,2,-3.2,0.912832,1.0,-1.0,0.912832,-16.750465,13.832151,-2.918315,1539.604072,,-252.644518
2021-10-11,Active2,CAL,17600,17945.95,CAL.NIF50.17600.20211021,356.95,421.8,421.8,825,12100,CAL.NIF50.17600.20211028,386.3,462.6,462.6,6114,565150,2021-10-21,2021-10-28,0.0822,0.0967,2,5.65,0.924023,1.0,-1.0,0.924023,-59.922877,65.146321,5.223444,1544.827515,,-247.421075
2021-10-12,Active2,CAL,17700,17991.95,CAL.NIF50.17700.20211028,312.2,397.95,397.95,8278,813650,CAL.NIF50.17700.20211103,411.5,433.0,433.0,33,850,2021-10-28,2021-11-03,0.3181,0.0881,2,-69.44,0.758688,1.0,-1.0,0.758688,-65.057473,12.375552,-52.681921,1492.145595,,-300.102995
2021-10-13,Active2,CAL,17700,18161.75,CAL.NIF50.17700.20211028,436.6,537.5,537.5,5446,752550,CAL.NIF50.17700.20211103,513.7,588.0,686.15,14,700,2021-10-28,2021-11-03,0.1766,0.094,2,-37.75,0.758688,1.0,-1.0,0.758688,-105.874872,89.219096,-16.655777,1475.489818,,-316.758772
2021-10-14,Active2,CAL,17900,18338.55,CAL.NIF50.17900.20211028,422.15,505.7,505.7,9113,852800,CAL.NIF50.17900.20211103,479.35,533.65,533.65,43,2950,2021-10-28,2021-11-03,0.1355,0.0553,2,-35.73,0.880672,1.0,-1.0,0.880672,-73.580124,42.114142,-31.465982,1444.023835,,-348.224755
2021-10-18,Active2,CAL,18100,18477.05,CAL.NIF50.18100.20211028,423.55,449.8,449.8,9125,499450,CAL.NIF50.18100.20211103,519.25,508.4,508.4,132,7700,2021-10-28,2021-11-03,0.2259,0.1303,2,-35.1,0.815696,1.0,-1.0,0.815696,-21.412013,-7.219151,-28.631163,1415.392672,,-376.855918
2021-10-19,Active2,CAL,18200,18418.75,CAL.NIF50.18200.20211103,466.8,390.0,390.0,193,8350,CAL.NIF50.18200.20211111,515.0,511.6,554.45,15,1800,2021-11-03,2021-11-11,0.1033,0.3118,2,73.72,0.906408,1.0,-1.0,0.906408,69.612117,-2.793355,66.818761,1482.211434,,-310.037157
2021-10-20,Active2,CAL,18200,18266.6,CAL.NIF50.18200.20211103,349.2,327.3,327.3,1247,27100,CAL.NIF50.18200.20211111,436.8,396.65,396.65,166,8000,2021-11-03,2021-11-11,0.2509,0.2119,2,-10.2,0.906408,1.0,-1.0,0.906408,56.831767,-94.440051,-37.608284,1444.60315,,-347.64544
2021-10-21,Active2,CAL,18000,18178.1,CAL.NIF50.18000.20211103,479.95,367.65,367.65,3545,263350,CAL.NIF50.18000.20211111,532.0,438.4,438.4,126,7600,2021-11-03,2021-11-11,0.1084,0.1924,2,27.86,0.902162,1.0,-1.0,0.902162,101.312754,-76.180633,25.132121,1469.735271,,-322.513319
2021-10-22,Active2,CAL,17900,18114.9,CAL.NIF50.17900.20211103,461.55,380.85,380.85,1333,18050,CAL.NIF50.17900.20211111,525.25,445.55,445.55,18,1300,2021-11-03,2021-11-11,0.138,0.1699,2,10.67,0.878724,1.0,-1.0,0.878724,70.91306,-61.540881,9.372179,1479.10745,,-313.14114
2021-10-25,Active2,CAL,17900,18125.4,CAL.NIF50.17900.20211103,387.95,374.65,374.65,3462,27050,CAL.NIF50.17900.20211111,256.55,437.4,437.4,81,2650,2021-11-03,2021-11-11,-0.3387,0.1675,2,286.78,0.878724,1.0,-1.0,0.878724,5.448091,-6.293076,-0.844985,1478.262465,,-313.986125
2021-10-26,Active2,CAL,17900,18268.4,CAL.NIF50.17900.20211111,485.0,550.75,550.75,104,4950,CAL.NIF50.17900.20211118,520.35,561.65,561.65,8,350,2021-11-11,2021-11-18,0.0729,0.0198,2,-27.26,0.932065,1.0,-1.0,0.932065,-61.283271,35.879172,-25.404099,1452.858366,,-339.390224
2021-10-27,Active2,CAL,18000,18210.95,CAL.NIF50.18000.20211111,329.85,379.5,379.5,381,26100,CAL.NIF50.18000.20211118,481.45,423.8,423.8,8,1400,2021-11-11,2021-11-18,0.4596,0.1167,2,-89.15,0.685118,1.0,-1.0,0.685118,-34.016102,-27.060132,-61.076234,1391.782132,,-400.466458
2021-10-28,Active2,CAL,18000,17857.25,CAL.NIF50.18000.20211111,201.95,209.15,209.15,8402,177450,CAL.NIF50.18000.20211118,368.2,252.05,252.05,344,10400,2021-11-11,2021-11-18,0.8232,0.2051,2,-70.91,0.685118,1.0,-1.0,0.685118,116.70983,-80.617131,36.092698,1427.87483,,-364.37376
2021-10-29,Active2,CAL,17600,17671.65,CAL.NIF50.17600.20211111,367.45,279.45,279.45,4103,29550,CAL.NIF50.17600.20211118,473.3,338.95,338.95,43,750,2021-11-11,2021-11-18,0.2881,0.2129,2,-16.3,0.776357,1.0,-1.0,0.776357,68.319459,-80.976903,-12.657444,1415.217386,,-377.031204
2021-11-01,Active2,CAL,17400,17929.65,CAL.NIF50.17400.20211118,0.0,599.6,690.15,0,50,CAL.NIF50.17400.20211125,585.85,708.1,708.1,575,47950,2021-11-18,2021-11-25,,0.181,2,,,1.0,0.0,0.0,0.0,0.0,0.0,1415.217386,"2021-11-01 00:00:00: Leg1_Open missing, used Leg1_Settle; 2021-11-01 00:00:00: no open-price ratio (leg open<=0), trade skipped",-377.031204
2021-11-02,Active2,CAL,17700,17888.95,CAL.NIF50.17700.20211118,430.3,350.0,350.0,58,11100,CAL.NIF50.17700.20211125,478.9,395.75,395.75,7762,452100,2021-11-18,2021-11-25,0.1129,0.1307,2,5.59,0.898517,1.0,-1.0,0.898517,72.15095,-67.129787,5.021163,1420.238549,,-372.010041
2021-11-03,Active2,CAL,17600,17829.2,CAL.NIF50.17600.20211118,454.35,362.95,362.95,43,2700,CAL.NIF50.17600.20211125,484.05,398.35,398.35,1944,118350,2021-11-18,2021-11-25,0.0654,0.0975,2,10.96,0.938643,1.0,-1.0,0.938643,85.791943,-75.505995,10.285947,1430.524496,,-361.724094
2021-11-04,Active2,CAL,17600,17916.8,CAL.NIF50.17600.20211118,403.95,395.0,395.0,12,2650,CAL.NIF50.17600.20211125,446.65,435.2,435.2,291,116000,2021-11-18,2021-11-25,0.1057,0.1018,2,-1.41,0.938643,1.0,-1.0,0.938643,-30.083499,32.466697,2.383198,1432.907695,,-359.340896
2021-11-08,Active2,CAL,17700,18068.55,CAL.NIF50.17700.20211118,369.45,462.4,462.4,1096,9800,CAL.NIF50.17700.20211125,400.05,513.8,513.8,5322,408950,2021-11-18,2021-11-25,0.0828,0.1112,2,12.1,0.92351,1.0,-1.0,0.92351,-85.840214,97.013952,11.173739,1444.081433,,-348.167157
2021-11-09,Active2,CAL,17800,18044.25,CAL.NIF50.17800.20211125,426.45,382.65,382.65,6458,568950,CAL.NIF50.17800.20211202,0.0,484.85,554.55,0,400,2021-11-25,2021-12-02,-1.0,0.2671,2,,,1.0,0.0,0.0,0.0,0.0,0.0,1444.081433,"2021-11-09 00:00:00: Leg2_Open missing, used Leg2_Settle; 2021-11-09 00:00:00: no open-price ratio (leg open<=0), trade skipped",-348.167157
2021-11-10,Active2,CAL,17800,18017.2,CAL.NIF50.17800.20211125,318.2,348.0,348.0,13272,602150,CAL.NIF50.17800.20211202,365.2,422.1,527.55,6,450,2021-11-25,2021-12-02,0.1477,0.2129,2,19.78,,1.0,0.0,0.0,0.0,0.0,0.0,1444.081433,"2021-11-10 00:00:00: no open-price ratio (leg open<=0), trade skipped",-348.167157
2021-11-11,Active2,CAL,17800,17873.6,CAL.NIF50.17800.20211125,303.15,258.55,258.55,40723,746400,CAL.NIF50.17800.20211202,311.95,305.45,305.45,194,1700,2021-11-25,2021-12-02,0.029,0.1814,2,38.28,,1.0,0.0,0.0,0.0,0.0,0.0,1444.081433,"2021-11-11 00:00:00: no open-price ratio (leg open<=0), trade skipped",-348.167157
2021-11-12,Active2,CAL,17600,18102.75,CAL.NIF50.17600.20211125,433.25,569.4,569.4,1791,79400,CAL.NIF50.17600.20211202,490.4,614.75,696.5,7,200,2021-11-25,2021-12-02,0.1319,0.0796,2,-26.29,0.883462,1.0,-1.0,0.883462,-120.283417,97.055915,-23.227501,1420.853932,,-371.394658
2021-11-15,Active2,CAL,17900,18109.45,CAL.NIF50.17900.20211125,353.95,325.9,325.9,11249,419300,CAL.NIF50.17900.20211202,423.3,380.75,380.75,272,3800,2021-11-25,2021-12-02,0.1959,0.1683,2,-7.53,0.836168,1.0,-1.0,0.836168,23.454518,-29.749993,-6.295474,1414.558457,,-377.690133
2021-11-16,Active2,CAL,17900,17999.2,CAL.NIF50.17900.20211202,350.75,279.15,279.15,469,9950,CAL.NIF50.17900.20211209,330.0,330.0,330.0,1,550,2021-12-02,2021-12-09,-0.0592,0.1822,2,71.6,1.062879,1.0,-1.0,1.062879,76.102121,0.0,76.102121,1490.660579,,-301.588012
2021-11-17,Active2,CAL,17700,17898.65,CAL.NIF50.17700.20211202,365.5,342.9,342.9,113,3200,CAL.NIF50.17700.20211209,429.55,395.85,395.85,5,100,2021-12-02,2021-12-09,0.1752,0.1544,2,-6.08,0.85089,1.0,-1.0,0.85089,19.230125,-24.399292,-5.169167,1485.491411,,-306.757179
2021-11-18,Active2,CAL,17600,17764.8,CAL.NIF50.17600.20211202,407.8,320.8,320.8,544,7250,CAL.NIF50.17600.20211209,0.0,829.5,478.95,0,0,2021-12-02,2021-12-09,-1.0,1.5857,2,,,1.0,0.0,0.0,0.0,0.0,0.0,1485.491411,"2021-11-18 00:00:00: Leg2_Open missing, used Leg2_Settle; 2021-11-18 00:00:00: no open-price ratio (leg open<=0), trade skipped",-306.757179
2021-11-23,Active2,CAL,17200,17503.35,CAL.NIF50.17200.20211209,310.0,422.0,422.0,229,3450,CAL.NIF50.17200.20211216,393.65,632.65,632.65,4,100,2021-12-09,2021-12-16,0.2698,0.4992,2,76.21,0.787502,1.0,-1.0,0.787502,-88.200178,148.217941,60.017764,1545.509175,,-246.739415
2021-11-24,Active2,CAL,17300,17415.05,CAL.NIF50.17300.20211209,370.0,286.25,286.25,313,3650,CAL.NIF50.17300.20211216,387.85,387.85,453.3,1,100,2021-12-09,2021-12-16,0.0482,0.3549,2,83.75,0.953977,1.0,-1.0,0.953977,79.895578,0.0,79.895578,1625.404753,,-166.843837
2021-11-25,Active2,CAL,17200,17536.25,CAL.NIF50.17200.20211209,329.1,424.0,424.0,318,3250,CAL.NIF50.17200.20211216,342.0,484.4,484.4,11,250,2021-12-09,2021-12-16,0.0392,0.1425,2,42.13,0.962281,1.0,-1.0,0.962281,-91.320439,131.860143,40.539704,1665.944457,,-126.304133
2021-11-26,Active2,CAL,17300,17026.45,CAL.NIF50.17300.20211209,212.95,118.85,118.85,28657,200150,CAL.NIF50.17300.20211216,288.75,169.3,169.3,806,15750,2021-12-09,2021-12-16,0.356,0.4245,2,6.01,0.737489,1.0,-1.0,0.737489,69.397732,-64.967695,4.430037,1670.374494,,-121.874096
2021-11-29,Active2,CAL,16800,17053.95,CAL.NIF50.16800.20211209,398.45,408.7,408.7,3060,18800,CAL.NIF50.16800.20211216,355.5,455.45,455.45,44,300,2021-12-09,2021-12-16,-0.1078,0.1144,2,101.78,1.120816,1.0,-1.0,1.120816,-11.488361,125.559984,114.071622,1784.446117,,-7.802474
2021-11-30,Active2,CAL,16800,16983.2,CAL.NIF50.16800.20211216,487.1,412.15,412.15,110,1750,CAL.NIF50.16800.20211223,0.0,1647.6,494.3,0,0,2021-12-16,2021-12-23,-1.0,2.9976,2,,,1.0,0.0,0.0,0.0,0.0,0.0,1784.446117,"2021-11-30 00:00:00: Leg2_Open missing, used Leg2_Settle; 2021-11-30 00:00:00: no open-price ratio (leg open<=0), trade skipped",-7.802474
2021-12-01,Active2,CAL,16700,17166.9,CAL.NIF50.16700.20211216,611.95,606.5,606.5,17,700,CAL.NIF50.16700.20211223,0.0,1728.7,671.35,0,0,2021-12-16,2021-12-23,-1.0,1.8503,2,,,1.0,0.0,0.0,0.0,0.0,0.0,1784.446117,"2021-12-01 00:00:00: Leg2_Open missing, used Leg2_Settle; 2021-12-01 00:00:00: no open-price ratio (leg open<=0), trade skipped",-7.802474
2021-12-02,Active2,CAL,16900,17401.65,CAL.NIF50.16900.20211216,450.75,585.05,585.05,38,1900,CAL.NIF50.16900.20211223,0.0,350.0,692.45,0,100,2021-12-16,2021-12-23,-1.0,-0.4018,2,,,1.0,0.0,0.0,0.0,0.0,0.0,1784.446117,"2021-12-02 00:00:00: Leg2_Open missing, used Leg2_Settle; 2021-12-02 00:00:00: no open-price ratio (leg open<=0), trade skipped",-7.802474
2021-12-03,Active2,CAL,17200,17196.7,CAL.NIF50.17200.20211216,356.95,223.8,223.8,4002,70300,CAL.NIF50.17200.20211223,446.95,276.85,276.85,128,3650,2021-12-16,2021-12-23,0.2521,0.237,2,-2.7,0.798635,1.0,-1.0,0.798635,106.338276,-108.492871,-2.154595,1782.291521,,-9.957069
2021-12-06,Active2,CAL,16900,16912.25,CAL.NIF50.16900.20211216,402.55,238.1,238.1,3237,47350,CAL.NIF50.16900.20211223,450.0,303.8,303.8,69,2050,2021-12-16,2021-12-23,0.1179,0.2759,2,33.67,0.894556,1.0,-1.0,0.894556,147.109661,-116.993574,30.116087,1812.407609,,0.0
2021-12-07,Active2,CAL,16700,17176.7,CAL.NIF50.16700.20211223,0.0,483.65,628.5,0,150,CAL.NIF50.16700.20211230,511.6,641.25,641.25,649,30750,2021-12-23,2021-12-30,,0.3259,2,,,1.0,0.0,0.0,0.0,0.0,0.0,1812.407609,"2021-12-07 00:00:00: Leg1_Open missing, used Leg1_Settle; 2021-12-07 00:00:00: no open-price ratio (leg open<=0), trade skipped",0.0
2021-12-08,Active2,CAL,16900,17469.75,CAL.NIF50.16900.20211223,551.1,660.65,660.65,38,1500,CAL.NIF50.16900.20211230,571.0,698.4,698.4,892,82550,2021-12-23,2021-12-30,0.0361,0.0571,2,13.41,0.965149,1.0,-1.0,0.965149,-105.732058,118.67467,12.942612,1825.350221,,0.0
2021-12-09,Active2,CAL,17200,17516.85,CAL.NIF50.17200.20211223,452.0,429.1,429.1,377,7000,CAL.NIF50.17200.20211230,493.7,481.9,481.9,10833,993900,2021-12-23,2021-12-30,0.0923,0.123,2,12.1,0.915536,1.0,-1.0,0.915536,20.965769,-9.890827,11.074941,1836.425163,,0.0
2021-12-10,Active2,CAL,17300,17511.3,CAL.NIF50.17300.20211223,305.9,337.35,337.35,965,19250,CAL.NIF50.17300.20211230,365.3,388.6,388.6,14685,623400,2021-12-23,2021-12-30,0.1942,0.1519,2,-11.94,0.837394,1.0,-1.0,0.837394,-26.336039,16.338626,-9.997413,1826.42775,,-9.997413
2021-12-13,Active2,CAL,17300,17368.25,CAL.NIF50.17300.20211223,403.75,260.45,260.45,2954,46300,CAL.NIF50.17300.20211230,441.9,314.8,314.8,13479,598500,2021-12-23,2021-12-30,0.0945,0.2087,2,27.17,0.837394,1.0,-1.0,0.837394,64.395593,-51.750669,12.644923,1839.072673,,0.0
2021-12-14,Active2,CAL,17100,17324.9,CAL.NIF50.17100.20211230,365.85,387.5,387.5,9504,454700,CAL.NIF50.17100.20220106,413.0,416.7,526.8,3,800,2021-12-30,2022-01-06,0.1289,0.0754,2,-18.37,0.885835,1.0,-1.0,0.885835,-19.178335,2.903406,-16.27493,1822.797743,,-16.27493
2021-12-15,Active2,CAL,17100,17221.4,CAL.NIF50.17100.20211230,390.0,323.85,323.85,7040,478650,CAL.NIF50.17100.20220106,434.9,368.65,454.95,12,900,2021-12-30,2022-01-06,0.1151,0.1383,2,6.74,0.885835,1.0,-1.0,0.885835,56.38342,-37.70504,18.67838,1841.476123,,0.0
2021-12-16,Active2,CAL,17000,17248.4,CAL.NIF50.17000.20211230,407.5,409.85,409.85,13793,1451825,CAL.NIF50.17000.20220106,463.15,459.5,519.9,3,1150,2021-12-30,2022-01-06,0.1366,0.1211,2,-5.56,0.879845,1.0,-1.0,0.879845,-2.067635,-2.825561,-4.893196,1836.582927,,-4.893196
2021-12-17,Active2,CAL,17000,16985.2,CAL.NIF50.17000.20211230,449.4,212.45,212.45,103591,1841150,CAL.NIF50.17000.20220106,360.75,272.0,272.0,1175,28550,2021-12-30,2022-01-06,-0.1973,0.2803,2,126.39,0.879845,1.0,-1.0,0.879845,173.681313,-145.148704,28.532609,1865.115536,,0.0
2021-12-20,Active2,CAL,16700,16614.2,CAL.NIF50.16700.20211230,289.25,174.7,174.7,142346,831350,CAL.NIF50.16700.20220106,339.6,245.55,245.55,1867,23200,2021-12-30,2022-01-06,0.1741,0.4056,2,34.44,0.851737,1.0,-1.0,0.851737,97.566512,-68.229183,29.337329,1894.452865,,0.0
2021-12-21,Active2,CAL,16400,16770.85,CAL.NIF50.16400.20220106,504.65,526.5,526.5,86,2350,CAL.NIF50.16400.20220113,0.0,1709.6,608.6,0,0,2022-01-06,2022-01-13,-1.0,2.2471,2,,,1.0,0.0,0.0,0.0,0.0,0.0,1894.452865,"2021-12-21 00:00:00: Leg2_Open missing, used Leg2_Settle; 2021-12-21 00:00:00: no open-price ratio (leg open<=0), trade skipped",0.0
2021-12-22,Active2,CAL,16500,16955.45,CAL.NIF50.16500.20220106,521.5,566.65,566.65,166,5750,CAL.NIF50.16500.20220113,535.5,530.0,661.2,2,50,2022-01-06,2022-01-13,0.0268,-0.0647,2,-50.51,0.973856,1.0,-1.0,0.973856,-43.969608,-5.216178,-49.185785,1845.26708,,-49.185785
2021-12-23,Active2,CAL,16700,17072.6,CAL.NIF50.16700.20220106,468.95,465.8,465.8,588,19050,CAL.NIF50.16700.20220113,510.1,510.1,598.4,1,50,2022-01-06,2022-01-13,0.0877,0.0951,2,3.15,0.91933,1.0,-1.0,0.91933,2.895888,0.0,2.895888,1848.162968,,-46.289897
2021-12-24,Active2,CAL,16800,17003.75,CAL.NIF50.16800.20220106,454.55,336.9,336.9,2310,38600,CAL.NIF50.16800.20220113,358.7,386.95,386.95,99,250,2022-01-06,2022-01-13,-0.2109,0.1486,2,153.45,1.267215,1.0,-1.0,1.267215,149.087838,45.364802,194.45264,2042.615608,,0.0
2021-12-27,Active2,CAL,16800,17086.25,CAL.NIF50.16800.20220106,297.85,410.3,410.3,6219,101600,CAL.NIF50.16800.20220113,312.65,464.0,464.0,84,2250,2022-01-06,2022-01-13,0.0497,0.1309,2,31.74,1.267215,1.0,-1.0,1.267215,-93.013577,123.729487,30.715911,2073.331519,,0.0
2021-12-28,Active2,CAL,16800,17233.25,CAL.NIF50.16800.20220113,0.0,464.0,595.85,0,2250,CAL.NIF50.16800.20220120,0.0,501.7,658.05,0,50,2022-01-13,2022-01-20,,0.0813,2,,,1.0,0.0,0.0,0.0,0.0,0.0,2073.331519,"2021-12-28 00:00:00: Leg1_Open missing, used Leg1_Settle; 2021-12-28 00:00:00: Leg2_Open missing, used Leg2_Settle; 2021-12-28 00:00:00: no open-price ratio (leg open<=0), trade skipped",0.0
2021-12-29,Active2,CAL,17000,17213.6,CAL.NIF50.17000.20220113,365.0,368.8,368.8,700,58600,CAL.NIF50.17000.20220120,400.5,415.3,415.3,24,1250,2022-01-13,2022-01-20,0.0973,0.1261,2,9.69,0.911361,1.0,-1.0,0.911361,-3.463171,12.292562,8.829391,2082.16091,,0.0
2021-12-30,Active2,CAL,17000,17203.95,CAL.NIF50.17000.20220113,346.15,359.35,359.35,666,63200,CAL.NIF50.17000.20220120,387.95,409.95,409.95,13,1350,2022-01-13,2022-01-20,0.1208,0.1408,2,6.43,0.911361,1.0,-1.0,0.911361,8.61236,-4.443595,4.168765,2086.329674,,0.0
2021-12-31,Active2,CAL,17000,17354.05,CAL.NIF50.17000.20220113,369.25,448.6,448.6,1986,46800,CAL.NIF50.17000.20220120,458.25,522.0,579.15,40,650,2022-01-13,2022-01-20,0.241,0.1636,2,-27.98,0.911361,1.0,-1.0,0.911361,-81.338951,93.066322,11.72737,2098.057045,,0.0
2022-01-03,Active2,CAL,17100,17625.7,CAL.NIF50.17100.20220113,365.1,583.15,583.15,586,16550,CAL.NIF50.17100.20220120,478.0,616.55,616.55,13,300,2022-01-13,2022-01-20,0.3092,0.0573,2,-112.22,0.763808,1.0,-1.0,0.763808,-166.548232,80.830339,-85.717893,2012.339152,,-85.717893
2022-01-04,Active2,CAL,17400,17805.25,CAL.NIF50.17400.20220120,407.7,506.85,506.85,152,4400,CAL.NIF50.17400.20220127,470.0,557.75,557.75,7505,481050,2022-01-20,2022-01-27,0.1528,0.1004,2,-23.03,0.867447,1.0,-1.0,0.867447,-86.007351,66.028713,-19.978638,1992.360514,,-105.696531
2022-01-05,Active2,CAL,17600,17925.25,CAL.NIF50.17600.20220120,337.9,442.25,442.25,255,11600,CAL.NIF50.17600.20220127,392.7,508.1,508.1,13900,605400,2022-01-20,2022-01-27,0.1622,0.1489,2,-5.05,0.860453,1.0,-1.0,0.860453,-89.788299,85.439833,-4.348466,1988.012048,,-110.044997
2022-01-06,Active2,CAL,17700,17745.9,CAL.NIF50.17700.20220120,265.05,265.15,265.15,3376,45950,CAL.NIF50.17700.20220127,341.9,327.9,327.9,71497,791900,2022-01-20,2022-01-27,0.2899,0.2367,2,-10.95,0.775227,1.0,-1.0,0.775227,-0.077523,-8.41367,-8.491192,1979.520855,,-118.536189
2022-01-07,Active2,CAL,17500,17812.7,CAL.NIF50.17500.20220120,434.15,424.95,424.95,646,18000,CAL.NIF50.17500.20220127,485.95,485.5,485.5,15223,1396750,2022-01-20,2022-01-27,0.1193,0.1425,2,8.8,0.893405,1.0,-1.0,0.893405,8.219323,-0.359177,7.860146,1987.381001,,-110.676044
2022-01-10,Active2,CAL,17600,18003.3,CAL.NIF50.17600.20220120,427.45,481.15,481.15,432,17200,CAL.NIF50.17600.20220127,450.0,541.9,541.9,5196,495950,2022-01-20,2022-01-27,0.0528,0.1263,2,33.59,0.949889,1.0,-1.0,0.949889,-51.009033,82.92035,31.911317,2019.292318,,-78.764727
2022-01-11,Active2,CAL,17800,18055.75,CAL.NIF50.17800.20220127,380.05,411.8,411.8,13701,705300,CAL.NIF50.17800.20220203,515.5,522.65,522.65,142,9150,2022-01-27,2022-02-03,0.3564,0.2692,2,-26.48,0.737245,1.0,-1.0,0.737245,-23.407541,3.886245,-19.521296,1999.771022,,-98.286023
2022-01-12,Active2,CAL,17800,18212.35,CAL.NIF50.17800.20220127,470.25,519.25,519.25,8991,606750,CAL.NIF50.17800.20220203,579.45,615.1,615.1,99,6850,2022-01-27,2022-02-03,0.2322,0.1846,2,-20.07,0.737245,1.0,-1.0,0.737245,-79.217017,50.24942,-28.967598,1970.803424,,-127.253621
2022-01-13,Active2,CAL,18000,18257.8,CAL.NIF50.18000.20220127,360.0,382.25,382.25,29686,1700250,CAL.NIF50.18000.20220203,463.2,476.7,476.7,221,18050,2022-01-27,2022-02-03,0.2867,0.2471,2,-11.76,0.777202,1.0,-1.0,0.777202,-17.292746,8.154581,-9.138165,1961.665259,,-136.391786
2022-01-14,Active2,CAL,18000,18255.75,CAL.NIF50.18000.20220127,332.25,380.4,380.4,28334,1657200,CAL.NIF50.18000.20220203,415.35,482.05,482.05,296,17300,2022-01-27,2022-02-03,0.2501,0.2672,2,5.21,0.777202,1.0,-1.0,0.777202,1.437824,3.23163,4.669454,1966.334713,,-131.722332
2022-01-17,Active2,CAL,18000,18308.1,CAL.NIF50.18000.20220127,448.2,399.45,399.45,18980,1561400,CAL.NIF50.18000.20220203,479.4,496.55,496.55,243,15500,2022-01-27,2022-02-03,0.0696,0.2431,2,64.78,0.777202,1.0,-1.0,0.777202,-14.805699,8.758624,-6.047075,1960.287638,,-137.769407
2022-01-18,Active2,CAL,18100,18113.05,CAL.NIF50.18100.20220203,430.9,312.55,312.55,560,14500,CAL.NIF50.18100.20220210,414.95,371.2,371.2,18,900,2022-02-03,2022-02-10,-0.037,0.1876,2,72.92,1.038438,1.0,-1.0,1.038438,122.899181,-47.177998,75.721183,2036.008821,,-62.048224
2022-01-19,Active2,CAL,17900,17938.4,CAL.NIF50.17900.20220203,375.0,331.8,331.8,1707,29450,CAL.NIF50.17900.20220210,398.55,385.35,385.35,51,1300,2022-02-03,2022-02-10,0.0628,0.1614,2,30.78,0.940911,1.0,-1.0,0.940911,40.647347,-11.686133,28.961213,2064.970034,,-33.087011
2022-01-20,Active2,CAL,17700,17757.0,CAL.NIF50.17700.20220203,419.75,343.35,343.35,4355,55100,CAL.NIF50.17700.20220210,475.15,398.4,398.4,192,3900,2022-02-03,2022-02-10,0.132,0.1603,2,8.6,0.883405,1.0,-1.0,0.883405,67.49216,-59.89607,7.596091,2072.566124,,-25.49092
2022-01-21,Active2,CAL,17500,17617.15,CAL.NIF50.17500.20220203,359.55,346.4,346.4,15237,92550,CAL.NIF50.17500.20220210,410.15,411.45,411.45,451,12150,2022-02-03,2022-02-10,0.1407,0.1878,2,14.29,0.876631,1.0,-1.0,0.876631,11.527691,0.999025,12.526716,2085.092841,,-12.964204
2022-01-24,Active2,CAL,17400,17149.1,CAL.NIF50.17400.20220203,386.0,215.9,215.9,39898,282200,CAL.NIF50.17400.20220210,455.95,280.4,280.4,3043,48350,2022-02-03,2022-02-10,0.1812,0.2987,2,21.48,0.846584,1.0,-1.0,0.846584,144.003948,-125.817486,18.186462,2103.279303,,0.0
2022-01-25,Active2,CAL,16900,17277.95,CAL.NIF50.16900.20220210,427.4,590.5,590.5,863,7500,CAL.NIF50.16900.20220217,0.0,879.7,618.65,0,0,2022-02-10,2022-02-17,-1.0,0.4898,2,,,1.0,0.0,0.0,0.0,0.0,0.0,2103.279303,"2022-01-25 00:00:00: Leg2_Open missing, used Leg2_Settle; 2022-01-25 00:00:00: no open-price ratio (leg open<=0), trade skipped",0.0
2022-01-27,Active2,CAL,17000,17110.15,CAL.NIF50.17000.20220210,300.35,401.05,401.05,10077,112200,CAL.NIF50.17000.20220217,403.95,447.85,447.85,201,3200,2022-02-10,2022-02-17,0.3449,0.1167,2,-68.06,0.743533,1.0,-1.0,0.743533,-74.873734,24.269709,-50.604025,2052.675277,,-50.604025
2022-01-28,Active2,CAL,16900,17101.95,CAL.NIF50.16900.20220210,543.25,450.65,450.65,544,9650,CAL.NIF50.16900.20220217,515.1,517.5,475.65,9,200,2022-02-10,2022-02-17,-0.0518,0.1483,2,95.13,1.05465,1.0,-1.0,1.05465,97.660551,2.669486,100.330037,2153.005314,,0.0
2022-01-31,Active2,CAL,16900,17339.85,CAL.NIF50.16900.20220210,547.95,610.75,610.75,275,5600,CAL.NIF50.16900.20220217,603.8,638.1,608.3,8,200,2022-02-10,2022-02-17,0.1019,0.0448,2,-31.67,1.05465,1.0,-1.0,1.05465,-168.849398,134.14166,-34.707738,2118.297577,,-34.707738
2022-02-01,Active2,CAL,17100,17576.85,CAL.NIF50.17100.20220217,566.85,620.0,620.0,78,1900,CAL.NIF50.17100.20220224,617.05,636.25,636.25,5590,176450,2022-02-17,2022-02-24,0.0886,0.0262,2,-35.51,0.918645,1.0,-1.0,0.918645,-48.825991,16.203052,-32.622939,2085.674638,,-67.330677
2022-02-02,Active2,CAL,17300,17780.0,CAL.NIF50.17300.20220217,536.1,582.4,582.4,98,5500,CAL.NIF50.17300.20220224,565.8,618.1,618.1,5615,344650,2022-02-17,2022-02-24,0.0554,0.0613,2,3.25,0.947508,1.0,-1.0,0.947508,-43.869618,46.95344,3.083822,2088.75846,,-64.246855
2022-02-03,Active2,CAL,17500,17560.2,CAL.NIF50.17500.20220217,413.9,266.55,266.55,1501,90600,CAL.NIF50.17500.20220224,450.0,325.15,325.15,26579,1116800,2022-02-17,2022-02-24,0.0872,0.2198,2,32.52,0.919778,1.0,-1.0,0.919778,135.529256,-105.621996,29.907259,2118.665719,,-34.339596
2022-02-04,Active2,CAL,17300,17516.3,CAL.NIF50.17300.20220217,397.35,365.95,365.95,536,8150,CAL.NIF50.17300.20220224,450.0,420.15,420.15,4684,255500,2022-02-17,2022-02-24,0.1325,0.1481,2,5.04,0.883,1.0,-1.0,0.883,27.7262,-23.273717,4.452483,2123.118202,,-29.887112
2022-02-07,Active2,CAL,17300,17213.6,CAL.NIF50.17300.20220217,315.0,184.15,184.15,17384,165100,CAL.NIF50.17300.20220224,383.0,242.9,242.9,48329,625500,2022-02-17,2022-02-24,0.2159,0.319,2,15.62,0.883,1.0,-1.0,0.883,160.5294,-138.199875,22.329525,2145.447727,,-7.557587
2022-02-08,Active2,CAL,17000,17266.75,CAL.NIF50.17000.20220224,422.2,423.6,423.6,25965,685200,CAL.NIF50.17000.20220303,500.0,490.85,490.85,129,3050,2022-02-24,2022-03-03,0.1843,0.1588,2,-9.13,0.8444,1.0,-1.0,0.8444,-1.18216,-6.524054,-7.706214,2137.741513,,-15.263801
2022-02-09,Active2,CAL,17000,17463.8,CAL.NIF50.17000.20220224,466.0,554.05,554.05,10076,584150,CAL.NIF50.17000.20220303,545.65,616.3,616.3,44,2300,2022-02-24,2022-03-03,0.1709,0.1124,2,-27.71,0.8444,1.0,-1.0,0.8444,-110.15198,89.447275,-20.704705,2117.036808,,-35.968506
2022-02-10,Active2,CAL,17200,17605.85,CAL.NIF50.17200.20220224,422.75,495.8,495.8,8605,524300,CAL.NIF50.17200.20220303,487.0,553.6,553.6,79,3650,2022-02-24,2022-03-03,0.152,0.1166,2,-15.24,0.86807,1.0,-1.0,0.86807,-63.4125,50.186111,-13.226389,2103.810419,,-49.194896
2022-02-11,Active2,CAL,17400,17374.75,CAL.NIF50.17400.20220224,238.45,208.2,208.2,131995,1300700,CAL.NIF50.17400.20220303,298.65,278.55,278.55,1006,15950,2022-02-24,2022-03-03,0.2525,0.3379,2,14.2,0.798426,1.0,-1.0,0.798426,24.152394,-12.813438,11.338956,2115.149375,,-37.85594
2022-02-14,Active2,CAL,17100,16842.8,CAL.NIF50.17100.20220224,251.0,151.4,151.4,87259,600050,CAL.NIF50.17100.20220303,297.3,227.5,227.5,1968,23950,2022-02-24,2022-03-03,0.1845,0.5026,2,40.67,0.844265,1.0,-1.0,0.844265,84.088799,-49.752287,34.336512,2149.485887,,-3.519427
2022-02-15,Active2,CAL,16600,17352.45,CAL.NIF50.16600.20220303,533.05,863.0,863.0,107,4950,CAL.NIF50.16600.20220310,769.95,769.95,901.6,1,50,2022-03-03,2022-03-10,0.4444,-0.1078,2,-329.95,0.692318,1.0,-1.0,0.692318,-228.430219,0.0,-228.430219,1921.055668,,-231.949647
2022-02-16,Active2,CAL,17100,17322.2,CAL.NIF50.17100.20220303,490.55,423.65,423.65,462,12000,CAL.NIF50.17100.20220310,542.35,504.6,521.15,27,1700,2022-03-03,2022-03-10,0.1056,0.1911,2,32.76,0.90449,1.0,-1.0,0.90449,60.510362,-30.883337,29.627025,1950.682693,,-202.322622
2022-02-17,Active2,CAL,17100,17304.6,CAL.NIF50.17100.20220303,458.5,417.4,417.4,871,30450,CAL.NIF50.17100.20220310,534.25,527.1,499.95,15,1650,2022-03-03,2022-03-10,0.1652,0.2628,2,34.96,0.90449,1.0,-1.0,0.90449,5.653061,18.407287,24.060348,1974.74304,,-178.262274
2022-02-18,Active2,CAL,17100,17276.3,CAL.NIF50.17100.20220303,405.85,401.6,401.6,1069,31850,CAL.NIF50.17100.20220310,493.5,496.3,496.3,185,3400,2022-03-03,2022-03-10,0.216,0.2358,2,6.55,0.90449,1.0,-1.0,0.90449,14.290938,-25.197531,-10.906593,1963.836447,,-189.168867
2022-02-21,Active2,CAL,17000,17206.65,CAL.NIF50.17000.20220303,419.95,395.1,395.1,12030,114550,CAL.NIF50.17000.20220310,510.6,496.45,496.45,555,6600,2022-03-03,2022-03-10,0.2159,0.2565,2,13.21,0.822464,1.0,-1.0,0.822464,20.438225,-9.57172,10.866505,1974.702952,,-178.302363
2022-02-22,Active2,CAL,17000,17092.2,CAL.NIF50.17000.20220310,256.85,425.5,425.5,7366,44550,CAL.NIF50.17000.20220317,545.5,485.65,485.65,282,3450,2022-03-10,2022-03-17,1.1238,0.1414,2,-196.83,0.470852,1.0,-1.0,0.470852,-79.409262,-13.268865,-92.678127,1882.024824,,-270.98049
2022-02-23,Active2,CAL,16800,17063.25,CAL.NIF50.16800.20220310,617.95,533.6,533.6,181,5700,CAL.NIF50.16800.20220317,0.0,580.35,536.35,0,50,2022-03-10,2022-03-17,-1.0,0.0876,2,,,1.0,0.0,0.0,0.0,0.0,0.0,1882.024824,"2022-02-23 00:00:00: Leg2_Open missing, used Leg2_Settle; 2022-02-23 00:00:00: no open-price ratio (leg open<=0), trade skipped",-270.98049
2022-02-24,Active2,CAL,16800,16247.95,CAL.NIF50.16800.20220310,333.5,187.0,187.0,7851,75500,CAL.NIF50.16800.20220317,482.45,243.9,243.9,77,2100,2022-03-10,2022-03-17,0.4466,0.3043,2,-18.4,,1.0,0.0,0.0,0.0,0.0,0.0,1882.024824,"2022-02-24 00:00:00: no open-price ratio (leg open<=0), trade skipped",-270.98049
2022-02-25,Active2,CAL,16000,16658.4,CAL.NIF50.16000.20220310,700.0,806.9,806.9,603,20150,CAL.NIF50.16000.20220317,1284.05,835.3,835.3,2,50,2022-03-10,2022-03-17,0.8344,0.0352,2,-351.54,0.54515,1.0,-1.0,0.54515,-58.276547,-133.363404,-191.639951,1690.384874,,-462.620441
2022-02-28,Active2,CAL,16400,16793.9,CAL.NIF50.16400.20220310,412.95,620.5,620.5,9270,26650,CAL.NIF50.16400.20220317,485.3,668.1,668.1,856,10700,2022-03-10,2022-03-17,0.1752,0.0767,2,-52.0,0.850917,1.0,-1.0,0.850917,-176.607815,132.358108,-44.249707,1646.135167,,-506.870148
2022-03-02,Active2,CAL,16500,16605.95,CAL.NIF50.16500.20220317,484.8,490.85,490.85,1336,33750,CAL.NIF50.16500.20220324,538.15,534.85,534.85,367,22650,2022-03-17,2022-03-24,0.11,0.0896,2,-9.02,0.900864,1.0,-1.0,0.900864,-5.450228,-2.678135,-8.128363,1638.006804,,-514.99851
2022-03-03,Active2,CAL,16400,16498.05,CAL.NIF50.16400.20220317,572.55,421.4,421.4,317,14150,CAL.NIF50.16400.20220324,668.4,500.8,500.8,141,92400,2022-03-17,2022-03-24,0.1674,0.1884,2,7.58,0.856598,1.0,-1.0,0.856598,129.474764,-122.978154,6.49661,1644.503414,,-508.5019
2022-03-04,Active2,CAL,16200,16245.35,CAL.NIF50.16200.20220317,435.85,370.0,370.0,7713,58500,CAL.NIF50.16200.20220324,509.4,441.8,441.8,300,2750,2022-03-17,2022-03-24,0.1688,0.1941,2,8.01,0.855614,1.0,-1.0,0.855614,56.342211,-49.488343,6.853868,1651.357282,,-501.648032
2022-03-07,Active2,CAL,16000,15863.15,CAL.NIF50.16000.20220317,301.05,282.75,282.75,33310,252400,CAL.NIF50.16000.20220324,390.85,342.55,342.55,1778,19000,2022-03-17,2022-03-24,0.2983,0.2115,2,-18.9,0.770244,1.0,-1.0,0.770244,14.095471,-28.655247,-14.559776,1636.797506,,-516.207808
2022-03-08,Active2,CAL,15600,16013.45,CAL.NIF50.15600.20220324,560.8,647.85,647.85,62,900,CAL.NIF50.15600.20220331,599.0,696.55,696.55,5646,61600,2022-03-24,2022-03-31,0.0681,0.0752,2,4.28,0.936227,1.0,-1.0,0.936227,-81.498564,85.504631,4.006067,1640.803573,,-512.201741
2022-03-09,Active2,CAL,15800,16345.35,CAL.NIF50.15800.20220324,534.5,724.05,724.05,194,17700,CAL.NIF50.15800.20220331,565.55,775.6,775.6,16307,581200,2022-03-24,2022-03-31,0.0581,0.0712,2,8.97,0.945098,1.0,-1.0,0.945098,-179.143268,187.618687,8.475419,1649.278993,,-503.726322
2022-03-10,Active2,CAL,16100,16594.9,CAL.NIF50.16100.20220324,673.65,690.0,690.0,73,4950,CAL.NIF50.16100.20220331,933.55,715.5,715.5,3411,138050,2022-03-24,2022-03-31,0.3858,0.037,2,-173.69,0.7216,1.0,-1.0,0.7216,-11.798166,-113.540173,-125.338339,1523.940654,,-629.064661
2022-03-11,Active2,CAL,16300,16630.45,CAL.NIF50.16300.20220324,428.15,529.0,529.0,545,13600,CAL.NIF50.16300.20220331,500.05,592.45,592.45,4809,313650,2022-03-24,2022-03-31,0.1679,0.1199,2,-21.74,0.856214,1.0,-1.0,0.856214,-86.34922,67.738723,-18.610497,1505.330156,,-647.675158
2022-03-14,Active2,CAL,16400,16871.3,CAL.NIF50.16400.20220324,432.45,622.45,622.45,866,22350,CAL.NIF50.16400.20220331,424.0,686.3,686.3,3372,328200,2022-03-24,2022-03-31,-0.0195,0.1026,2,77.53,1.019929,1.0,-1.0,1.019929,-193.786557,272.859061,79.072504,1584.402661,,-568.602653
2022-03-15,Active2,CAL,16600,16663.0,CAL.NIF50.16600.20220331,539.3,420.2,420.2,21446,690900,CAL.NIF50.16600.20220407,610.0,478.25,478.25,27,151900,2022-03-31,2022-04-07,0.1311,0.1381,2,2.62,0.884098,1.0,-1.0,0.884098,105.296115,-102.979741,2.316374,1586.719035,,-566.286279
2022-03-16,Active2,CAL,16400,16975.35,CAL.NIF50.16400.20220331,658.65,747.2,747.2,2174,277600,CAL.NIF50.16400.20220407,764.95,783.4,783.4,25,500,2022-03-31,2022-04-07,0.1614,0.0484,2,-72.66,0.861037,1.0,-1.0,0.861037,-76.244797,13.678537,-62.56626,1524.152775,,-628.852539
2022-03-17,Active2,CAL,16700,17287.05,CAL.NIF50.16700.20220331,700.05,734.4,734.4,9435,948250,CAL.NIF50.16700.20220407,696.35,812.2,773.9,37,2150,2022-03-31,2022-04-07,-0.0053,0.1059,2,82.12,1.005313,1.0,-1.0,1.005313,-34.532516,117.08439,82.551874,1606.704649,,-546.300665
2022-03-21,Active2,CAL,17000,17117.6,CAL.NIF50.17000.20220331,524.05,391.0,391.0,26214,1761425,CAL.NIF50.17000.20220407,572.1,478.0,478.0,969,39400,2022-03-31,2022-04-07,0.0917,0.2225,2,46.85,0.916011,1.0,-1.0,0.916011,121.875288,-78.957098,42.91819,1649.62284,,-503.382475
2022-03-22,Active2,CAL,16900,17315.5,CAL.NIF50.16900.20220407,515.4,648.9,648.9,284,10200,CAL.NIF50.16900.20220413,605.3,574.0,662.1,6,50,2022-04-07,2022-04-13,0.1744,-0.1154,2,-160.15,0.851479,1.0,-1.0,0.851479,-113.672394,-22.692995,-136.365389,1513.257451,,-639.747864
2022-03-23,Active2,CAL,17100,17245.65,CAL.NIF50.17100.20220407,569.6,466.4,466.4,777,16250,CAL.NIF50.17100.20220413,612.0,543.4,543.4,30,1300,2022-04-07,2022-04-13,0.0744,0.1651,2,39.35,0.930719,1.0,-1.0,0.930719,96.050196,-59.423911,36.626285,1549.883736,,-603.121579
2022-03-24,Active2,CAL,17000,17222.75,CAL.NIF50.17000.20220407,450.05,472.7,472.7,2525,77850,CAL.NIF50.17000.20220413,546.75,552.05,552.05,36,2750,2022-04-07,2022-04-13,0.2149,0.1679,2,-18.29,0.823137,1.0,-1.0,0.823137,-18.644047,3.591036,-15.05301,1534.830726,,-618.174589
2022-03-25,Active2,CAL,17000,17153.0,CAL.NIF50.17000.20220407,488.95,401.6,401.6,7485,95400,CAL.NIF50.17000.20220413,567.0,494.2,494.2,203,5700,2022-04-07,2022-04-13,0.1596,0.2306,2,24.57,0.823137,1.0,-1.0,0.823137,58.525021,-39.196502,19.328519,1554.159244,,-598.84607
2022-03-28,Active2,CAL,16900,17222.0,CAL.NIF50.16900.20220407,464.55,496.45,496.45,2342,27250,CAL.NIF50.16900.20220413,499.95,565.45,565.45,106,2900,2022-04-07,2022-04-13,0.0762,0.139,2,28.96,0.929193,1.0,-1.0,0.929193,-29.641254,56.552666,26.911412,1581.070656,,-571.934658
2022-03-29,Active2,CAL,17000,17325.3,CAL.NIF50.17000.20220413,509.95,540.7,540.7,323,12500,CAL.NIF50.17000.20220421,600.0,600.0,600.0,21,2550,2022-04-13,2022-04-21,0.1766,0.1097,2,-30.75,0.849917,1.0,-1.0,0.849917,-26.134938,0.0,-26.134938,1554.935719,,-598.069596
2022-03-30,Active2,CAL,17100,17498.25,CAL.NIF50.17100.20220413,503.7,550.4,550.4,93,4800,CAL.NIF50.17100.20220421,600.0,615.5,615.5,6,950,2022-04-13,2022-04-21,0.1912,0.1183,2,-33.69,0.8395,1.0,-1.0,0.8395,-39.20465,10.923784,-28.280866,1526.654852,,-626.350462
2022-03-31,Active2,CAL,17200,17464.75,CAL.NIF50.17200.20220413,474.95,451.65,451.65,297,12050,CAL.NIF50.17200.20220421,549.35,523.3,523.3,28,2700,2022-04-13,2022-04-21,0.1566,0.1586,2,0.78,0.864567,1.0,-1.0,0.864567,20.144416,-19.471762,0.672654,1527.327506,,-625.677808
2022-04-01,Active2,CAL,17200,17670.45,CAL.NIF50.17200.20220413,409.45,550.3,550.3,516,14300,CAL.NIF50.17200.20220421,510.0,605.7,605.7,58,1950,2022-04-13,2022-04-21,0.2456,0.1007,2,-64.02,0.864567,1.0,-1.0,0.864567,-85.289556,61.592061,-23.697495,1503.630012,,-649.375303
2022-04-04,Active2,CAL,17400,18053.4,CAL.NIF50.17400.20220413,454.25,711.5,711.5,1119,24350,CAL.NIF50.17400.20220421,512.6,695.0,798.25,14,1650,2022-04-13,2022-04-21,0.1285,-0.0232,2,-95.61,0.886169,1.0,-1.0,0.886169,-227.96686,143.237754,-84.729106,1418.900906,,-734.104409
2022-04-05,Active2,CAL,17800,17957.4,CAL.NIF50.17800.20220421,451.85,366.4,366.4,247,10300,CAL.NIF50.17800.20220428,485.0,437.95,437.95,5899,306700,2022-04-21,2022-04-28,0.0734,0.1953,2,41.62,0.931649,1.0,-1.0,0.931649,79.609448,-40.838024,38.771424,1457.67233,,-695.332985
2022-04-06,Active2,CAL,17700,17807.65,CAL.NIF50.17700.20220421,350.25,334.8,334.8,514,7900,CAL.NIF50.17700.20220428,421.35,412.45,412.45,7384,327300,2022-04-21,2022-04-28,0.203,0.2319,2,8.05,0.831257,1.0,-1.0,0.831257,12.842916,-6.14979,6.693125,1464.365455,,-688.639859
2022-04-07,Active2,CAL,17600,17639.55,CAL.NIF50.17600.20220421,354.3,296.25,296.25,1464,29400,CAL.NIF50.17600.20220428,390.75,378.9,378.9,15522,425150,2022-04-21,2022-04-28,0.1029,0.279,2,47.31,0.906718,1.0,-1.0,0.906718,52.634971,-9.742327,42.892645,1507.2581,,-645.747215
2022-04-08,Active2,CAL,17400,17784.35,CAL.NIF50.17400.20220421,439.05,533.55,533.55,404,9650,CAL.NIF50.17400.20220428,537.95,598.15,598.15,3811,281550,2022-04-21,2022-04-28,0.2253,0.1211,2,-45.37,0.816154,1.0,-1.0,0.816154,-77.126545,40.099654,-37.026891,1470.231209,,-682.774105
2022-04-11,Active2,CAL,17500,17674.95,CAL.NIF50.17500.20220428,451.0,397.2,397.2,16888,1177800,CAL.NIF50.17500.20220505,526.95,450.0,450.0,31,1850,2022-04-28,2022-05-05,0.1684,0.1329,2,-12.06,0.855869,1.0,-1.0,0.855869,46.045735,-56.366736,-10.321002,1459.910208,,-693.095107
2022-04-12,Active2,CAL,17400,17530.3,CAL.NIF50.17400.20220428,380.85,338.2,338.2,14790,331900,CAL.NIF50.17400.20220505,415.0,409.5,409.5,35,1300,2022-04-28,2022-05-05,0.0897,0.2108,2,37.6,0.917711,1.0,-1.0,0.917711,39.140367,-4.632063,34.508305,1494.418512,,-658.586802
2022-04-13,Active2,CAL,17300,17475.65,CAL.NIF50.17300.20220428,407.0,352.1,352.1,5582,304250,CAL.NIF50.17300.20220505,510.7,425.7,425.7,46,1000,2022-04-28,2022-05-05,0.2548,0.209,2,-12.84,0.796945,1.0,-1.0,0.796945,43.752301,-53.985363,-10.233063,1484.18545,,-668.819864
2022-04-18,Active2,CAL,17200,17173.65,CAL.NIF50.17200.20220428,256.85,215.6,215.6,149939,1209950,CAL.NIF50.17200.20220505,334.25,300.5,300.5,3406,43350,2022-04-28,2022-05-05,0.3013,0.3938,2,15.32,0.768437,1.0,-1.0,0.768437,31.698018,-19.92921,11.768808,1495.954258,,-657.051057
2022-04-19,Active2,CAL,16900,16958.65,CAL.NIF50.16900.20220505,501.2,317.05,317.05,292,6250,CAL.NIF50.16900.20220512,0.0,557.3,443.3,0,0,2022-05-05,2022-05-12,-1.0,0.7578,2,,,1.0,0.0,0.0,0.0,0.0,0.0,1495.954258,"2022-04-19 00:00:00: Leg2_Open missing, used Leg2_Settle; 2022-04-19 00:00:00: no open-price ratio (leg open<=0), trade skipped",-657.051057
2022-04-20,Active2,CAL,16700,17136.55,CAL.NIF50.16700.20220505,518.15,581.9,600.0,27,1100,CAL.NIF50.16700.20220512,541.05,601.75,666.45,4,0,2022-05-05,2022-05-12,0.0442,0.0341,2,-5.62,0.957675,1.0,-1.0,0.957675,-61.051774,55.670471,-5.381304,1490.572954,,-662.43236
2022-04-21,Active2,CAL,16900,17392.6,CAL.NIF50.16900.20220505,466.35,581.05,581.05,102,7800,CAL.NIF50.16900.20220512,0.0,488.0,702.05,0,50,2022-05-05,2022-05-12,-1.0,-0.1601,2,,,1.0,0.0,0.0,0.0,0.0,0.0,1490.572954,"2022-04-21 00:00:00: Leg2_Open missing, used Leg2_Settle; 2022-04-21 00:00:00: no open-price ratio (leg open<=0), trade skipped",-662.43236
2022-04-22,Active2,CAL,17100,17171.95,CAL.NIF50.17100.20220505,309.65,275.0,275.0,6357,46600,CAL.NIF50.17100.20220512,359.95,340.0,340.0,274,4300,2022-05-05,2022-05-12,0.1624,0.2364,2,17.49,0.860258,1.0,-1.0,0.860258,29.807952,-14.763887,15.044065,1505.61702,,-647.388295
2022-04-25,Active2,CAL,16900,16953.95,CAL.NIF50.16900.20220505,274.0,267.15,267.15,18954,98300,CAL.NIF50.16900.20220512,322.0,345.25,345.25,829,9400,2022-05-05,2022-05-12,0.1752,0.2923,2,26.63,0.850932,1.0,-1.0,0.850932,5.828882,16.83497,22.663852,1528.280871,,-624.724443
2022-04-26,Active2,CAL,16700,17200.8,CAL.NIF50.16700.20220512,593.4,575.0,659.0,8,5500,CAL.NIF50.16700.20220519,623.25,636.0,721.85,4,200,2022-05-12,2022-05-19,0.0503,0.1061,2,30.54,0.952106,1.0,-1.0,0.952106,17.518748,11.557947,29.076695,1557.357567,,-595.647748
2022-04-27,Active2,CAL,17000,17038.4,CAL.NIF50.17000.20220512,295.35,305.75,305.75,6020,87900,CAL.NIF50.17000.20220519,365.75,374.3,374.3,186,4700,2022-05-12,2022-05-19,0.2384,0.2242,2,-3.5,0.807519,1.0,-1.0,0.807519,-8.398195,5.57534,-2.822855,1554.534712,,-598.470603
2022-04-28,Active2,CAL,16800,17245.05,CAL.NIF50.16800.20220512,451.45,542.05,542.05,534,10850,CAL.NIF50.16800.20220519,509.5,523.45,666.4,2,100,2022-05-12,2022-05-19,0.1286,-0.0343,2,-78.24,0.886065,1.0,-1.0,0.886065,-80.277468,10.952295,-69.325173,1485.209539,,-667.795775
2022-04-29,Active2,CAL,17000,17102.55,CAL.NIF50.17000.20220512,431.05,300.4,300.4,5249,87200,CAL.NIF50.17000.20220519,491.45,371.75,371.75,138,5100,2022-05-12,2022-05-19,0.1401,0.2375,2,25.66,0.877098,1.0,-1.0,0.877098,114.592904,-92.085398,22.507505,1507.717044,,-645.28827
2022-05-02,Active2,CAL,16900,17069.1,CAL.NIF50.16900.20220512,237.9,332.8,332.8,11977,75850,CAL.NIF50.16900.20220519,357.15,394.7,394.7,238,2500,2022-05-12,2022-05-19,0.5013,0.186,2,-69.89,0.666107,1.0,-1.0,0.666107,-63.213524,16.660864,-46.55266,1461.164385,,-691.84093
2022-05-04,Active2,CAL,16800,16677.6,CAL.NIF50.16800.20220519,450.85,253.4,253.4,1517,34550,CAL.NIF50.16800.20220526,516.05,301.2,301.2,33112,442500,2022-05-19,2022-05-26,0.1446,0.1886,2,9.75,0.873656,1.0,-1.0,0.873656,172.503309,-163.989462,8.513847,1469.678231,,-683.327083
2022-05-05,Active2,CAL,16400,16682.65,CAL.NIF50.16400.20220519,551.05,422.55,422.55,35,1050,CAL.NIF50.16400.20220526,585.2,484.05,484.05,1646,38900,2022-05-19,2022-05-26,0.062,0.1455,2,33.25,0.941644,1.0,-1.0,0.941644,121.001239,-89.689017,31.312222,1500.990453,,-652.014861
2022-05-06,Active2,CAL,16400,16411.25,CAL.NIF50.16400.20220519,280.05,264.3,264.3,18162,138450,CAL.NIF50.16400.20220526,340.0,324.95,324.95,95786,811300,2022-05-19,2022-05-26,0.2141,0.2295,2,3.35,0.941644,1.0,-1.0,0.941644,149.015144,-141.072888,7.942256,1508.932709,,-644.072605
2022-05-09,Active2,CAL,16200,16301.85,CAL.NIF50.16200.20220519,272.9,292.55,292.55,24740,90650,CAL.NIF50.16200.20220526,347.1,357.0,357.0,91076,380900,2022-05-19,2022-05-26,0.2719,0.2203,2,-11.87,0.786229,1.0,-1.0,0.786229,-15.449395,6.119741,-9.329654,1499.603055,,-653.402259
2022-05-10,Active2,CAL,16100,16240.05,CAL.NIF50.16100.20220526,396.85,373.95,373.95,10009,92550,CAL.NIF50.16100.20220602,0.0,463.9,472.65,0,550,2022-05-26,2022-06-02,-1.0,0.2405,2,,,1.0,0.0,0.0,0.0,0.0,0.0,1499.603055,"2022-05-10 00:00:00: Leg2_Open missing, used Leg2_Settle; 2022-05-10 00:00:00: no open-price ratio (leg open<=0), trade skipped",-653.402259
2022-05-11,Active2,CAL,16000,16167.1,CAL.NIF50.16000.20220526,431.5,374.95,374.95,79357,1286300,CAL.NIF50.16000.20220602,489.0,440.8,440.8,311,7050,2022-05-26,2022-06-02,0.1333,0.1756,2,14.02,0.882413,1.0,-1.0,0.882413,49.90046,-37.531068,12.369392,1511.972447,,-641.032867
2022-05-12,Active2,CAL,15900,15808.0,CAL.NIF50.15900.20220526,344.45,235.3,235.3,94020,1001950,CAL.NIF50.15900.20220602,375.0,305.6,305.6,418,8900,2022-05-26,2022-06-02,0.0887,0.2988,2,45.4,0.918533,1.0,-1.0,0.918533,100.257913,-58.553022,41.704892,1553.677339,,-599.327976
2022-05-13,Active2,CAL,15600,15782.15,CAL.NIF50.15600.20220526,520.95,381.0,381.0,3064,80050,CAL.NIF50.15600.20220602,557.95,437.0,437.0,97,850,2022-05-26,2022-06-02,0.071,0.147,2,27.02,0.933686,1.0,-1.0,0.933686,130.66933,-105.440485,25.228845,1578.906184,,-574.099131
2022-05-16,Active2,CAL,15500,15842.3,CAL.NIF50.15500.20220526,459.05,466.55,466.55,6831,330650,CAL.NIF50.15500.20220602,509.2,534.05,534.05,260,5800,2022-05-26,2022-06-02,0.1092,0.1447,2,14.9,0.901512,1.0,-1.0,0.901512,-6.761341,20.196196,13.434855,1592.341039,,-560.664275
2022-05-17,Active2,CAL,15600,16259.3,CAL.NIF50.15600.20220602,520.0,718.95,769.15,98,3900,CAL.NIF50.15600.20220609,0.0,536.15,823.55,0,150,2022-06-02,2022-06-09,-1.0,-0.2543,2,,,1.0,0.0,0.0,0.0,0.0,0.0,1592.341039,"2022-05-17 00:00:00: Leg2_Open missing, used Leg2_Settle; 2022-05-17 00:00:00: no open-price ratio (leg open<=0), trade skipped",-560.664275
2022-05-18,Active2,CAL,16000,16240.3,CAL.NIF50.16000.20220602,449.45,403.75,403.75,1785,61500,CAL.NIF50.16000.20220609,529.3,462.9,462.9,134,3900,2022-06-02,2022-06-09,0.1777,0.1465,2,-10.68,0.84914,1.0,-1.0,0.84914,38.805715,-47.877014,-9.071299,1583.26974,,-569.735575
2022-05-19,Active2,CAL,16000,15809.4,CAL.NIF50.16000.20220602,234.6,178.1,178.1,12073,188450,CAL.NIF50.16000.20220609,318.55,245.65,245.65,909,21950,2022-06-02,2022-06-09,0.3578,0.3793,2,2.81,0.84914,1.0,-1.0,0.84914,191.608525,-156.645804,34.962721,1618.232461,,-534.772854
2022-05-20,Active2,CAL,15600,16266.15,CAL.NIF50.15600.20220602,516.95,726.65,726.65,401,11750,CAL.NIF50.15600.20220609,607.95,704.65,810.8,12,500,2022-06-02,2022-06-09,0.176,-0.0303,2,-127.47,0.850317,1.0,-1.0,0.850317,-178.311399,69.917812,-108.393587,1509.838874,,-643.166441
2022-05-23,Active2,CAL,16000,16214.7,CAL.NIF50.16000.20220602,435.8,358.5,358.5,9479,163450,CAL.NIF50.16000.20220609,499.05,426.35,426.35,588,15200,2022-06-02,2022-06-09,0.1451,0.1893,2,13.81,0.873259,1.0,-1.0,0.873259,67.502936,-55.439684,12.063252,1521.902126,,-631.103189
2022-05-24,Active2,CAL,16000,16125.15,CAL.NIF50.16000.20220609,440.0,381.8,381.8,1059,18750,CAL.NIF50.16000.20220616,488.65,438.8,438.8,162,4350,2022-06-09,2022-06-16,0.1106,0.1493,2,13.31,0.90044,1.0,-1.0,0.90044,52.405607,-40.41799,11.987618,1533.889743,,-619.115571
2022-05-25,Active2,CAL,15900,16025.8,CAL.NIF50.15900.20220609,488.8,375.85,375.85,247,6800,CAL.NIF50.15900.20220616,445.0,445.0,445.0,1,50,2022-06-09,2022-06-16,-0.0896,0.184,2,112.95,1.098427,1.0,-1.0,1.098427,124.067326,0.0,124.067326,1657.957069,,-495.048245
2022-05-26,Active2,CAL,15800,16170.15,CAL.NIF50.15800.20220609,479.45,504.85,504.85,537,10350,CAL.NIF50.15800.20220616,542.05,560.1,560.1,55,1050,2022-06-09,2022-06-16,0.1306,0.1094,2,-9.43,0.884512,1.0,-1.0,0.884512,-22.466617,14.121641,-8.344977,1649.612092,,-503.393222
2022-05-27,Active2,CAL,15900,16352.45,CAL.NIF50.15900.20220609,523.05,528.85,528.85,642,12050,CAL.NIF50.15900.20220616,559.95,560.0,560.0,49,650,2022-06-09,2022-06-16,0.0705,0.0589,2,-5.75,0.934101,1.0,-1.0,0.934101,-5.417787,0.043627,-5.37416,1644.237932,,-508.767382
2022-05-30,Active2,CAL,16100,16661.4,CAL.NIF50.16100.20220609,478.45,596.65,596.65,988,35050,CAL.NIF50.16100.20220616,492.0,618.5,618.5,80,1900,2022-06-09,2022-06-16,0.0283,0.0366,2,4.82,0.972459,1.0,-1.0,0.972459,-114.944695,119.628164,4.683469,1648.921401,,-504.083913
2022-05-31,Active2,CAL,16400,16584.55,CAL.NIF50.16400.20220616,369.0,358.7,358.7,301,6500,CAL.NIF50.16400.20220623,401.25,396.7,396.7,32,4000,2022-06-16,2022-06-23,0.0874,0.1059,2,6.12,0.919626,1.0,-1.0,0.919626,9.47215,-3.847991,5.624159,1654.54556,,-498.459755
2022-06-01,Active2,CAL,16300,16522.75,CAL.NIF50.16300.20220616,460.15,379.0,379.0,147,8200,CAL.NIF50.16300.20220623,486.25,416.65,416.65,48,2150,2022-06-16,2022-06-23,0.0567,0.0993,2,15.29,0.946324,1.0,-1.0,0.946324,76.794185,-62.328814,14.465371,1669.010931,,-483.994384
2022-06-02,Active2,CAL,16300,16628.0,CAL.NIF50.16300.20220616,334.3,442.95,442.95,452,13500,CAL.NIF50.16300.20220623,395.3,498.8,498.8,18,2250,2022-06-16,2022-06-23,0.1825,0.1261,2,-21.12,0.946324,1.0,-1.0,0.946324,-60.517414,73.567702,13.050288,1682.061219,,-470.944095
2022-06-03,Active2,CAL,16400,16584.3,CAL.NIF50.16400.20220616,481.15,344.35,344.35,806,15450,CAL.NIF50.16400.20220623,501.15,402.25,402.25,35,6500,2022-06-16,2022-06-23,0.0416,0.1681,2,41.85,0.960092,1.0,-1.0,0.960092,131.340557,-91.16367,40.176886,1722.238105,,-430.767209
2022-06-06,Active2,CAL,16300,16569.55,CAL.NIF50.16300.20220616,398.05,385.0,385.0,1307,31600,CAL.NIF50.16300.20220623,449.5,441.5,441.5,54,1700,2022-06-16,2022-06-23,0.1293,0.1468,2,5.97,0.885539,1.0,-1.0,0.885539,11.55629,-6.273441,5.282849,1727.520954,,-425.48436
2022-06-07,Active2,CAL,16300,16416.35,CAL.NIF50.16300.20220623,359.2,339.8,339.8,279,4700,CAL.NIF50.16300.20220630,415.2,385.05,385.05,19148,555650,2022-06-23,2022-06-30,0.1559,0.1332,2,-6.68,0.865125,1.0,-1.0,0.865125,16.78343,-22.565517,-5.782087,1721.738867,,-431.266447
2022-06-08,Active2,CAL,16200,16356.25,CAL.NIF50.16200.20220623,412.35,335.75,335.75,243,3550,CAL.NIF50.16200.20220630,474.85,387.55,387.55,11808,521050,2022-06-23,2022-06-30,0.1516,0.1543,2,0.79,0.868379,1.0,-1.0,0.868379,66.517869,-65.83144,0.686429,1722.425296,,-430.580019
2022-06-09,Active2,CAL,16100,16478.1,CAL.NIF50.16100.20220623,353.0,463.4,463.4,86,1150,CAL.NIF50.16100.20220630,405.45,515.6,515.6,3352,232950,2022-06-23,2022-06-30,0.1486,0.1126,2,-14.5,0.870638,1.0,-1.0,0.870638,-96.118387,83.494776,-12.623611,1709.801684,,-443.20363
2022-06-10,Active2,CAL,16200,16201.8,CAL.NIF50.16200.20220623,269.25,238.25,238.25,11272,95100,CAL.NIF50.16200.20220630,331.05,294.35,294.35,71276,924950,2022-06-23,2022-06-30,0.2295,0.2355,2,1.15,0.813321,1.0,-1.0,0.813321,25.212959,-24.276736,0.936222,1710.737907,,-442.267408
2022-06-13,Active2,CAL,16000,15774.4,CAL.NIF50.16000.20220623,200.05,133.2,133.2,47428,454550,CAL.NIF50.16000.20220630,259.35,191.9,191.9,100285,1894300,2022-06-23,2022-06-30,0.2964,0.4407,2,14.82,0.771351,1.0,-1.0,0.771351,51.564845,-40.131608,11.433237,1722.171144,,-430.834171
2022-06-14,Active2,CAL,15500,15732.1,CAL.NIF50.15500.20220630,436.6,430.95,430.95,12954,469175,CAL.NIF50.15500.20220707,491.65,478.5,478.5,35,700,2022-06-30,2022-07-07,0.1261,0.1103,2,-6.03,0.88803,1.0,-1.0,0.88803,5.01737,-10.370057,-5.352687,1716.818457,,-436.186857
2022-06-15,Active2,CAL,15500,15692.15,CAL.NIF50.15500.20220630,455.45,410.95,410.95,8034,464925,CAL.NIF50.15500.20220707,480.0,474.7,474.7,24,1200,2022-06-30,2022-07-07,0.0539,0.1551,2,39.47,0.88803,1.0,-1.0,0.88803,17.760602,-2.99667,14.763932,1731.582389,,-421.422926
2022-06-16,Active2,CAL,15400,15360.6,CAL.NIF50.15400.20220630,545.75,258.5,258.5,35091,540250,CAL.NIF50.15400.20220707,411.95,324.35,324.35,188,4200,2022-06-30,2022-07-07,-0.2452,0.2547,2,171.2,1.324797,1.0,-1.0,1.324797,380.547852,-153.745559,226.802292,1958.384681,,-194.620633
2022-06-17,Active2,CAL,15100,15293.5,CAL.NIF50.15100.20220630,418.95,402.65,402.65,6935,82050,CAL.NIF50.15100.20220707,468.0,446.15,446.15,171,1650,2022-06-30,2022-07-07,0.1171,0.108,2,-3.26,0.895192,1.0,-1.0,0.895192,14.591635,-17.509919,-2.918284,1955.466397,,-197.538917
2022-06-20,Active2,CAL,15000,15350.15,CAL.NIF50.15000.20220630,494.7,460.9,460.9,14051,703100,CAL.NIF50.15000.20220707,528.7,520.65,520.65,514,7550,2022-06-30,2022-07-07,0.0687,0.1296,2,26.27,0.935691,1.0,-1.0,0.935691,31.626367,-7.047922,24.578445,1980.044842,,-172.960472
2022-06-21,Active2,CAL,15100,15638.8,CAL.NIF50.15100.20220707,513.0,636.35,636.35,88,500,CAL.NIF50.15100.20220714,690.0,690.0,690.0,1,100,2022-07-07,2022-07-14,0.345,0.0843,2,-123.35,0.743478,1.0,-1.0,0.743478,-91.708043,0.0,-91.708043,1888.336799,,-264.668516
2022-06-22,Active2,CAL,15400,15413.3,CAL.NIF50.15400.20220707,328.5,266.4,266.4,3109,43550,CAL.NIF50.15400.20220714,395.0,322.75,322.75,52,1800,2022-07-07,2022-07-14,0.2024,0.2115,2,2.01,0.831646,1.0,-1.0,0.831646,51.64519,-49.970582,1.674608,1890.011406,,-262.993908
2022-06-23,Active2,CAL,15200,15556.65,CAL.NIF50.15200.20220707,386.0,487.65,487.65,722,8500,CAL.NIF50.15200.20220714,453.45,532.2,532.2,22,600,2022-07-07,2022-07-14,0.1747,0.0914,2,-34.61,0.851252,1.0,-1.0,0.851252,-86.529717,57.064545,-29.465172,1860.546235,,-292.45908
2022-06-24,Active2,CAL,15300,15699.25,CAL.NIF50.15300.20220707,481.45,509.15,509.15,787,21100,CAL.NIF50.15300.20220714,498.0,556.75,556.75,23,3950,2022-07-07,2022-07-14,0.0344,0.0935,2,29.1,0.966767,1.0,-1.0,0.966767,-26.779448,54.910016,28.130568,1888.676803,,-264.328512
2022-06-27,Active2,CAL,15400,15832.05,CAL.NIF50.15400.20220707,572.45,507.75,507.75,1180,32900,CAL.NIF50.15400.20220714,610.0,575.25,601.65,90,4600,2022-07-07,2022-07-14,0.0656,0.1329,2,32.09,0.938443,1.0,-1.0,0.938443,60.717238,-30.603441,30.113797,1918.7906,,-234.214715
2022-06-28,Active2,CAL,15600,15850.2,CAL.NIF50.15600.20220714,381.95,417.25,417.25,273,7750,CAL.NIF50.15600.20220721,454.3,445.25,535.35,4,450,2022-07-14,2022-07-21,0.1894,0.0671,2,-42.91,0.840744,1.0,-1.0,0.840744,-29.678263,-6.396997,-36.07526,1882.715339,,-270.289975
2022-06-29,Active2,CAL,15600,15799.1,CAL.NIF50.15600.20220714,322.45,374.7,374.7,638,8650,CAL.NIF50.15600.20220721,384.65,436.65,436.65,69,500,2022-07-14,2022-07-21,0.1929,0.1653,2,-8.66,0.840744,1.0,-1.0,0.840744,35.773657,-6.078914,29.694743,1912.410083,,-240.595232
2022-06-30,Active2,CAL,15500,15780.25,CAL.NIF50.15500.20220714,460.55,406.95,406.95,1004,17550,CAL.NIF50.15500.20220721,518.55,465.25,465.25,18,1000,2022-07-14,2022-07-21,0.1259,0.1433,2,6.26,0.88815,1.0,-1.0,0.88815,47.604821,-42.043562,5.561259,1917.971342,,-235.033973
2022-07-01,Active2,CAL,15500,15752.05,CAL.NIF50.15500.20220714,346.05,402.45,402.45,5119,41850,CAL.NIF50.15500.20220721,413.7,464.05,464.05,234,2000,2022-07-14,2022-07-21,0.1955,0.1531,2,-14.28,0.88815,1.0,-1.0,0.88815,3.996673,-0.946572,3.050102,1921.021443,,-231.983871
2022-07-04,Active2,CAL,15500,15835.35,CAL.NIF50.15500.20220714,378.45,428.55,428.55,2454,42650,CAL.NIF50.15500.20220721,454.95,489.45,489.45,74,2350,2022-07-14,2022-07-21,0.2021,0.1421,2,-21.4,0.88815,1.0,-1.0,0.88815,-23.180706,20.035769,-3.144937,1917.876506,,-235.128808
2022-07-05,Active2,CAL,15600,15810.85,CAL.NIF50.15600.20220721,436.05,369.0,369.0,104,3100,CAL.NIF50.15600.20220728,494.45,419.5,419.5,6933,601050,2022-07-21,2022-07-28,0.1339,0.1369,2,0.95,0.881889,1.0,-1.0,0.881889,59.130655,-58.290725,0.83993,1918.716437,,-234.288878
2022-07-06,Active2,CAL,15600,15989.8,CAL.NIF50.15600.20220721,392.95,504.45,504.45,144,4400,CAL.NIF50.15600.20220728,432.0,553.1,553.1,7137,577700,2022-07-21,2022-07-28,0.0994,0.0964,2,-1.35,0.881889,1.0,-1.0,0.881889,-119.451861,103.904481,-15.54738,1903.169057,,-249.836257
2022-07-07,Active2,CAL,15700,16132.9,CAL.NIF50.15700.20220721,520.0,524.25,524.25,152,11050,CAL.NIF50.15700.20220728,560.95,575.4,575.4,10095,1037150,2022-07-21,2022-07-28,0.0788,0.0976,2,9.15,0.926999,1.0,-1.0,0.926999,-3.939745,12.417273,8.477528,1911.646585,,-241.358729
2022-07-08,Active2,CAL,15900,16220.6,CAL.NIF50.15900.20220721,437.05,410.6,410.6,906,20000,CAL.NIF50.15900.20220728,484.0,464.3,464.3,11609,446950,2022-07-21,2022-07-28,0.1074,0.1308,2,8.66,0.902996,1.0,-1.0,0.902996,23.884241,-16.06341,7.82083,1919.467415,,-233.537899
2022-07-11,Active2,CAL,16000,16216.0,CAL.NIF50.16000.20220721,274.3,306.45,306.45,9476,112750,CAL.NIF50.16000.20220728,270.9,357.9,357.9,32678,1597150,2022-07-21,2022-07-28,-0.0124,0.1679,2,55.94,1.012551,1.0,-1.0,1.012551,-32.553507,89.197536,56.644029,1976.111444,,-176.89387
2022-07-12,Active2,CAL,16000,16058.3,CAL.NIF50.16000.20220728,306.05,259.45,259.45,71648,1760050,CAL.NIF50.16000.20220804,362.25,307.7,307.7,52,3300,2022-07-28,2022-08-04,0.1836,0.186,2,0.51,0.844859,1.0,-1.0,0.844859,39.370407,-38.937022,0.433385,1976.54483,,-176.460485
2022-07-13,Active2,CAL,15800,15966.65,CAL.NIF50.15800.20220728,424.95,340.0,340.0,10342,700800,CAL.NIF50.15800.20220804,470.35,397.15,397.15,49,2300,2022-07-28,2022-08-04,0.1068,0.1681,2,18.82,0.903476,1.0,-1.0,0.903476,76.750298,-59.7509,16.999398,1993.544227,,-159.461087
2022-07-14,Active2,CAL,15700,15938.65,CAL.NIF50.15700.20220728,412.65,361.3,361.3,6570,511750,CAL.NIF50.15700.20220804,467.35,402.05,402.05,76,1800,2022-07-28,2022-08-04,0.1326,0.1128,2,-6.31,0.882957,1.0,-1.0,0.882957,45.339847,-50.908744,-5.568897,1987.97533,,-165.029985
2022-07-15,Active2,CAL,15700,16049.2,CAL.NIF50.15700.20220728,399.95,440.9,440.9,3556,513900,CAL.NIF50.15700.20220804,455.55,486.55,486.55,91,3150,2022-07-28,2022-08-04,0.139,0.1035,2,-13.73,0.882957,1.0,-1.0,0.882957,-70.283385,65.877319,-4.406066,1983.569263,,-169.436051
2022-07-18,Active2,CAL,15800,16278.5,CAL.NIF50.15800.20220728,447.75,540.3,540.3,5802,584450,CAL.NIF50.15800.20220804,490.9,572.4,572.4,212,8400,2022-07-28,2022-08-04,0.0964,0.0594,2,-18.21,0.9121,1.0,-1.0,0.9121,-84.414876,67.802036,-16.61284,1966.956423,,-186.048891
2022-07-19,Active2,CAL,16000,16340.55,CAL.NIF50.16000.20220804,356.8,442.25,442.25,901,35350,CAL.NIF50.16000.20220811,426.65,489.0,489.0,44,3800,2022-08-04,2022-08-11,0.1958,0.1057,2,-33.31,0.836283,1.0,-1.0,0.836283,-71.460354,43.605638,-27.854715,1939.101708,,-213.903607
2022-07-20,Active2,CAL,16100,16520.85,CAL.NIF50.16100.20220804,485.55,481.5,481.5,504,16300,CAL.NIF50.16100.20220811,529.95,519.25,519.25,29,850,2022-08-04,2022-08-11,0.0914,0.0784,2,-5.75,0.916219,1.0,-1.0,0.916219,3.710685,-8.982183,-5.271498,1933.83021,,-219.175105
2022-07-21,Active2,CAL,16300,16605.25,CAL.NIF50.16300.20220804,322.1,388.3,388.3,1874,64450,CAL.NIF50.16300.20220811,376.0,426.45,426.45,75,14300,2022-08-04,2022-08-11,0.1673,0.0982,2,-22.98,0.856649,1.0,-1.0,0.856649,-56.71016,37.022601,-19.687558,1914.142651,,-238.862663
2022-07-22,Active2,CAL,16400,16719.45,CAL.NIF50.16400.20220804,346.65,404.5,404.5,2666,55500,CAL.NIF50.16400.20220811,411.1,454.6,454.6,302,11150,2022-08-04,2022-08-11,0.1859,0.1239,2,-21.17,0.843225,1.0,-1.0,0.843225,-48.780595,30.929772,-17.850823,1896.291828,,-256.713486
2022-07-25,Active2,CAL,16500,16631.0,CAL.NIF50.16500.20220804,301.05,260.55,260.55,21672,314750,CAL.NIF50.16500.20220811,358.9,323.05,323.05,1189,21450,2022-08-04,2022-08-11,0.1922,0.2399,2,10.43,0.838813,1.0,-1.0,0.838813,33.971928,-25.224322,8.747606,1905.039434,,-247.96588
2022-07-26,Active2,CAL,16400,16483.85,CAL.NIF50.16400.20220811,351.95,294.85,294.85,533,20600,CAL.NIF50.16400.20220818,377.85,351.4,351.4,52,1100,2022-08-11,2022-08-18,0.0736,0.1918,2,32.46,0.931454,1.0,-1.0,0.931454,53.186039,-22.948207,30.237832,1935.277266,,-217.728048
2022-07-27,Active2,CAL,16200,16641.8,CAL.NIF50.16200.20220811,412.4,541.4,541.4,220,5250,CAL.NIF50.16200.20220818,452.2,561.5,660.2,6,200,2022-08-11,2022-08-18,0.0965,0.0371,2,-29.32,0.911986,1.0,-1.0,0.911986,-117.646174,90.906798,-26.739377,1908.53789,,-244.467425
2022-07-28,Active2,CAL,16400,16929.6,CAL.NIF50.16400.20220811,476.8,588.9,588.9,602,23400,CAL.NIF50.16400.20220818,514.0,613.65,613.65,72,3800,2022-08-11,2022-08-18,0.078,0.042,2,-19.66,0.927626,1.0,-1.0,0.927626,-103.986926,85.747913,-18.239013,1890.298877,,-262.706438
2022-07-29,Active2,CAL,16700,17158.25,CAL.NIF50.16700.20220811,450.0,539.05,539.05,1583,56950,CAL.NIF50.16700.20220818,529.75,577.0,577.0,140,3750,2022-08-11,2022-08-18,0.1772,0.0704,2,-48.91,0.849457,1.0,-1.0,0.849457,-75.644172,34.094546,-41.549626,1848.749251,,-304.256064
2022-08-01,Active2,CAL,16900,17340.05,CAL.NIF50.16900.20220811,396.6,503.9,503.9,1494,77350,CAL.NIF50.16900.20220818,444.5,554.25,554.25,184,21250,2022-08-11,2022-08-18,0.1208,0.0999,2,-9.38,0.892238,1.0,-1.0,0.892238,-95.737188,87.370821,-8.366367,1840.382884,,-312.62243
2022-08-02,Active2,CAL,17100,17345.45,CAL.NIF50.17100.20220818,350.05,401.45,401.45,331,13650,CAL.NIF50.17100.20220825,416.45,443.2,443.2,14528,660050,2022-08-18,2022-08-25,0.1897,0.104,2,-28.92,0.840557,1.0,-1.0,0.840557,-43.204634,18.899844,-24.30479,1816.078094,,-336.927221
2022-08-03,Active2,CAL,17100,17388.15,CAL.NIF50.17100.20220818,392.3,426.95,426.95,131,13100,CAL.NIF50.17100.20220825,349.95,475.6,475.6,9979,536100,2022-08-18,2022-08-25,-0.108,0.1139,2,106.21,0.840557,1.0,-1.0,0.840557,-21.434206,22.891774,1.457568,1817.535661,,-335.469653
2022-08-04,Active2,CAL,17100,17382.0,CAL.NIF50.17100.20220818,465.0,410.9,410.9,440,14200,CAL.NIF50.17100.20220825,514.45,458.35,458.35,10345,460100,2022-08-18,2022-08-25,0.1063,0.1155,2,3.39,0.840557,1.0,-1.0,0.840557,13.490941,-12.18775,1.303191,1818.838853,,-334.166462
2022-08-05,Active2,CAL,17100,17397.5,CAL.NIF50.17100.20220818,451.8,411.5,411.5,651,22050,CAL.NIF50.17100.20220825,492.65,463.35,463.35,3972,446250,2022-08-18,2022-08-25,0.0904,0.126,2,13.43,0.840557,1.0,-1.0,0.840557,-0.504334,3.532681,3.028347,1821.8672,,-331.138115
2022-08-08,Active2,CAL,17100,17525.1,CAL.NIF50.17100.20220818,403.0,497.15,497.15,5416,34500,CAL.NIF50.17100.20220825,471.35,561.35,561.35,3960,419700,2022-08-18,2022-08-25,0.1696,0.1291,2,-17.2,0.840557,1.0,-1.0,0.840557,-71.993715,69.24055,-2.753165,1819.114035,,-333.89128
2022-08-10,Active2,CAL,17300,17534.75,CAL.NIF50.17300.20220825,411.0,402.45,402.45,12136,777700,CAL.NIF50.17300.20220901,442.4,466.7,466.7,77,8200,2022-08-25,2022-09-01,0.0764,0.1596,2,31.13,0.929024,1.0,-1.0,0.929024,7.943151,20.972958,28.916109,1848.030143,,-304.975171
2022-08-11,Active2,CAL,17300,17659.0,CAL.NIF50.17300.20220825,475.05,468.0,468.0,7609,730450,CAL.NIF50.17300.20220901,578.6,537.75,537.75,86,7950,2022-08-25,2022-09-01,0.218,0.149,2,-26.49,0.929024,1.0,-1.0,0.929024,-60.897491,61.322166,0.424675,1848.454819,,-304.550496
2022-08-12,Active2,CAL,17400,17698.15,CAL.NIF50.17400.20220825,374.85,393.9,393.9,9411,678250,CAL.NIF50.17400.20220901,431.55,462.5,462.5,86,11800,2022-08-25,2022-09-01,0.1513,0.1742,2,7.83,0.868613,1.0,-1.0,0.868613,-16.54708,23.351428,6.804348,1855.259166,,-297.746148
2022-08-16,Active2,CAL,17400,17825.25,CAL.NIF50.17400.20220901,520.0,541.35,541.35,89,11450,CAL.NIF50.17400.20220908,0.0,536.1,680.3,0,250,2022-09-01,2022-09-08,-1.0,-0.0097,2,,,1.0,0.0,0.0,0.0,0.0,0.0,1855.259166,"2022-08-16 00:00:00: Leg2_Open missing, used Leg2_Settle; 2022-08-16 00:00:00: no open-price ratio (leg open<=0), trade skipped",-297.746148
2022-08-17,Active2,CAL,17600,17944.25,CAL.NIF50.17600.20220901,398.0,472.85,472.85,372,14100,CAL.NIF50.17600.20220908,472.45,510.0,618.9,20,550,2022-09-01,2022-09-08,0.1871,0.0786,2,-43.22,0.842417,1.0,-1.0,0.842417,-63.054926,26.647985,-36.406941,1818.852225,,-334.153089
2022-08-18,Active2,CAL,17700,17956.5,CAL.NIF50.17700.20220901,363.85,396.05,396.05,1092,69550,CAL.NIF50.17700.20220908,429.05,446.05,446.05,56,4650,2022-09-01,2022-09-08,0.1792,0.1262,2,-17.78,0.848036,1.0,-1.0,0.848036,-27.306771,12.225816,-15.080954,1803.771271,,-349.234044
2022-08-19,Active2,CAL,17700,17758.45,CAL.NIF50.17700.20220901,406.35,252.0,252.0,12074,92400,CAL.NIF50.17700.20220908,436.1,316.35,316.35,1232,11050,2022-09-01,2022-09-08,0.0732,0.2554,2,42.77,0.848036,1.0,-1.0,0.848036,122.159638,-93.275787,28.883851,1832.655121,,-320.350193
2022-08-22,Active2,CAL,17500,17490.7,CAL.NIF50.17500.20220901,310.05,198.4,198.4,39143,445800,CAL.NIF50.17500.20220908,400.1,267.1,267.1,2993,37650,2022-09-01,2022-09-08,0.2904,0.3463,2,8.58,0.774931,1.0,-1.0,0.774931,86.521076,-79.868956,6.65212,1839.307241,,-313.698073
2022-08-23,Active2,CAL,17200,17577.5,CAL.NIF50.17200.20220908,386.95,542.05,542.05,267,1800,CAL.NIF50.17200.20220915,0.0,608.7,641.35,0,150,2022-09-08,2022-09-15,-1.0,0.123,2,,,1.0,0.0,0.0,0.0,0.0,0.0,1839.307241,"2022-08-23 00:00:00: Leg2_Open missing, used Leg2_Settle; 2022-08-23 00:00:00: no open-price ratio (leg open<=0), trade skipped",-313.698073
2022-08-24,Active2,CAL,17300,17604.95,CAL.NIF50.17300.20220908,429.8,455.5,455.5,547,11600,CAL.NIF50.17300.20220915,500.45,497.2,584.55,8,350,2022-09-08,2022-09-15,0.1644,0.0915,2,-28.49,0.858827,1.0,-1.0,0.858827,-22.071855,-2.397148,-24.469003,1814.838238,,-338.167077
2022-08-25,Active2,CAL,17400,17522.45,CAL.NIF50.17400.20220908,407.05,313.7,313.7,1774,47250,CAL.NIF50.17400.20220915,472.6,368.4,368.4,62,2300,2022-09-08,2022-09-15,0.161,0.1744,2,3.6,0.861299,1.0,-1.0,0.861299,80.40228,-77.299343,3.102937,1817.941175,,-335.06414
2022-08-26,Active2,CAL,17300,17558.9,CAL.NIF50.17300.20220908,450.0,402.45,402.45,1301,48550,CAL.NIF50.17300.20220915,520.85,455.95,455.95,20,3100,2022-09-08,2022-09-15,0.1574,0.1329,2,-8.52,0.863972,1.0,-1.0,0.863972,41.081885,-48.44449,-7.362605,1810.57857,,-342.426744
2022-08-29,Active2,CAL,17300,17312.9,CAL.NIF50.17300.20220908,200.05,214.35,214.35,60246,393600,CAL.NIF50.17300.20220915,250.0,276.1,276.1,2392,22300,2022-09-08,2022-09-15,0.2497,0.2881,2,6.59,0.863972,1.0,-1.0,0.863972,162.5132,-134.248714,28.264486,1838.843056,,-314.162258
2022-08-30,Active2,CAL,17100,17759.3,CAL.NIF50.17100.20220915,499.4,694.1,787.2,14,2400,CAL.NIF50.17100.20220922,0.0,468.45,847.9,0,100,2022-09-15,2022-09-22,-1.0,-0.3251,2,,,1.0,0.0,0.0,0.0,0.0,0.0,1838.843056,"2022-08-30 00:00:00: Leg2_Open missing, used Leg2_Settle; 2022-08-30 00:00:00: no open-price ratio (leg open<=0), trade skipped",-314.162258
2022-09-01,Active2,CAL,17500,17542.8,CAL.NIF50.17500.20220915,360.0,283.9,283.9,9802,129800,CAL.NIF50.17500.20220922,430.0,344.95,344.95,651,12050,2022-09-15,2022-09-22,0.1944,0.215,2,4.9,0.837209,1.0,-1.0,0.837209,63.711628,-59.613196,4.098432,1842.941488,,-310.063826
2022-09-02,Active2,CAL,17300,17539.45,CAL.NIF50.17300.20220915,429.55,384.5,384.5,641,14950,CAL.NIF50.17300.20220922,497.15,433.05,433.05,61,1350,2022-09-15,2022-09-22,0.1574,0.1263,2,-10.33,0.864025,1.0,-1.0,0.864025,38.924324,-47.853156,-8.928833,1834.012655,,-318.992659
2022-09-05,Active2,CAL,17300,17665.8,CAL.NIF50.17300.20220915,372.95,472.35,472.35,636,19500,CAL.NIF50.17300.20220922,430.0,523.4,576.95,32,1100,2022-09-15,2022-09-22,0.153,0.1081,2,-18.39,0.864025,1.0,-1.0,0.864025,-75.904591,67.449808,-8.454783,1825.557872,,-327.447443
2022-09-06,Active2,CAL,17400,17655.6,CAL.NIF50.17400.20220922,503.5,434.35,434.35,169,2650,CAL.NIF50.17400.20220929,524.75,486.5,486.5,5178,510300,2022-09-22,2022-09-29,0.0422,0.1201,2,32.45,0.959505,1.0,-1.0,0.959505,66.349738,-35.214822,31.134916,1856.692788,,-296.312526
2022-09-07,Active2,CAL,17400,17624.4,CAL.NIF50.17400.20220922,356.5,396.15,396.15,201,3150,CAL.NIF50.17400.20220929,402.0,457.6,457.6,6984,524850,2022-09-22,2022-09-29,0.1276,0.1551,2,9.66,0.959505,1.0,-1.0,0.959505,36.653073,-26.606754,10.046319,1866.739107,,-286.266208
2022-09-08,Active2,CAL,17400,17798.75,CAL.NIF50.17400.20220922,459.3,499.05,499.05,248,3450,CAL.NIF50.17400.20220929,543.45,554.8,554.8,3839,453850,2022-09-22,2022-09-29,0.1832,0.1117,2,-30.16,0.959505,1.0,-1.0,0.959505,-98.733016,89.487077,-9.245939,1857.493167,,-295.512147
2022-09-09,Active2,CAL,17500,17833.35,CAL.NIF50.17500.20220922,492.05,437.1,437.1,829,17600,CAL.NIF50.17500.20220929,564.05,493.3,493.3,22856,1463050,2022-09-22,2022-09-29,0.1463,0.1286,2,-6.77,0.872352,1.0,-1.0,0.872352,47.935728,-53.840577,-5.904849,1851.588318,,-301.416996
2022-09-12,Active2,CAL,17600,17936.35,CAL.NIF50.17600.20220922,411.0,430.0,430.0,1627,30500,CAL.NIF50.17600.20220929,436.0,486.95,486.95,4925,700850,2022-09-22,2022-09-29,0.0608,0.1324,2,29.03,0.942661,1.0,-1.0,0.942661,-17.91055,45.274624,27.364074,1878.952392,,-274.052923
2022-09-13,Active2,CAL,17700,18070.05,CAL.NIF50.17700.20220929,450.0,507.35,507.35,6861,591200,CAL.NIF50.17700.20221006,566.5,560.0,644.3,8,950,2022-09-29,2022-10-06,0.2589,0.1038,2,-62.51,0.794351,1.0,-1.0,0.794351,-45.556046,-4.101461,-49.657507,1829.294885,,-323.710429
2022-09-14,Active2,CAL,17800,18003.75,CAL.NIF50.17800.20220929,281.05,383.65,383.65,61954,644300,CAL.NIF50.17800.20221006,340.3,435.3,435.3,315,2100,2022-09-29,2022-10-06,0.2108,0.1346,2,-24.14,0.825889,1.0,-1.0,0.825889,-84.736203,64.798789,-19.937415,1809.35747,,-343.647844
2022-09-15,Active2,CAL,17800,17877.4,CAL.NIF50.17800.20220929,402.55,290.45,290.45,24136,743700,CAL.NIF50.17800.20221006,464.0,355.75,355.75,112,3450,2022-09-29,2022-10-06,0.1527,0.2248,2,18.19,0.825889,1.0,-1.0,0.825889,76.972847,-54.260459,22.712388,1832.069859,,-320.935456
2022-09-16,Active2,CAL,17600,17530.85,CAL.NIF50.17600.20220929,370.05,242.35,242.35,72947,990600,CAL.NIF50.17600.20221006,400.0,309.65,309.65,1222,13150,2022-09-29,2022-10-06,0.0809,0.2777,2,44.11,0.925125,1.0,-1.0,0.925125,118.138463,-77.326614,40.811849,1872.881708,,-280.123607
2022-09-19,Active2,CAL,17300,17622.25,CAL.NIF50.17300.20220929,414.0,446.75,446.75,4698,536450,CAL.NIF50.17300.20221006,472.0,509.85,509.85,264,7800,2022-09-29,2022-10-06,0.1401,0.1412,2,0.45,0.877119,1.0,-1.0,0.877119,-28.725636,29.11941,0.393774,1873.275482,,-279.729833
2022-09-20,Active2,CAL,17400,17816.25,CAL.NIF50.17400.20221006,539.2,557.75,557.75,228,6100,CAL.NIF50.17400.20221013,0.0,879.9,670.45,0,0,2022-10-06,2022-10-13,-1.0,0.5776,2,,,1.0,0.0,0.0,0.0,0.0,0.0,1873.275482,"2022-09-20 00:00:00: Leg2_Open missing, used Leg2_Settle; 2022-09-20 00:00:00: no open-price ratio (leg open<=0), trade skipped",-279.729833
2022-09-21,Active2,CAL,17600,17718.35,CAL.NIF50.17600.20221006,413.3,365.35,365.35,1674,23250,CAL.NIF50.17600.20221013,468.7,436.3,436.3,27,1050,2022-10-06,2022-10-13,0.134,0.1942,2,19.38,0.881801,1.0,-1.0,0.881801,42.282345,-25.19335,17.088995,1890.364477,,-262.640837
2022-09-22,Active2,CAL,17500,17629.8,CAL.NIF50.17500.20221006,426.25,347.25,347.25,7182,113900,CAL.NIF50.17500.20221013,437.85,413.15,413.15,262,4300,2022-10-06,2022-10-13,0.0272,0.1898,2,54.95,0.973507,1.0,-1.0,0.973507,76.907046,-23.408578,53.498468,1943.862945,,-209.142369
2022-09-23,Active2,CAL,17400,17327.35,CAL.NIF50.17400.20221006,373.8,247.15,247.15,37821,210250,CAL.NIF50.17400.20221013,432.45,317.65,317.65,896,11550,2022-10-06,2022-10-13,0.1569,0.2853,2,27.42,0.864377,1.0,-1.0,0.864377,109.473396,-85.772621,23.700775,1967.56372,,-185.441594
2022-09-26,Active2,CAL,17100,17016.3,CAL.NIF50.17100.20221006,320.95,229.65,229.65,63069,272350,CAL.NIF50.17100.20221013,401.2,305.85,305.85,3404,28800,2022-10-06,2022-10-13,0.25,0.3318,2,15.02,0.799975,1.0,-1.0,0.799975,73.037724,-61.020197,12.017527,1979.581247,,-173.424067
2022-09-27,Active2,CAL,16800,17007.4,CAL.NIF50.16800.20221013,321.6,452.65,452.65,240,3350,CAL.NIF50.16800.20221020,0.0,1500.65,519.1,0,0,2022-10-13,2022-10-20,-1.0,2.3153,2,,,1.0,0.0,0.0,0.0,0.0,0.0,1979.581247,"2022-09-27 00:00:00: Leg2_Open missing, used Leg2_Settle; 2022-09-27 00:00:00: no open-price ratio (leg open<=0), trade skipped",-173.424067
2022-09-28,Active2,CAL,16800,16858.6,CAL.NIF50.16800.20221013,358.95,335.55,335.55,2231,26100,CAL.NIF50.16800.20221020,420.95,399.05,399.05,83,2000,2022-10-13,2022-10-20,0.1727,0.1892,2,4.73,,1.0,0.0,0.0,0.0,0.0,0.0,1979.581247,"2022-09-28 00:00:00: no open-price ratio (leg open<=0), trade skipped",-173.424067
2022-09-29,Active2,CAL,16600,16818.1,CAL.NIF50.16600.20221013,343.05,398.95,398.95,288,6900,CAL.NIF50.16600.20221020,0.0,1659.5,501.65,0,0,2022-10-13,2022-10-20,-1.0,3.1597,2,,,1.0,0.0,0.0,0.0,0.0,0.0,1979.581247,"2022-09-29 00:00:00: Leg2_Open missing, used Leg2_Settle; 2022-09-29 00:00:00: no open-price ratio (leg open<=0), trade skipped",-173.424067
2022-09-30,Active2,CAL,16600,17094.35,CAL.NIF50.16600.20221013,414.95,580.7,580.7,914,11200,CAL.NIF50.16600.20221020,500.2,647.55,647.55,48,1250,2022-10-13,2022-10-20,0.2054,0.1151,2,-43.51,,1.0,0.0,0.0,0.0,0.0,0.0,1979.581247,"2022-09-30 00:00:00: no open-price ratio (leg open<=0), trade skipped",-173.424067
2022-10-03,Active2,CAL,16800,16887.35,CAL.NIF50.16800.20221013,375.0,274.15,274.15,4906,93250,CAL.NIF50.16800.20221020,439.55,348.75,348.75,464,7450,2022-10-13,2022-10-20,0.1721,0.2721,2,23.38,0.853145,1.0,-1.0,0.853145,86.0397,-66.089401,19.950299,1999.531546,,-153.473769
2022-10-04,Active2,CAL,16600,17274.3,CAL.NIF50.16600.20221020,674.25,723.6,793.85,17,2950,CAL.NIF50.16600.20221027,670.05,794.15,794.15,818,48100,2022-10-20,2022-10-27,-0.0062,0.0975,2,75.53,1.006268,1.0,-1.0,1.006268,-49.659335,125.66064,76.001305,2075.532851,,-77.472463
2022-10-06,Active2,CAL,17000,17331.8,CAL.NIF50.17000.20221020,500.0,440.55,440.55,621,27850,CAL.NIF50.17000.20221027,575.0,503.0,503.0,18436,1565600,2022-10-20,2022-10-27,0.15,0.1418,2,-3.16,0.869565,1.0,-1.0,0.869565,51.695652,-54.442344,-2.746692,2072.786159,,-80.219155
2022-10-07,Active2,CAL,17100,17314.65,CAL.NIF50.17100.20221020,337.9,353.4,353.4,1161,14400,CAL.NIF50.17100.20221027,400.0,423.9,423.9,12480,491200,2022-10-20,2022-10-27,0.1838,0.1995,2,4.69,0.84475,1.0,-1.0,0.84475,-13.093625,17.055101,3.961476,2076.747635,,-76.257679
2022-10-10,Active2,CAL,17100,17241.0,CAL.NIF50.17100.20221020,217.3,283.6,283.6,49228,266650,CAL.NIF50.17100.20221027,284.8,345.85,345.85,111729,1654800,2022-10-20,2022-10-27,0.3106,0.2195,2,-19.72,0.84475,1.0,-1.0,0.84475,58.96355,-55.69668,3.26687,2080.014505,,-72.990809
2022-10-11,Active2,CAL,17000,16983.55,CAL.NIF50.17000.20221027,398.9,279.6,279.6,87746,2300100,CAL.NIF50.17000.20221103,450.2,333.6,333.6,325,8450,2022-10-27,2022-11-03,0.1286,0.1931,2,15.99,0.886051,1.0,-1.0,0.886051,105.705842,-91.540998,14.164844,2094.179349,,-58.825965
2022-10-12,Active2,CAL,16700,17123.6,CAL.NIF50.16700.20221027,445.0,535.5,535.5,1480,153450,CAL.NIF50.16700.20221103,0.0,1255.25,655.0,0,0,2022-10-27,2022-11-03,-1.0,1.3441,2,,,1.0,0.0,0.0,0.0,0.0,0.0,2094.179349,"2022-10-12 00:00:00: Leg2_Open missing, used Leg2_Settle; 2022-10-12 00:00:00: no open-price ratio (leg open<=0), trade skipped",-58.825965
2022-10-13,Active2,CAL,16900,17014.35,CAL.NIF50.16900.20221027,368.6,329.35,329.35,23084,685700,CAL.NIF50.16900.20221103,427.85,388.4,388.4,40,1100,2022-10-27,2022-11-03,0.1607,0.1793,2,5.26,0.861517,1.0,-1.0,0.861517,33.814538,-29.280238,4.5343,2098.71365,,-54.291665
2022-10-14,Active2,CAL,16800,17185.7,CAL.NIF50.16800.20221027,550.0,489.9,489.9,5816,809950,CAL.NIF50.16800.20221103,589.0,535.25,535.25,117,2450,2022-10-27,2022-11-03,0.0709,0.0926,2,9.91,0.933786,1.0,-1.0,0.933786,56.120543,-46.867659,9.252885,2107.966534,,-45.03878
2022-10-17,Active2,CAL,16900,17311.8,CAL.NIF50.16900.20221027,425.0,487.05,487.05,3678,618500,CAL.NIF50.16900.20221103,455.7,530.6,530.6,152,2400,2022-10-27,2022-11-03,0.0722,0.0894,2,7.8,0.932631,1.0,-1.0,0.932631,-57.869761,65.14808,7.278319,2115.244853,,-37.760461
2022-10-18,Active2,CAL,17100,17486.95,CAL.NIF50.17100.20221103,431.95,512.5,512.5,240,13800,CAL.NIF50.17100.20221110,515.0,520.0,646.2,39,1650,2022-11-03,2022-11-10,0.1923,0.0146,2,-76.36,0.838738,1.0,-1.0,0.838738,-67.560335,3.517406,-64.042929,2051.201925,,-101.80339
2022-10-19,Active2,CAL,17200,17512.25,CAL.NIF50.17200.20221103,440.6,416.55,416.55,880,20850,CAL.NIF50.17200.20221110,521.0,469.9,469.9,43,2600,2022-11-03,2022-11-10,0.1825,0.1281,2,-19.16,0.845681,1.0,-1.0,0.845681,20.338637,-36.545545,-16.206907,2034.995017,,-118.010297
2022-10-20,Active2,CAL,17300,17563.95,CAL.NIF50.17300.20221103,295.0,365.95,365.95,2062,42150,CAL.NIF50.17300.20221110,350.0,418.95,418.95,129,3600,2022-11-03,2022-11-10,0.1864,0.1448,2,-12.83,0.842857,1.0,-1.0,0.842857,-59.800714,48.982643,-10.818071,2024.176946,,-128.828369
2022-10-21,Active2,CAL,17300,17576.3,CAL.NIF50.17300.20221103,395.05,368.8,368.8,2556,60000,CAL.NIF50.17300.20221110,448.05,426.2,426.2,230,5900,2022-11-03,2022-11-10,0.1342,0.1556,2,6.98,0.842857,1.0,-1.0,0.842857,-2.402143,5.150459,2.748316,2026.925262,,-126.080052
2022-10-24,Active2,CAL,17300,17730.75,CAL.NIF50.17300.20221103,451.15,495.4,495.4,660,62200,CAL.NIF50.17300.20221110,490.9,543.15,543.15,19,6100,2022-11-03,2022-11-10,0.0881,0.0964,2,3.77,0.842857,1.0,-1.0,0.842857,-106.705714,83.082235,-23.62348,2003.301782,,-149.703532
2022-10-25,Active2,CAL,17500,17656.35,CAL.NIF50.17500.20221110,416.05,328.85,328.85,1781,34800,CAL.NIF50.17500.20221117,467.55,385.85,385.85,248,10100,2022-11-10,2022-11-17,0.1238,0.1733,2,14.5,0.889851,1.0,-1.0,0.889851,77.595038,-64.692955,12.902083,2016.203866,,-136.801449
2022-10-27,Active2,CAL,17400,17736.95,CAL.NIF50.17400.20221110,463.35,441.95,441.95,525,15300,CAL.NIF50.17400.20221117,493.25,501.8,501.8,71,900,2022-11-10,2022-11-17,0.0645,0.1354,2,29.43,0.939382,1.0,-1.0,0.939382,20.102767,7.544844,27.647611,2043.851477,,-109.153837
2022-10-28,Active2,CAL,17500,17786.8,CAL.NIF50.17500.20221110,391.8,386.4,386.4,2437,74950,CAL.NIF50.17500.20221117,455.9,440.3,440.3,80,8050,2022-11-10,2022-11-17,0.1636,0.1395,2,-8.01,0.859399,1.0,-1.0,0.859399,4.640755,-11.521639,-6.880885,2036.970592,,-116.034722
2022-10-31,Active2,CAL,17500,18012.2,CAL.NIF50.17500.20221110,472.5,554.5,554.5,2308,66500,CAL.NIF50.17500.20221117,530.4,603.55,603.55,67,7350,2022-11-10,2022-11-17,0.1225,0.0885,2,-16.84,0.859399,1.0,-1.0,0.859399,-144.46497,120.571002,-23.893969,2013.076623,,-139.928691
2022-11-01,Active2,CAL,17800,18145.4,CAL.NIF50.17800.20221117,418.55,475.5,475.5,262,17250,CAL.NIF50.17800.20221124,493.0,538.1,538.1,9032,650050,2022-11-17,2022-11-24,0.1779,0.1317,2,-18.66,0.848986,1.0,-1.0,0.848986,-48.349741,32.507038,-15.842704,1997.23392,,-155.771394
2022-11-02,Active2,CAL,17900,18082.85,CAL.NIF50.17900.20221117,403.35,369.45,369.45,362,9900,CAL.NIF50.17900.20221124,471.2,424.8,424.8,5186,336200,2022-11-17,2022-11-24,0.1682,0.1498,2,-5.82,0.856006,1.0,-1.0,0.856006,29.018601,-33.999422,-4.980821,1992.253099,,-160.752215
2022-11-03,Active2,CAL,17800,18052.7,CAL.NIF50.17800.20221117,377.75,393.3,393.3,527,20350,CAL.NIF50.17800.20221124,406.15,457.6,457.6,8086,507100,2022-11-17,2022-11-24,0.0752,0.1635,2,32.3,0.930075,1.0,-1.0,0.930075,-14.462668,44.506292,30.043624,2022.296723,,-130.708592
2022-11-04,Active2,CAL,17800,18117.15,CAL.NIF50.17800.20221117,401.85,431.8,431.8,1400,43350,CAL.NIF50.17800.20221124,452.6,501.75,501.75,3765,502600,2022-11-17,2022-11-24,0.1263,0.162,2,13.69,0.930075,1.0,-1.0,0.930075,-35.807891,38.191502,2.383611,2024.680334,,-128.324981
2022-11-07,Active2,CAL,17900,18202.8,CAL.NIF50.17900.20221117,401.8,387.35,387.35,2220,25600,CAL.NIF50.17900.20221124,492.65,456.45,456.45,4880,287550,2022-11-17,2022-11-24,0.2261,0.1784,2,-15.07,0.815589,1.0,-1.0,0.815589,11.785263,-24.079722,-12.294458,2012.385875,,-140.619439
2022-11-09,Active2,CAL,18000,18157.0,CAL.NIF50.18000.20221124,416.2,344.75,344.75,34589,1783850,CAL.NIF50.18000.20221201,519.9,399.9,399.9,164,12000,2022-11-24,2022-12-01,0.2492,0.16,2,-24.61,0.800539,1.0,-1.0,0.800539,57.19848,-76.903439,-19.704959,1992.680917,,-160.324398
2022-11-10,Active2,CAL,17900,18028.2,CAL.NIF50.17900.20221124,343.95,313.7,313.7,15776,395200,CAL.NIF50.17900.20221201,378.25,366.4,366.4,124,2950,2022-11-24,2022-12-01,0.0997,0.168,2,19.47,0.909319,1.0,-1.0,0.909319,27.506907,-9.798308,17.708598,2010.389515,,-142.615799
2022-11-11,Active2,CAL,17800,18349.7,CAL.NIF50.17800.20221124,565.3,649.65,649.65,3864,445300,CAL.NIF50.17800.20221201,576.5,699.85,699.85,17,1550,2022-11-24,2022-12-01,0.0198,0.0773,2,36.6,0.980572,1.0,-1.0,0.980572,-82.711284,118.603772,35.892488,2046.282003,,-106.723311
2022-11-14,Active2,CAL,18100,18329.15,CAL.NIF50.18100.20221124,391.0,341.3,341.3,10205,925550,CAL.NIF50.18100.20221201,445.75,399.6,399.6,1121,62550,2022-11-24,2022-12-01,0.14,0.1708,2,9.22,0.877173,1.0,-1.0,0.877173,43.595513,-35.509333,8.08618,2054.368184,,-98.637131
2022-11-15,Active2,CAL,18100,18403.4,CAL.NIF50.18100.20221201,419.65,459.55,459.55,671,63000,CAL.NIF50.18100.20221208,475.0,518.55,518.55,21,1450,2022-12-01,2022-12-08,0.1319,0.1284,2,-1.42,0.883474,1.0,-1.0,0.883474,-35.2506,33.991896,-1.258704,2053.10948,,-99.895834
2022-11-16,Active2,CAL,18200,18409.65,CAL.NIF50.18200.20221201,361.85,373.1,373.1,1162,30350,CAL.NIF50.18200.20221208,427.9,430.9,430.9,54,2450,2022-12-01,2022-12-08,0.1825,0.1549,2,-8.71,0.845642,1.0,-1.0,0.845642,-9.513467,2.145329,-7.368138,2045.741342,,-107.263973
2022-11-17,Active2,CAL,18200,18343.9,CAL.NIF50.18200.20221201,340.95,315.0,315.0,1455,35100,CAL.NIF50.18200.20221208,399.8,367.0,367.0,40,3250,2022-12-01,2022-12-08,0.1726,0.1651,2,-2.02,0.845642,1.0,-1.0,0.845642,49.131771,-45.695501,3.436271,2049.177613,,-103.827702
2022-11-18,Active2,CAL,18100,18307.65,CAL.NIF50.18100.20221201,388.85,347.1,347.1,3961,67800,CAL.NIF50.18100.20221208,438.85,407.85,407.85,157,3450,2022-12-01,2022-12-08,0.1286,0.175,2,14.28,0.886066,1.0,-1.0,0.886066,36.993249,-24.338494,12.654756,2061.832368,,-91.172946
2022-11-21,Active2,CAL,18100,18159.95,CAL.NIF50.18100.20221201,286.35,220.35,220.35,21411,187450,CAL.NIF50.18100.20221208,324.95,285.95,285.95,836,14350,2022-12-01,2022-12-08,0.1348,0.2977,2,31.63,0.886066,1.0,-1.0,0.886066,112.308847,-95.705238,16.603609,2078.435978,,-74.569337
2022-11-22,Active2,CAL,17900,18244.2,CAL.NIF50.17900.20221208,414.8,470.5,470.5,10,350,CAL.NIF50.17900.20221215,0.0,342.45,621.55,0,0,2022-12-08,2022-12-15,-1.0,-0.2722,2,,,1.0,0.0,0.0,0.0,0.0,0.0,2078.435978,"2022-11-22 00:00:00: Leg2_Open missing, used Leg2_Settle; 2022-11-22 00:00:00: no open-price ratio (leg open<=0), trade skipped",-74.569337
2022-11-23,Active2,CAL,18000,18267.25,CAL.NIF50.18000.20221208,416.0,407.25,407.25,502,22900,CAL.NIF50.18000.20221215,458.45,445.35,445.35,97,2800,2022-12-08,2022-12-15,0.102,0.0936,2,-3.14,0.907405,1.0,-1.0,0.907405,7.939797,-10.786337,-2.84654,2075.589437,,-77.415877
2022-11-24,Active2,CAL,18000,18484.1,CAL.NIF50.18000.20221208,351.3,569.65,569.65,1066,20300,CAL.NIF50.18000.20221215,469.75,589.75,589.75,218,5000,2022-12-08,2022-12-15,0.3372,0.0353,2,-128.61,0.907405,1.0,-1.0,0.907405,-147.362635,118.896727,-28.465908,2047.123529,,-105.881785
2022-11-25,Active2,CAL,18200,18512.75,CAL.NIF50.18200.20221208,420.1,402.1,402.1,2167,56200,CAL.NIF50.18200.20221215,448.15,456.25,456.25,154,8250,2022-12-08,2022-12-15,0.0668,0.1347,2,25.59,0.937409,1.0,-1.0,0.937409,16.873368,7.117764,23.991132,2071.114662,,-81.890653
2022-11-28,Active2,CAL,18300,18562.75,CAL.NIF50.18300.20221208,289.4,355.6,355.6,3786,129750,CAL.NIF50.18300.20221215,341.9,406.05,406.05,491,24750,2022-12-08,2022-12-15,0.1814,0.1419,2,-11.9,0.846446,1.0,-1.0,0.846446,-56.034747,45.96164,-10.073107,2061.041554,,-91.96376
2022-11-29,Active2,CAL,18300,18618.05,CAL.NIF50.18300.20221215,442.0,431.5,431.5,118,25200,CAL.NIF50.18300.20221222,500.0,501.75,501.75,49,15600,2022-12-15,2022-12-22,0.1312,0.1628,2,12.05,0.884,1.0,-1.0,0.884,9.282,1.367548,10.649548,2071.691102,,-81.314212
2022-11-30,Active2,CAL,18400,18758.35,CAL.NIF50.18400.20221215,371.55,458.9,458.9,446,15100,CAL.NIF50.18400.20221222,432.85,491.15,491.15,16,1500,2022-12-15,2022-12-22,0.165,0.0703,2,-37.31,0.858381,1.0,-1.0,0.858381,-74.979537,42.956436,-32.023101,2039.668002,,-113.337313
2022-12-01,Active2,CAL,18500,18812.5,CAL.NIF50.18500.20221215,391.7,426.85,426.85,3697,51700,CAL.NIF50.18500.20221222,496.65,487.15,487.15,947,35700,2022-12-15,2022-12-22,0.2679,0.1413,2,-42.64,0.788684,1.0,-1.0,0.788684,-27.722249,-5.909216,-33.631465,2006.036536,,-146.968778
2022-12-02,Active2,CAL,18600,18696.1,CAL.NIF50.18600.20221215,318.6,250.35,250.35,11564,153200,CAL.NIF50.18600.20221222,375.9,307.9,307.9,359,6000,2022-12-15,2022-12-22,0.1798,0.2299,2,10.62,0.847566,1.0,-1.0,0.847566,57.846369,-48.849014,8.997354,2015.033891,,-137.971423
2022-12-05,Active2,CAL,18400,18701.05,CAL.NIF50.18400.20221215,396.55,396.9,396.9,1959,65000,CAL.NIF50.18400.20221222,421.3,461.6,461.6,65,1000,2022-12-15,2022-12-22,0.0624,0.163,2,37.58,0.941253,1.0,-1.0,0.941253,-0.329439,35.704096,35.374657,2050.408548,,-102.596767
2022-12-06,Active2,CAL,18500,18642.75,CAL.NIF50.18500.20221222,328.65,343.35,343.35,421,36750,CAL.NIF50.18500.20221229,381.0,400.4,400.4,28713,1577850,2022-12-22,2022-12-29,0.1593,0.1662,2,2.03,0.862598,1.0,-1.0,0.862598,-12.680197,14.435075,1.754878,2052.163426,,-100.841888
2022-12-07,Active2,CAL,18400,18560.5,CAL.NIF50.18400.20221222,380.0,335.35,335.35,101,2050,CAL.NIF50.18400.20221229,454.65,395.55,395.55,2966,553750,2022-12-22,2022-12-29,0.1964,0.1795,2,-4.75,0.835808,1.0,-1.0,0.835808,37.318817,-41.28576,-3.966943,2048.196483,,-104.808831
2022-12-08,Active2,CAL,18300,18609.35,CAL.NIF50.18300.20221222,401.7,428.65,428.65,88,10350,CAL.NIF50.18300.20221229,467.2,491.85,491.85,2478,461500,2022-12-22,2022-12-29,0.1631,0.1474,2,-5.76,0.859803,1.0,-1.0,0.859803,-23.171693,18.222792,-4.948901,2043.247582,,-109.757732
2022-12-09,Active2,CAL,18400,18496.6,CAL.NIF50.18400.20221222,376.85,240.05,240.05,5847,43650,CAL.NIF50.18400.20221229,438.6,308.95,308.95,15959,626700,2022-12-22,2022-12-29,0.1639,0.287,2,25.4,0.859211,1.0,-1.0,0.859211,117.540082,-95.713303,21.826779,2065.074361,,-87.930954
2022-12-12,Active2,CAL,18200,18497.15,CAL.NIF50.18200.20221222,341.55,400.05,400.05,3439,42650,CAL.NIF50.18200.20221229,410.8,468.5,468.5,4082,517850,2022-12-22,2022-12-29,0.2028,0.1711,2,-10.53,0.831426,1.0,-1.0,0.831426,-48.638449,39.886279,-8.75217,2056.32219,,-96.683124
2022-12-13,Active2,CAL,18200,18608.0,CAL.NIF50.18200.20221229,491.95,548.35,548.35,1513,508000,CAL.NIF50.18200.20230105,520.3,548.25,548.25,22,1850,2022-12-29,2023-01-05,0.0576,-0.0002,2,-29.97,0.945512,1.0,-1.0,0.945512,-53.326888,24.987114,-28.339775,2027.982415,,-125.022899
2022-12-14,Active2,CAL,18400,18660.3,CAL.NIF50.18400.20221229,413.8,412.05,412.05,6067,556350,CAL.NIF50.18400.20230105,481.25,459.35,459.35,24,2300,2022-12-29,2023-01-05,0.163,0.1148,2,-17.08,0.859844,1.0,-1.0,0.859844,1.504727,-16.19137,-14.686643,2013.295772,,-139.709542
2022-12-15,Active2,CAL,18400,18414.9,CAL.NIF50.18400.20221229,389.15,209.25,209.25,31780,835100,CAL.NIF50.18400.20230105,401.0,271.25,271.25,308,7550,2022-12-29,2023-01-05,0.0305,0.2963,2,53.98,0.859844,1.0,-1.0,0.859844,174.376395,-139.068344,35.308051,2048.603823,,-104.401491
2022-12-16,Active2,CAL,18200,18269.0,CAL.NIF50.18200.20221229,300.0,246.25,246.25,35328,608350,CAL.NIF50.18200.20230105,356.3,311.2,311.2,824,22400,2022-12-29,2023-01-05,0.1877,0.2638,2,15.78,0.841987,1.0,-1.0,0.841987,45.256806,-31.973296,13.28351,2061.887333,,-91.117981
2022-12-19,Active2,CAL,18000,18420.45,CAL.NIF50.18000.20221229,399.0,530.3,530.3,12529,845150,CAL.NIF50.18000.20230105,446.6,575.6,575.6,297,4600,2022-12-29,2023-01-05,0.1193,0.0854,2,-16.05,0.893417,1.0,-1.0,0.893417,-117.305643,102.967001,-14.338642,2047.548692,,-105.456622
2022-12-20,Active2,CAL,18200,18385.3,CAL.NIF50.18200.20230105,335.15,351.1,351.1,3892,18850,CAL.NIF50.18200.20230112,391.0,412.0,412.0,219,5600,2023-01-05,2023-01-12,0.1666,0.1735,2,2.05,0.857161,1.0,-1.0,0.857161,-13.67172,15.429229,1.757509,2049.306201,,-103.699113
2022-12-21,Active2,CAL,18100,18199.1,CAL.NIF50.18100.20230105,426.05,349.5,349.5,1068,8900,CAL.NIF50.18100.20230112,450.0,406.2,406.2,6,250,2023-01-05,2023-01-12,0.0562,0.1622,2,35.08,0.946778,1.0,-1.0,0.946778,72.475839,-39.261801,33.214037,2082.520239,,-70.485076
2022-12-22,Active2,CAL,17900,18127.35,CAL.NIF50.17900.20230105,529.35,396.7,396.7,183,3600,CAL.NIF50.17900.20230112,0.0,803.15,514.75,0,0,2023-01-05,2023-01-12,-1.0,1.0246,2,,,1.0,0.0,0.0,0.0,0.0,0.0,2082.520239,"2022-12-22 00:00:00: Leg2_Open missing, used Leg2_Settle; 2022-12-22 00:00:00: no open-price ratio (leg open<=0), trade skipped",-70.485076
2022-12-23,Active2,CAL,17900,17806.8,CAL.NIF50.17900.20230105,364.25,195.15,195.15,26775,135600,CAL.NIF50.17900.20230112,540.5,262.25,262.25,1045,17550,2023-01-05,2023-01-12,0.4839,0.3438,2,-18.42,,1.0,0.0,0.0,0.0,0.0,0.0,2082.520239,"2022-12-23 00:00:00: no open-price ratio (leg open<=0), trade skipped",-70.485076
2022-12-26,Active2,CAL,17600,18014.6,CAL.NIF50.17600.20230105,425.0,501.8,501.8,1059,8600,CAL.NIF50.17600.20230112,453.15,567.45,567.45,43,1850,2023-01-05,2023-01-12,0.0662,0.1308,2,30.4,0.937879,1.0,-1.0,0.937879,-72.029129,100.540287,28.511158,2111.031396,,-41.973918
2022-12-27,Active2,CAL,17800,18132.3,CAL.NIF50.17800.20230112,470.95,483.45,483.45,715,16050,CAL.NIF50.17800.20230119,526.35,520.0,602.8,26,450,2023-01-12,2023-01-19,0.1176,0.0756,2,-18.18,0.894747,1.0,-1.0,0.894747,-11.184336,-5.083632,-16.267967,2094.763429,,-58.241885
2022-12-28,Active2,CAL,17900,18122.5,CAL.NIF50.17900.20230112,425.9,388.35,388.35,859,23350,CAL.NIF50.17900.20230119,438.35,445.45,445.45,43,3450,2023-01-12,2023-01-19,0.0292,0.147,2,44.45,0.971598,1.0,-1.0,0.971598,36.483506,6.70242,43.185926,2137.949355,,-15.055959
2022-12-29,Active2,CAL,17900,18191.0,CAL.NIF50.17900.20230112,337.4,402.6,402.6,1443,21550,CAL.NIF50.17900.20230119,395.05,471.3,471.3,189,2100,2023-01-12,2023-01-19,0.1709,0.1706,2,-0.08,0.971598,1.0,-1.0,0.971598,-13.845272,24.402471,10.557199,2148.506554,,-4.49876
2022-12-30,Active2,CAL,17900,18105.3,CAL.NIF50.17900.20230112,438.65,333.6,333.6,1667,61600,CAL.NIF50.17900.20230119,498.05,397.75,397.75,57,2250,2023-01-12,2023-01-19,0.1354,0.1923,2,16.71,0.971598,1.0,-1.0,0.971598,67.040265,-69.431402,-2.391137,2146.115417,,-6.889898
2023-01-02,Active2,CAL,17900,18197.45,CAL.NIF50.17900.20230112,333.35,376.15,376.15,1222,65300,CAL.NIF50.17900.20230119,394.7,443.6,443.6,87,2600,2023-01-12,2023-01-19,0.184,0.1793,2,-1.5,0.971598,1.0,-1.0,0.971598,-41.341497,43.282526,1.941029,2148.056446,,-4.948868
2023-01-03,Active2,CAL,17900,18232.55,CAL.NIF50.17900.20230119,416.0,458.0,532.0,39,2600,CAL.NIF50.17900.20230125,467.8,511.4,511.4,1152,140650,2023-01-19,2023-01-25,0.1245,0.1166,2,-3.23,0.889269,1.0,-1.0,0.889269,-37.349295,34.478846,-2.870449,2145.185997,,-7.819317
2023-01-04,Active2,CAL,18000,18042.95,CAL.NIF50.18000.20230119,347.9,246.65,246.65,1851,41000,CAL.NIF50.18000.20230125,391.3,299.25,299.25,55011,1277850,2023-01-19,2023-01-25,0.1247,0.2133,2,19.41,0.889088,1.0,-1.0,0.889088,90.020125,-72.763395,17.25673,2162.442727,,0.0
2023-01-05,Active2,CAL,17800,17992.15,CAL.NIF50.17800.20230119,400.0,332.3,332.3,596,6700,CAL.NIF50.17800.20230125,449.9,388.2,388.2,6835,231950,2023-01-19,2023-01-25,0.1247,0.1682,2,12.84,0.889086,1.0,-1.0,0.889086,60.191154,-48.772291,11.418862,2173.861589,,0.0
2023-01-06,Active2,CAL,17700,17859.45,CAL.NIF50.17700.20230119,420.8,302.75,302.75,1809,16400,CAL.NIF50.17700.20230125,470.0,362.7,362.7,4010,142950,2023-01-19,2023-01-25,0.1169,0.198,2,21.98,0.895319,1.0,-1.0,0.895319,105.692426,-86.011291,19.681134,2193.542723,,0.0
2023-01-09,Active2,CAL,17600,18101.2,CAL.NIF50.17600.20230119,440.95,558.3,558.3,304,7700,CAL.NIF50.17600.20230125,489.8,614.85,614.85,1101,68750,2023-01-19,2023-01-25,0.1108,0.1013,2,-4.77,0.900265,1.0,-1.0,0.900265,-105.646146,101.350251,-4.295895,2189.246828,,-4.295895
2023-01-10,Active2,CAL,17900,17914.15,CAL.NIF50.17900.20230125,358.65,250.3,250.3,40088,516750,CAL.NIF50.17900.20230202,412.45,337.5,337.5,290,14200,2023-01-25,2023-02-02,0.15,0.3484,2,43.18,0.86956,1.0,-1.0,0.86956,94.21682,-56.672281,37.544539,2226.791367,,0.0
2023-01-11,Active2,CAL,17700,17895.7,CAL.NIF50.17700.20230125,391.9,363.9,363.9,8523,168900,CAL.NIF50.17700.20230202,0.0,1487.7,495.3,0,0,2023-01-25,2023-02-02,-1.0,3.0882,2,,,1.0,0.0,0.0,0.0,0.0,0.0,2226.791367,"2023-01-11 00:00:00: Leg2_Open missing, used Leg2_Settle; 2023-01-11 00:00:00: no open-price ratio (leg open<=0), trade skipped",0.0
2023-01-12,Active2,CAL,17600,17858.2,CAL.NIF50.17600.20230125,440.55,395.1,395.1,3153,126700,CAL.NIF50.17600.20230202,0.0,1566.55,523.3,0,0,2023-01-25,2023-02-02,-1.0,2.9649,2,,,1.0,0.0,0.0,0.0,0.0,0.0,2226.791367,"2023-01-12 00:00:00: Leg2_Open missing, used Leg2_Settle; 2023-01-12 00:00:00: no open-price ratio (leg open<=0), trade skipped",0.0
2023-01-13,Active2,CAL,17600,17956.6,CAL.NIF50.17600.20230125,385.15,465.25,465.25,3442,118350,CAL.NIF50.17600.20230202,445.2,541.0,541.0,10,450,2023-01-25,2023-02-02,0.1559,0.1628,2,2.78,,1.0,0.0,0.0,0.0,0.0,0.0,2226.791367,"2023-01-13 00:00:00: no open-price ratio (leg open<=0), trade skipped",0.0
2023-01-16,Active2,CAL,17700,17894.85,CAL.NIF50.17700.20230125,409.75,309.6,309.6,9414,246100,CAL.NIF50.17700.20230202,509.15,397.95,397.95,189,7600,2023-01-25,2023-02-02,0.2426,0.2854,2,10.66,0.804773,1.0,-1.0,0.804773,80.597982,-72.019685,8.578297,2235.369665,,0.0
2023-01-17,Active2,CAL,17600,18053.3,CAL.NIF50.17600.20230202,465.4,573.25,573.25,25,2450,CAL.NIF50.17600.20230209,684.9,583.75,676.3,60,400,2023-02-02,2023-02-09,0.4716,0.0183,2,-176.58,0.679515,1.0,-1.0,0.679515,-73.285721,-46.705101,-119.990821,2115.378843,,-119.990821
2023-01-18,Active2,CAL,17800,18165.35,CAL.NIF50.17800.20230202,419.4,500.15,500.15,461,36500,CAL.NIF50.17800.20230209,492.35,540.0,607.6,36,6650,2023-02-02,2023-02-09,0.1739,0.0797,2,-40.16,0.851833,1.0,-1.0,0.851833,-68.785518,34.575771,-34.209747,2081.169096,,-154.200569
2023-01-19,Active2,CAL,17900,18107.85,CAL.NIF50.17900.20230202,381.65,351.6,351.6,1585,43550,CAL.NIF50.17900.20230209,449.0,399.15,399.15,95,6900,2023-02-02,2023-02-09,0.1765,0.1352,2,-12.32,0.85,1.0,-1.0,0.85,25.5425,-36.016625,-10.474125,2070.694971,,-164.674694
2023-01-20,Active2,CAL,17900,18027.65,CAL.NIF50.17900.20230202,359.6,291.05,291.05,4174,82500,CAL.NIF50.17900.20230209,420.0,349.2,349.2,241,7900,2023-02-02,2023-02-09,0.168,0.1998,2,7.93,0.85,1.0,-1.0,0.85,51.4675,-36.088875,15.378625,2086.073596,,-149.296069
2023-01-23,Active2,CAL,17800,18118.55,CAL.NIF50.17800.20230209,452.7,466.05,466.05,69,3800,CAL.NIF50.17800.20230216,518.0,518.0,591.85,2,150,2023-02-09,2023-02-16,0.1442,0.1115,2,-13.35,0.873938,1.0,-1.0,0.873938,-11.667075,0.0,-11.667075,2074.406521,,-160.963144
2023-01-24,Active2,CAL,17900,18118.3,CAL.NIF50.17900.20230209,421.8,375.25,375.25,307,44600,CAL.NIF50.17900.20230216,482.25,445.55,518.0,9,1850,2023-02-09,2023-02-16,0.1433,0.1873,2,14.45,0.87465,1.0,-1.0,0.87465,40.714961,-28.075968,12.638993,2087.045514,,-148.324151
2023-01-25,Active2,CAL,17900,17891.95,CAL.NIF50.17900.20230209,346.65,242.75,242.75,7766,120500,CAL.NIF50.17900.20230216,383.2,291.6,291.6,458,14650,2023-02-09,2023-02-16,0.1054,0.2012,2,21.04,0.87465,1.0,-1.0,0.87465,115.891135,-117.773714,-1.882579,2085.162935,,-150.20673
2023-01-27,Active2,CAL,17600,17604.35,CAL.NIF50.17600.20230209,429.55,272.0,272.0,17326,166000,CAL.NIF50.17600.20230216,378.05,334.8,334.8,353,8550,2023-02-09,2023-02-16,-0.1199,0.2309,2,108.41,1.136225,1.0,-1.0,1.136225,179.012307,-55.8361,123.176207,2208.339142,,-27.030523
2023-01-30,Active2,CAL,17400,17648.95,CAL.NIF50.17400.20230209,359.55,413.4,413.4,7018,57350,CAL.NIF50.17400.20230216,400.0,471.25,471.25,267,4100,2023-02-09,2023-02-16,0.1125,0.1399,2,10.19,0.898875,1.0,-1.0,0.898875,-48.404419,57.568309,9.16389,2217.503032,,-17.866633
2023-01-31,Active2,CAL,17400,17662.15,CAL.NIF50.17400.20230216,502.0,512.6,512.6,97,3650,CAL.NIF50.17400.20230223,556.0,548.25,548.25,2973,153100,2023-02-16,2023-02-23,0.1076,0.0695,2,-17.6,0.902878,1.0,-1.0,0.902878,-9.570504,-6.317708,-15.888212,2201.61482,,-33.754845
2023-02-01,Active2,CAL,17400,17616.3,CAL.NIF50.17400.20230216,512.6,402.5,402.5,534,5150,CAL.NIF50.17400.20230223,595.45,441.15,441.15,9822,168500,2023-02-16,2023-02-23,0.1616,0.096,2,-22.73,0.902878,1.0,-1.0,0.902878,99.406835,-87.30665,12.100185,2213.715005,,-21.65466
2023-02-02,Active2,CAL,17400,17610.4,CAL.NIF50.17400.20230216,340.5,380.7,380.7,625,7300,CAL.NIF50.17400.20230223,407.1,431.95,431.95,8177,168300,2023-02-16,2023-02-23,0.1956,0.1346,2,-19.42,0.902878,1.0,-1.0,0.902878,19.682734,-7.499731,12.183003,2225.898008,,-9.471657
2023-02-03,Active2,CAL,17400,17854.05,CAL.NIF50.17400.20230216,428.35,518.95,518.95,1376,16850,CAL.NIF50.17400.20230223,470.0,575.05,575.05,3707,140850,2023-02-16,2023-02-23,0.0972,0.1081,2,5.14,0.902878,1.0,-1.0,0.902878,-124.822842,116.653422,-8.169419,2217.728589,,-17.641076
2023-02-06,Active2,CAL,17600,17764.6,CAL.NIF50.17600.20230216,310.5,271.3,271.3,6236,205150,CAL.NIF50.17600.20230223,376.8,334.55,334.55,18323,1500700,2023-02-16,2023-02-23,0.2135,0.2331,2,4.38,0.824045,1.0,-1.0,0.824045,32.302548,-28.689841,3.612707,2221.341296,,-14.028369
2023-02-07,Active2,CAL,17500,17721.5,CAL.NIF50.17500.20230223,416.75,380.35,380.35,18296,1158700,CAL.NIF50.17500.20230302,469.9,425.25,425.25,176,9500,2023-02-23,2023-03-02,0.1275,0.118,2,-3.2,0.886891,1.0,-1.0,0.886891,32.282826,-35.120589,-2.837763,2218.503533,,-16.866131
2023-02-08,Active2,CAL,17500,17871.7,CAL.NIF50.17500.20230223,399.9,463.75,463.75,11657,1121100,CAL.NIF50.17500.20230302,455.55,502.6,502.6,70,10000,2023-02-23,2023-03-02,0.1392,0.0838,2,-22.55,0.886891,1.0,-1.0,0.886891,-73.966695,60.841603,-13.125092,2205.378441,,-29.991224
2023-02-09,Active2,CAL,17600,17893.45,CAL.NIF50.17600.20230223,376.7,396.95,396.95,7112,1479400,CAL.NIF50.17600.20230302,388.75,441.85,441.85,38,7000,2023-02-23,2023-03-02,0.032,0.1131,2,31.2,0.969003,1.0,-1.0,0.969003,-19.622315,49.85916,30.236845,2235.615286,,0.0
2023-02-10,Active2,CAL,17600,17856.5,CAL.NIF50.17600.20230223,409.75,334.5,334.5,14234,1359200,CAL.NIF50.17600.20230302,392.8,380.15,380.15,117,7050,2023-02-23,2023-03-02,-0.0414,0.1365,2,62.05,0.969003,1.0,-1.0,0.969003,60.514251,-57.934278,2.579973,2238.195258,,0.0
2023-02-13,Active2,CAL,17600,17770.9,CAL.NIF50.17600.20230223,328.55,275.0,275.0,25716,1233000,CAL.NIF50.17600.20230302,387.35,321.65,321.65,292,7600,2023-02-23,2023-03-02,0.179,0.1696,2,-2.18,0.969003,1.0,-1.0,0.969003,57.655691,-54.929583,2.726108,2240.921367,,0.0
2023-02-14,Active2,CAL,17500,17929.85,CAL.NIF50.17500.20230302,413.45,508.55,508.55,461,47800,CAL.NIF50.17500.20230309,495.05,557.6,651.45,7,300,2023-03-02,2023-03-09,0.1974,0.0965,2,-42.86,0.835168,1.0,-1.0,0.835168,-79.424492,43.628992,-35.795501,2205.125866,,-35.795501
2023-02-15,Active2,CAL,17700,18015.85,CAL.NIF50.17700.20230302,321.05,404.3,404.3,692,26450,CAL.NIF50.17700.20230309,358.4,437.4,437.4,126,3900,2023-03-02,2023-03-09,0.1163,0.0819,2,-12.48,0.895787,1.0,-1.0,0.895787,-74.574254,63.39229,-11.181964,2193.943902,,-46.977465
2023-02-16,Active2,CAL,17800,18035.85,CAL.NIF50.17800.20230302,367.85,340.2,340.2,3867,142750,CAL.NIF50.17800.20230309,420.65,382.0,382.0,87,4900,2023-03-02,2023-03-09,0.1435,0.1229,2,-6.15,0.87448,1.0,-1.0,0.87448,24.179371,-29.556243,-5.376872,2188.56703,,-52.354337
2023-02-17,Active2,CAL,17800,17944.2,CAL.NIF50.17800.20230302,307.0,257.75,257.75,10477,179900,CAL.NIF50.17800.20230309,360.0,309.35,309.35,441,8000,2023-03-02,2023-03-09,0.1726,0.2002,2,6.06,0.87448,1.0,-1.0,0.87448,72.100874,-55.556561,16.544313,2205.111343,,-35.810024
2023-02-20,Active2,CAL,17700,17844.6,CAL.NIF50.17700.20230302,300.6,261.25,261.25,5285,100150,CAL.NIF50.17700.20230309,394.0,314.15,314.15,197,7300,2023-03-02,2023-03-09,0.3107,0.2025,2,-21.57,0.762944,1.0,-1.0,0.762944,30.021853,-46.479391,-16.457538,2188.653804,,-52.267562
2023-02-21,Active2,CAL,17600,17826.7,CAL.NIF50.17600.20230309,397.75,363.0,363.0,231,4200,CAL.NIF50.17600.20230316,420.0,420.0,510.35,1,200,2023-03-09,2023-03-16,0.0559,0.157,2,34.75,0.947024,1.0,-1.0,0.947024,32.909077,0.0,32.909077,2221.562882,,-19.358485
2023-02-22,Active2,CAL,17600,17554.3,CAL.NIF50.17600.20230309,320.0,193.9,193.9,7114,96350,CAL.NIF50.17600.20230316,355.4,245.4,245.4,405,11650,2023-03-09,2023-03-16,0.1106,0.2656,2,27.06,0.947024,1.0,-1.0,0.947024,160.141726,-156.590725,3.551001,2225.113883,,-15.807484
2023-02-23,Active2,CAL,17300,17511.25,CAL.NIF50.17300.20230309,392.95,346.5,346.5,839,43100,CAL.NIF50.17300.20230316,0.0,869.65,476.5,0,0,2023-03-09,2023-03-16,-1.0,1.5098,2,,,1.0,0.0,0.0,0.0,0.0,0.0,2225.113883,"2023-02-23 00:00:00: Leg2_Open missing, used Leg2_Settle; 2023-02-23 00:00:00: no open-price ratio (leg open<=0), trade skipped",-15.807484
2023-02-24,Active2,CAL,17300,17465.8,CAL.NIF50.17300.20230309,370.0,286.2,286.2,3166,62550,CAL.NIF50.17300.20230316,381.75,335.1,335.1,65,750,2023-03-09,2023-03-16,0.0318,0.1709,2,38.59,,1.0,0.0,0.0,0.0,0.0,0.0,2225.113883,"2023-02-24 00:00:00: no open-price ratio (leg open<=0), trade skipped",-15.807484
2023-02-27,Active2,CAL,17200,17392.7,CAL.NIF50.17200.20230309,310.95,296.5,296.5,8029,64950,CAL.NIF50.17200.20230316,381.3,347.15,347.15,189,3700,2023-03-09,2023-03-16,0.2262,0.1708,2,-13.4,0.8155,1.0,-1.0,0.8155,11.783969,-22.711103,-10.927133,2214.18675,,-26.734617
2023-02-28,Active2,CAL,17100,17303.95,CAL.NIF50.17100.20230316,389.2,350.1,350.1,50,2000,CAL.NIF50.17100.20230323,0.0,1137.75,484.1,0,0,2023-03-16,2023-03-23,-1.0,2.2498,2,,,1.0,0.0,0.0,0.0,0.0,0.0,2214.18675,"2023-02-28 00:00:00: Leg2_Open missing, used Leg2_Settle; 2023-02-28 00:00:00: no open-price ratio (leg open<=0), trade skipped",-26.734617
2023-03-01,Active2,CAL,17100,17450.9,CAL.NIF50.17100.20230316,391.25,432.0,510.9,85,4750,CAL.NIF50.17100.20230323,0.0,1137.75,574.55,0,0,2023-03-16,2023-03-23,-1.0,1.6337,2,,,1.0,0.0,0.0,0.0,0.0,0.0,2214.18675,"2023-03-01 00:00:00: Leg2_Open missing, used Leg2_Settle; 2023-03-01 00:00:00: no open-price ratio (leg open<=0), trade skipped",-26.734617
2023-03-02,Active2,CAL,17200,17321.9,CAL.NIF50.17200.20230316,328.0,252.1,252.1,947,20500,CAL.NIF50.17200.20230323,382.55,300.7,300.7,248,2500,2023-03-16,2023-03-23,0.1663,0.1928,2,5.72,0.857404,1.0,-1.0,0.857404,65.076983,-60.171378,4.905605,2219.092355,,-21.829012
2023-03-03,Active2,CAL,17100,17594.35,CAL.NIF50.17100.20230316,393.5,547.5,547.5,399,16250,CAL.NIF50.17100.20230323,439.1,595.1,595.1,31,1150,2023-03-16,2023-03-23,0.1159,0.0869,2,-14.2,0.896151,1.0,-1.0,0.896151,-138.007288,125.281573,-12.725715,2206.36664,,-34.554726
2023-03-06,Active2,CAL,17300,17711.45,CAL.NIF50.17300.20230316,441.95,450.4,450.4,2168,58750,CAL.NIF50.17300.20230323,488.15,489.7,489.7,123,8900,2023-03-16,2023-03-23,0.1045,0.0873,2,-7.05,0.905357,1.0,-1.0,0.905357,-7.650266,1.27049,-6.379776,2199.986864,,-40.934502
2023-03-08,Active2,CAL,17500,17754.4,CAL.NIF50.17500.20230323,261.0,338.7,338.7,611,37050,CAL.NIF50.17500.20230329,365.0,381.1,381.1,19834,1798700,2023-03-23,2023-03-29,0.3985,0.1252,2,-66.19,0.715068,1.0,-1.0,0.715068,-55.560822,8.232299,-47.328522,2152.658342,,-88.263025
2023-03-09,Active2,CAL,17500,17589.6,CAL.NIF50.17500.20230323,348.4,230.05,230.05,1420,44650,CAL.NIF50.17500.20230329,380.0,274.35,274.35,38099,1916550,2023-03-23,2023-03-29,0.0907,0.1926,2,21.49,0.715068,1.0,-1.0,0.715068,77.692192,-54.583725,23.108467,2175.766809,,-65.154558
2023-03-10,Active2,CAL,17300,17412.9,CAL.NIF50.17300.20230323,280.0,234.6,234.6,11808,61300,CAL.NIF50.17300.20230329,315.0,283.85,283.85,39696,1237450,2023-03-23,2023-03-29,0.125,0.2099,2,17.71,0.888889,1.0,-1.0,0.888889,40.355556,-24.612346,15.74321,2191.510019,,-49.411348
2023-03-13,Active2,CAL,17200,17154.3,CAL.NIF50.17200.20230323,310.0,174.55,174.55,32981,245050,CAL.NIF50.17200.20230329,350.0,225.6,225.6,53053,622100,2023-03-23,2023-03-29,0.129,0.2925,2,25.27,0.885714,1.0,-1.0,0.885714,119.97,-97.590531,22.379469,2213.889488,,-27.031879
2023-03-14,Active2,CAL,16900,17043.3,CAL.NIF50.16900.20230329,422.75,356.25,356.25,5521,109200,CAL.NIF50.16900.20230406,0.0,725.25,442.75,0,0,2023-03-29,2023-04-06,-1.0,1.0358,2,,,1.0,0.0,0.0,0.0,0.0,0.0,2213.889488,"2023-03-14 00:00:00: Leg2_Open missing, used Leg2_Settle; 2023-03-14 00:00:00: no open-price ratio (leg open<=0), trade skipped",-27.031879
2023-03-15,Active2,CAL,16800,16972.15,CAL.NIF50.16800.20230329,489.0,357.4,357.4,5995,202200,CAL.NIF50.16800.20230406,0.0,796.75,449.45,0,0,2023-03-29,2023-04-06,-1.0,1.2293,2,,,1.0,0.0,0.0,0.0,0.0,0.0,2213.889488,"2023-03-15 00:00:00: Leg2_Open missing, used Leg2_Settle; 2023-03-15 00:00:00: no open-price ratio (leg open<=0), trade skipped",-27.031879
2023-03-16,Active2,CAL,16700,16985.6,CAL.NIF50.16700.20230329,410.0,436.9,436.9,5120,88800,CAL.NIF50.16700.20230406,0.0,870.3,513.05,0,0,2023-03-29,2023-04-06,-1.0,0.992,2,,,1.0,0.0,0.0,0.0,0.0,0.0,2213.889488,"2023-03-16 00:00:00: Leg2_Open missing, used Leg2_Settle; 2023-03-16 00:00:00: no open-price ratio (leg open<=0), trade skipped",-27.031879
2023-03-17,Active2,CAL,16700,17100.05,CAL.NIF50.16700.20230329,528.05,519.7,519.7,3251,70750,CAL.NIF50.16700.20230406,560.0,560.0,560.0,1,50,2023-03-29,2023-04-06,0.0605,0.0775,2,8.35,,1.0,0.0,0.0,0.0,0.0,0.0,2213.889488,"2023-03-17 00:00:00: no open-price ratio (leg open<=0), trade skipped",-27.031879
2023-03-20,Active2,CAL,16900,16988.4,CAL.NIF50.16900.20230329,296.0,250.35,250.35,143640,966150,CAL.NIF50.16900.20230406,323.55,314.55,314.55,3791,21950,2023-03-29,2023-04-06,0.0931,0.2564,2,37.42,0.914851,1.0,-1.0,0.914851,41.762942,-7.532569,34.230373,2248.119861,,0.0
2023-03-21,Active2,CAL,16700,17107.5,CAL.NIF50.16700.20230406,516.85,540.4,540.4,44,6850,CAL.NIF50.16700.20230413,0.0,1089.0,615.8,0,0,2023-04-06,2023-04-13,-1.0,1.0152,2,,,1.0,0.0,0.0,0.0,0.0,0.0,2248.119861,"2023-03-21 00:00:00: Leg2_Open missing, used Leg2_Settle; 2023-03-21 00:00:00: no open-price ratio (leg open<=0), trade skipped",0.0
2023-03-22,Active2,CAL,16900,17151.9,CAL.NIF50.16900.20230406,410.0,398.65,398.65,589,18650,CAL.NIF50.16900.20230413,449.45,446.65,446.65,48,3050,2023-04-06,2023-04-13,0.0962,0.1204,2,8.8,0.912226,1.0,-1.0,0.912226,10.353766,-2.330038,8.023728,2256.143589,,0.0
2023-03-23,Active2,CAL,16900,17076.9,CAL.NIF50.16900.20230406,350.0,311.55,311.55,1267,24900,CAL.NIF50.16900.20230413,385.85,357.1,357.1,174,4550,2023-04-06,2023-04-13,0.1024,0.1462,2,12.37,0.912226,1.0,-1.0,0.912226,79.454889,-74.519603,4.935286,2261.078875,,0.0
2023-03-24,Active2,CAL,16800,16945.05,CAL.NIF50.16800.20230406,380.0,289.05,289.05,4954,103700,CAL.NIF50.16800.20230413,447.45,342.25,342.25,159,5650,2023-04-06,2023-04-13,0.1775,0.1841,2,1.61,0.849257,1.0,-1.0,0.849257,77.239915,-75.874162,1.365753,2262.444628,,0.0
2023-03-27,Active2,CAL,16700,16985.7,CAL.NIF50.16700.20230413,436.9,463.4,463.4,120,3600,CAL.NIF50.16700.20230420,0.0,626.0,535.45,0,0,2023-04-13,2023-04-20,-1.0,0.3509,2,,,1.0,0.0,0.0,0.0,0.0,0.0,2262.444628,"2023-03-27 00:00:00: Leg2_Open missing, used Leg2_Settle; 2023-03-27 00:00:00: no open-price ratio (leg open<=0), trade skipped",0.0
2023-03-28,Active2,CAL,16700,16951.7,CAL.NIF50.16700.20230413,473.2,410.95,410.95,293,8850,CAL.NIF50.16700.20230420,562.25,562.25,503.6,1,50,2023-04-13,2023-04-20,0.1882,0.3682,2,62.25,,1.0,0.0,0.0,0.0,0.0,0.0,2262.444628,"2023-03-28 00:00:00: no open-price ratio (leg open<=0), trade skipped",0.0
2023-03-29,Active2,CAL,16700,17080.7,CAL.NIF50.16700.20230413,430.0,465.4,465.4,510,8550,CAL.NIF50.16700.20230420,453.2,485.0,585.65,4,200,2023-04-13,2023-04-20,0.054,0.0421,2,-5.23,,1.0,0.0,0.0,0.0,0.0,0.0,2262.444628,"2023-03-29 00:00:00: no open-price ratio (leg open<=0), trade skipped",0.0
2023-03-31,Active2,CAL,16800,17359.75,CAL.NIF50.16800.20230413,470.05,597.0,597.0,937,16350,CAL.NIF50.16800.20230420,553.9,696.45,696.45,47,2600,2023-04-13,2023-04-20,0.1784,0.1666,2,-5.98,0.848619,1.0,-1.0,0.848619,-107.732167,102.657954,-5.074213,2257.370415,,-5.074213
2023-04-03,Active2,CAL,17100,17398.05,CAL.NIF50.17100.20230413,361.4,354.05,354.05,4628,47000,CAL.NIF50.17100.20230420,414.4,401.2,401.2,237,13650,2023-04-13,2023-04-20,0.1467,0.1332,2,-4.16,0.872104,1.0,-1.0,0.872104,6.409966,-10.039469,-3.629503,2253.740912,,-8.703716
2023-04-05,Active2,CAL,17100,17557.05,CAL.NIF50.17100.20230420,425.25,512.45,512.45,480,30200,CAL.NIF50.17100.20230427,470.0,571.2,571.2,11848,1207750,2023-04-20,2023-04-27,0.1052,0.1146,2,4.36,0.904787,1.0,-1.0,0.904787,-78.897447,82.846362,3.948915,2257.689827,,-4.754801
2023-04-06,Active2,CAL,17300,17599.15,CAL.NIF50.17300.20230420,318.0,349.35,349.35,1217,25950,CAL.NIF50.17300.20230427,390.0,409.15,409.15,11557,604000,2023-04-20,2023-04-27,0.2264,0.1712,2,-15.74,0.815385,1.0,-1.0,0.815385,-25.562308,12.731917,-12.830391,2244.859437,,-17.585191
2023-04-10,Active2,CAL,17300,17624.05,CAL.NIF50.17300.20230420,385.0,371.7,371.7,2090,60800,CAL.NIF50.17300.20230427,429.0,431.95,431.95,4357,587250,2023-04-20,2023-04-27,0.1143,0.1621,2,15.95,0.815385,1.0,-1.0,0.815385,-18.223846,15.158627,-3.065219,2241.794218,,-20.65041
2023-04-11,Active2,CAL,17400,17722.3,CAL.NIF50.17400.20230427,389.85,429.3,429.3,7835,715400,CAL.NIF50.17400.20230504,439.05,437.5,562.75,43,3900,2023-04-27,2023-05-04,0.1262,0.0191,2,-40.83,0.88794,1.0,-1.0,0.88794,-35.029228,-1.222078,-36.251306,2205.542912,,-56.901716
2023-04-12,Active2,CAL,17500,17812.4,CAL.NIF50.17500.20230427,347.9,404.05,404.05,20460,1686350,CAL.NIF50.17500.20230504,396.25,447.15,447.15,405,13300,2023-04-27,2023-05-04,0.139,0.1067,2,-11.46,0.877981,1.0,-1.0,0.877981,-49.298637,39.236304,-10.062333,2195.480579,,-66.964049
2023-04-13,Active2,CAL,17600,17828.0,CAL.NIF50.17600.20230427,330.0,327.65,327.65,42242,1778950,CAL.NIF50.17600.20230504,350.05,374.35,374.35,222,6450,2023-04-27,2023-05-04,0.0608,0.1425,2,25.26,0.942722,1.0,-1.0,0.942722,2.215398,21.596033,23.811431,2219.29201,,-43.152618
2023-04-17,Active2,CAL,17600,17706.85,CAL.NIF50.17600.20230427,304.9,223.65,223.65,142786,2364050,CAL.NIF50.17600.20230504,290.0,274.3,274.3,3908,36650,2023-04-27,2023-05-04,-0.0489,0.2265,2,64.74,0.942722,1.0,-1.0,0.942722,98.043137,-88.917001,9.126135,2228.418145,,-34.026483
2023-04-18,Active2,CAL,17500,17660.15,CAL.NIF50.17500.20230504,353.35,303.65,303.65,2109,33450,CAL.NIF50.17500.20230511,377.6,345.9,345.9,61,750,2023-05-04,2023-05-11,0.0686,0.1391,2,20.04,0.935779,1.0,-1.0,0.935779,46.508197,-27.759106,18.74909,2247.167235,,-15.277393
2023-04-19,Active2,CAL,17400,17618.75,CAL.NIF50.17400.20230504,358.45,326.1,326.1,457,94200,CAL.NIF50.17400.20230511,390.0,390.0,480.95,2,100,2023-05-04,2023-05-11,0.088,0.196,2,32.35,0.919103,1.0,-1.0,0.919103,29.732968,0.0,29.732968,2276.900203,,0.0
2023-04-20,Active2,CAL,17400,17624.45,CAL.NIF50.17400.20230504,339.15,319.65,319.65,994,100100,CAL.NIF50.17400.20230511,350.0,360.0,475.0,4,300,2023-05-04,2023-05-11,0.032,0.1262,2,29.19,0.919103,1.0,-1.0,0.919103,5.928212,-25.342486,-19.414274,2257.485929,,-19.414274
2023-04-21,Active2,CAL,17400,17624.05,CAL.NIF50.17400.20230504,331.9,312.15,312.15,3480,108800,CAL.NIF50.17400.20230511,367.75,347.0,347.0,247,6850,2023-05-04,2023-05-11,0.108,0.1116,2,1.02,0.919103,1.0,-1.0,0.919103,6.893269,-10.981744,-4.088475,2253.397455,,-23.502749
2023-04-24,Active2,CAL,17400,17743.4,CAL.NIF50.17400.20230504,336.9,401.2,401.2,4603,69850,CAL.NIF50.17400.20230511,382.7,434.4,434.4,197,10350,2023-05-04,2023-05-11,0.1359,0.0828,2,-18.79,0.919103,1.0,-1.0,0.919103,-81.846083,73.831108,-8.014975,2245.38248,,-31.517724
2023-04-25,Active2,CAL,17500,17769.25,CAL.NIF50.17500.20230511,341.95,360.35,360.35,1039,97800,CAL.NIF50.17500.20230518,385.85,391.0,391.0,19,2750,2023-05-11,2023-05-18,0.1284,0.0851,2,-13.84,0.886225,1.0,-1.0,0.886225,-16.306544,4.044785,-12.261759,2233.120721,,-43.779483
2023-04-26,Active2,CAL,17500,17813.6,CAL.NIF50.17500.20230511,343.05,399.25,399.25,1801,107400,CAL.NIF50.17500.20230518,390.3,440.15,440.15,30,1850,2023-05-11,2023-05-18,0.1377,0.1024,2,-12.38,0.886225,1.0,-1.0,0.886225,-34.474161,38.602171,4.12801,2237.248731,,-39.651473
2023-04-27,Active2,CAL,17600,17915.05,CAL.NIF50.17600.20230511,325.0,387.65,387.65,1194,41450,CAL.NIF50.17600.20230518,353.45,425.2,425.2,50,3900,2023-05-11,2023-05-18,0.0875,0.0969,2,3.32,0.919508,1.0,-1.0,0.919508,-57.607158,60.664225,3.057067,2240.305798,,-36.594406
2023-04-28,Active2,CAL,17700,18065.0,CAL.NIF50.17700.20230511,328.95,405.05,405.05,7335,215800,CAL.NIF50.17700.20230518,373.0,432.85,432.85,171,10700,2023-05-11,2023-05-18,0.1339,0.0686,2,-23.32,0.881903,1.0,-1.0,0.881903,-67.112855,46.548562,-20.564293,2219.741505,,-57.158698
2023-05-02,Active2,CAL,17800,18147.65,CAL.NIF50.17800.20230518,427.0,431.5,431.5,100,7450,CAL.NIF50.17800.20230525,434.95,474.15,474.15,8499,861400,2023-05-18,2023-05-25,0.0186,0.0988,2,33.98,0.981722,1.0,-1.0,0.981722,-4.417749,37.780104,33.362355,2253.103859,,-23.796344
2023-05-03,Active2,CAL,17900,18089.85,CAL.NIF50.17900.20230518,292.05,297.6,297.6,261,10150,CAL.NIF50.17900.20230525,338.55,339.7,339.7,15105,650800,2023-05-18,2023-05-25,0.1592,0.1415,2,-4.56,0.86265,1.0,-1.0,0.86265,-4.787705,0.855789,-3.931916,2249.171943,,-27.72826
2023-05-04,Active2,CAL,17800,18255.8,CAL.NIF50.17800.20230518,374.7,505.9,505.9,713,25550,CAL.NIF50.17800.20230525,389.9,529.95,529.95,7044,728250,2023-05-18,2023-05-25,0.0406,0.0475,2,3.39,0.961016,1.0,-1.0,0.961016,-126.085253,129.343327,3.258075,2252.430018,,-24.470185
2023-05-05,Active2,CAL,18000,18069.0,CAL.NIF50.18000.20230518,274.75,204.6,204.6,12671,151700,CAL.NIF50.18000.20230525,300.05,255.45,255.45,66533,2307250,2023-05-18,2023-05-25,0.0921,0.2485,2,29.31,0.915681,1.0,-1.0,0.915681,64.235002,-37.395815,26.839188,2279.269206,,0.0
2023-05-08,Active2,CAL,17800,18264.4,CAL.NIF50.17800.20230518,382.55,504.8,504.8,753,24550,CAL.NIF50.17800.20230525,424.0,546.05,546.05,3210,642850,2023-05-18,2023-05-25,0.1084,0.0817,2,-12.13,0.902241,1.0,-1.0,0.902241,-110.298909,99.353343,-10.945567,2268.323639,,-10.945567
2023-05-09,Active2,CAL,18000,18265.95,CAL.NIF50.18000.20230525,391.4,369.0,369.0,18885,2383900,CAL.NIF50.18000.20230601,429.3,400.7,400.7,202,16950,2023-05-25,2023-06-01,0.0968,0.0859,2,-3.68,0.911717,1.0,-1.0,0.911717,20.422455,-23.773104,-3.350649,2264.97299,,-14.296216
2023-05-10,Active2,CAL,18000,18315.1,CAL.NIF50.18000.20230525,380.0,397.7,397.7,20991,2278700,CAL.NIF50.18000.20230601,383.1,438.1,438.1,467,19050,2023-05-25,2023-06-01,0.0082,0.1016,2,36.85,0.911717,1.0,-1.0,0.911717,-26.166271,31.087906,4.921635,2269.894625,,-9.374581
2023-05-11,Active2,CAL,18100,18297.0,CAL.NIF50.18100.20230525,348.5,315.45,315.45,10904,1045100,CAL.NIF50.18100.20230601,361.7,356.3,356.3,498,19450,2023-05-25,2023-06-01,0.0379,0.1295,2,27.85,0.963506,1.0,-1.0,0.963506,31.843862,-5.013053,26.830809,2296.725435,,0.0
2023-05-12,Active2,CAL,18000,18314.8,CAL.NIF50.18000.20230525,405.0,374.75,374.75,27967,2156850,CAL.NIF50.18000.20230601,366.4,410.75,410.75,1277,20450,2023-05-25,2023-06-01,-0.0953,0.0961,2,79.27,1.105349,1.0,-1.0,1.105349,33.436818,54.186705,87.623522,2384.348957,,0.0
2023-05-15,Active2,CAL,18100,18398.85,CAL.NIF50.18100.20230525,280.3,359.6,359.6,12742,810200,CAL.NIF50.18100.20230601,353.6,401.55,401.55,1286,42100,2023-05-25,2023-06-01,0.2615,0.1167,2,-41.29,0.792704,1.0,-1.0,0.792704,-62.861397,30.130774,-32.730623,2351.618334,,-32.730623
2023-05-16,Active2,CAL,18100,18286.5,CAL.NIF50.18100.20230601,403.45,327.7,327.7,207,46150,CAL.NIF50.18100.20230608,440.0,366.55,366.55,11,2150,2023-06-01,2023-06-08,0.0906,0.1186,2,8.4,0.916932,1.0,-1.0,0.916932,69.457585,-61.754113,7.703472,2359.321807,,-25.02715
2023-05-17,Active2,CAL,18000,18181.75,CAL.NIF50.18000.20230601,389.95,317.7,317.7,3569,94100,CAL.NIF50.18000.20230608,424.85,356.5,356.5,385,10500,2023-06-01,2023-06-08,0.0895,0.1221,2,9.51,0.917853,1.0,-1.0,0.917853,66.314905,-57.581785,8.73312,2368.054927,,-16.29403
2023-05-18,Active2,CAL,17900,18129.95,CAL.NIF50.17900.20230601,430.9,345.65,345.65,651,33250,CAL.NIF50.17900.20230608,0.0,684.75,479.55,0,0,2023-06-01,2023-06-08,-1.0,0.9811,2,,,1.0,0.0,0.0,0.0,0.0,0.0,2368.054927,"2023-05-18 00:00:00: Leg2_Open missing, used Leg2_Settle; 2023-05-18 00:00:00: no open-price ratio (leg open<=0), trade skipped",-16.29403
2023-05-19,Active2,CAL,17900,18203.4,CAL.NIF50.17900.20230601,356.1,378.0,378.0,2904,46900,CAL.NIF50.17900.20230608,345.0,423.9,423.9,57,1250,2023-06-01,2023-06-08,-0.0312,0.1214,2,59.54,,1.0,0.0,0.0,0.0,0.0,0.0,2368.054927,"2023-05-19 00:00:00: no open-price ratio (leg open<=0), trade skipped",-16.29403
2023-05-22,Active2,CAL,18000,18314.4,CAL.NIF50.18000.20230601,299.0,380.65,380.65,8356,240000,CAL.NIF50.18000.20230608,333.05,418.45,418.45,1405,27900,2023-06-01,2023-06-08,0.1139,0.0993,2,-4.98,0.897763,1.0,-1.0,0.897763,-73.302357,68.830571,-4.471786,2363.583141,,-20.765816
2023-05-23,Active2,CAL,18100,18348.0,CAL.NIF50.18100.20230608,362.9,367.45,367.45,464,20350,CAL.NIF50.18100.20230615,414.15,401.95,401.95,51,2550,2023-06-08,2023-06-15,0.1412,0.0939,2,-15.24,0.876253,1.0,-1.0,0.876253,-3.986949,-9.367386,-13.354336,2350.228805,,-34.120152
2023-05-24,Active2,CAL,18100,18285.4,CAL.NIF50.18100.20230608,316.5,316.65,316.65,793,35250,CAL.NIF50.18100.20230615,360.0,360.0,360.0,27,2000,2023-06-08,2023-06-15,0.1374,0.1369,2,-0.15,0.876253,1.0,-1.0,0.876253,44.51363,-32.209989,12.303642,2362.532447,,-21.81651
2023-05-25,Active2,CAL,18000,18321.15,CAL.NIF50.18000.20230608,401.25,406.7,406.7,3463,143150,CAL.NIF50.18000.20230615,425.45,445.7,445.7,98,5500,2023-06-08,2023-06-15,0.0603,0.0959,2,13.65,0.943119,1.0,-1.0,0.943119,-5.139999,18.011839,12.87184,2375.404287,,-8.944669
2023-05-26,Active2,CAL,18100,18499.35,CAL.NIF50.18100.20230608,328.55,448.35,448.35,2493,54600,CAL.NIF50.18100.20230615,381.2,482.75,482.75,282,6600,2023-06-08,2023-06-15,0.1602,0.0767,2,-32.28,0.861884,1.0,-1.0,0.861884,-103.253646,75.435728,-27.817918,2347.586369,,-36.762588
2023-05-29,Active2,CAL,18200,18598.65,CAL.NIF50.18200.20230608,400.0,447.15,447.15,2901,113850,CAL.NIF50.18200.20230615,481.65,481.5,481.5,365,16900,2023-06-08,2023-06-15,0.2041,0.0768,2,-47.27,0.830479,1.0,-1.0,0.830479,-39.157064,-0.103454,-39.260518,2308.325851,,-76.023106
2023-05-30,Active2,CAL,18300,18633.85,CAL.NIF50.18300.20230615,394.6,427.85,427.85,466,54300,CAL.NIF50.18300.20230622,461.0,435.8,570.85,23,13350,2023-06-15,2023-06-22,0.1683,0.0186,2,-54.82,0.855965,1.0,-1.0,0.855965,-28.460846,-18.46345,-46.924296,2261.401555,,-122.947402
2023-05-31,Active2,CAL,18400,18534.4,CAL.NIF50.18400.20230615,307.3,282.2,282.2,1240,32900,CAL.NIF50.18400.20230622,318.0,319.9,319.9,409,18200,2023-06-15,2023-06-22,0.0348,0.1336,2,26.94,0.966352,1.0,-1.0,0.966352,24.25544,1.774289,26.02973,2287.431285,,-96.917672
2023-06-01,Active2,CAL,18300,18487.75,CAL.NIF50.18300.20230615,362.0,300.6,300.6,2972,113000,CAL.NIF50.18300.20230622,391.8,343.5,343.5,54,27250,2023-06-15,2023-06-22,0.0823,0.1427,2,16.77,0.923941,1.0,-1.0,0.923941,56.729964,-41.232096,15.497869,2302.929153,,-81.419804
2023-06-02,Active2,CAL,18200,18534.1,CAL.NIF50.18200.20230615,420.0,422.6,422.6,453,27450,CAL.NIF50.18200.20230622,467.45,445.55,445.55,87,15000,2023-06-15,2023-06-22,0.113,0.0543,2,-22.28,0.898492,1.0,-1.0,0.898492,-2.336079,-17.679597,-20.015676,2282.913477,,-101.43548
2023-06-05,Active2,CAL,18300,18593.85,CAL.NIF50.18300.20230615,375.55,378.8,378.8,2048,82600,CAL.NIF50.18300.20230622,430.05,415.0,415.0,49,27500,2023-06-15,2023-06-22,0.1451,0.0956,2,-16.39,0.873271,1.0,-1.0,0.873271,-2.838129,-11.477152,-14.315281,2268.598196,,-115.750761
2023-06-06,Active2,CAL,18300,18599.0,CAL.NIF50.18300.20230622,403.0,384.45,384.45,91,28400,CAL.NIF50.18300.20230629,442.95,430.7,430.7,5205,987850,2023-06-22,2023-06-29,0.0991,0.1203,2,7.4,0.909809,1.0,-1.0,0.909809,16.876961,-10.139972,6.736989,2275.335185,,-109.013772
2023-06-07,Active2,CAL,18300,18726.4,CAL.NIF50.18300.20230622,435.0,501.5,501.5,62,29150,CAL.NIF50.18300.20230629,460.0,544.0,544.0,4689,937600,2023-06-22,2023-06-29,0.0575,0.0847,2,12.93,0.909809,1.0,-1.0,0.909809,-106.493171,93.784397,-12.708774,2262.626411,,-121.722546
2023-06-08,Active2,CAL,18500,18634.55,CAL.NIF50.18500.20230622,333.1,252.75,252.75,3902,165950,CAL.NIF50.18500.20230629,380.3,308.05,308.05,37271,1524450,2023-06-22,2023-06-29,0.1417,0.2188,2,17.07,0.875887,1.0,-1.0,0.875887,70.377557,-55.428671,14.948886,2277.575297,,-106.773659
2023-06-09,Active2,CAL,18400,18563.4,CAL.NIF50.18400.20230622,337.55,269.05,269.05,3793,64650,CAL.NIF50.18400.20230629,395.05,316.2,316.2,10496,645500,2023-06-22,2023-06-29,0.1703,0.1752,2,1.13,0.854449,1.0,-1.0,0.854449,58.529743,-57.567026,0.962718,2278.538015,,-105.810942
2023-06-12,Active2,CAL,18300,18601.5,CAL.NIF50.18300.20230622,355.15,382.8,382.8,1435,61400,CAL.NIF50.18300.20230629,403.45,431.15,431.15,2876,928300,2023-06-22,2023-06-29,0.136,0.1263,2,-3.27,0.880283,1.0,-1.0,0.880283,-24.339813,21.464658,-2.875155,2275.66286,,-108.686097
2023-06-13,Active2,CAL,18400,18716.15,CAL.NIF50.18400.20230629,389.4,418.2,418.2,5100,572300,CAL.NIF50.18400.20230706,450.0,450.0,555.05,10,100,2023-06-29,2023-07-06,0.1556,0.076,2,-28.8,0.865333,1.0,-1.0,0.865333,-24.9216,0.0,-24.9216,2250.74126,,-133.607697
2023-06-14,Active2,CAL,18500,18755.9,CAL.NIF50.18500.20230629,345.0,366.25,366.25,15267,1337150,CAL.NIF50.18500.20230706,397.3,411.35,411.35,63,8950,2023-06-29,2023-07-06,0.1516,0.1231,2,-9.05,0.868361,1.0,-1.0,0.868361,-18.452681,10.594425,-7.858256,2242.883004,,-141.465953
2023-06-15,Active2,CAL,18500,18688.1,CAL.NIF50.18500.20230629,356.3,303.55,303.55,21353,1286150,CAL.NIF50.18500.20230706,420.0,349.95,349.95,67,10500,2023-06-29,2023-07-06,0.1788,0.1529,2,-6.68,0.868361,1.0,-1.0,0.868361,54.446262,-46.298768,8.147495,2251.030499,,-133.318458
2023-06-16,Active2,CAL,18400,18826.0,CAL.NIF50.18400.20230629,410.0,512.65,512.65,3715,517050,CAL.NIF50.18400.20230706,388.05,470.0,609.0,6,300,2023-06-29,2023-07-06,-0.0535,-0.0832,2,-16.06,1.056565,1.0,-1.0,1.056565,-108.456384,91.483189,-16.973195,2234.057303,,-150.291653
2023-06-19,Active2,CAL,18600,18755.45,CAL.NIF50.18600.20230629,373.9,282.65,282.65,25665,1125800,CAL.NIF50.18600.20230706,387.3,336.35,336.35,1436,18100,2023-06-29,2023-07-06,0.0358,0.19,2,42.06,0.965401,1.0,-1.0,0.965401,88.092887,-47.485403,40.607484,2274.664787,,-109.684169
2023-06-20,Active2,CAL,18500,18816.7,CAL.NIF50.18500.20230706,382.75,439.25,439.25,1465,36600,CAL.NIF50.18500.20230713,388.1,445.0,554.75,27,1200,2023-07-06,2023-07-13,0.014,0.0131,2,-0.38,0.986215,1.0,-1.0,0.986215,-55.721141,55.342067,-0.379074,2274.285713,,-110.063243
2023-06-21,Active2,CAL,18600,18856.85,CAL.NIF50.18600.20230706,352.85,369.3,369.3,1346,20700,CAL.NIF50.18600.20230713,388.2,418.65,418.65,63,9000,2023-07-06,2023-07-13,0.1002,0.1336,2,11.23,0.908939,1.0,-1.0,0.908939,-14.952041,25.156863,10.204821,2284.490535,,-99.858422
2023-06-22,Active2,CAL,18600,18771.25,CAL.NIF50.18600.20230706,358.0,315.4,315.4,3040,28050,CAL.NIF50.18600.20230713,386.5,365.9,365.9,111,10550,2023-07-06,2023-07-13,0.0796,0.1601,2,23.52,0.908939,1.0,-1.0,0.908939,48.991795,-43.580443,5.411352,2289.901887,,-94.44707
2023-06-23,Active2,CAL,18500,18665.5,CAL.NIF50.18500.20230706,361.0,285.75,285.75,8367,197450,CAL.NIF50.18500.20230713,378.8,341.15,341.15,505,9250,2023-07-06,2023-07-13,0.0493,0.1939,2,39.37,0.95301,1.0,-1.0,0.95301,71.713965,-34.194751,37.519214,2327.421101,,-56.927856
2023-06-26,Active2,CAL,18400,18691.2,CAL.NIF50.18400.20230706,364.0,365.3,365.3,1410,23300,CAL.NIF50.18400.20230713,406.55,411.25,411.25,233,4750,2023-07-06,2023-07-13,0.1169,0.1258,2,2.91,0.895339,1.0,-1.0,0.895339,-1.16394,3.767669,2.603728,2330.024829,,-54.324128
2023-06-27,Active2,CAL,18400,18817.4,CAL.NIF50.18400.20230713,431.85,496.95,496.95,21,5050,CAL.NIF50.18400.20230720,0.0,631.55,623.35,0,0,2023-07-13,2023-07-20,-1.0,0.2709,2,,,1.0,0.0,0.0,0.0,0.0,0.0,2330.024829,"2023-06-27 00:00:00: Leg2_Open missing, used Leg2_Settle; 2023-06-27 00:00:00: no open-price ratio (leg open<=0), trade skipped",-54.324128
2023-06-28,Active2,CAL,18600,18972.1,CAL.NIF50.18600.20230713,353.6,454.65,454.65,990,34300,CAL.NIF50.18600.20230720,398.9,498.8,498.8,135,1200,2023-07-13,2023-07-20,0.1281,0.0971,2,-12.49,0.886438,1.0,-1.0,0.886438,-89.57453,78.498603,-11.075927,2318.948902,,-65.400055
2023-07-03,Active2,CAL,18700,19322.55,CAL.NIF50.18700.20230713,569.9,657.35,657.35,1266,55150,CAL.NIF50.18700.20230720,570.25,711.25,711.25,383,21300,2023-07-13,2023-07-20,0.0006,0.082,2,53.46,0.999386,1.0,-1.0,0.999386,-87.396326,140.826971,53.430645,2372.379547,,-11.96941
2023-07-04,Active2,CAL,19100,19389.0,CAL.NIF50.19100.20230720,387.05,392.6,392.6,383,8700,CAL.NIF50.19100.20230727,420.4,445.45,445.45,7433,809400,2023-07-20,2023-07-27,0.0862,0.1346,2,17.51,0.920671,1.0,-1.0,0.920671,-5.109723,21.233249,16.123526,2388.503074,,0.0
2023-07-05,Active2,CAL,19100,19398.5,CAL.NIF50.19100.20230720,378.2,400.4,400.4,81,9000,CAL.NIF50.19100.20230727,418.65,448.8,448.8,5499,798500,2023-07-20,2023-07-27,0.107,0.1209,2,5.04,0.920671,1.0,-1.0,0.920671,-7.181232,2.839576,-4.341656,2384.161418,,-4.341656
2023-07-06,Active2,CAL,19100,19497.3,CAL.NIF50.19100.20230720,379.8,446.05,446.05,452,22400,CAL.NIF50.19100.20230727,432.05,501.7,501.7,4726,760000,2023-07-20,2023-07-27,0.1376,0.1248,2,-5.02,0.920671,1.0,-1.0,0.920671,-42.028622,44.839876,2.811254,2386.972672,,-1.530402
2023-07-07,Active2,CAL,19200,19331.8,CAL.NIF50.19200.20230720,363.6,245.6,245.6,4380,66700,CAL.NIF50.19200.20230727,378.85,305.75,305.75,20336,1129550,2023-07-20,2023-07-27,0.0419,0.2449,2,47.84,0.959747,1.0,-1.0,0.959747,113.250099,-67.3334,45.916699,2432.889371,,0.0
2023-07-10,Active2,CAL,19100,19355.9,CAL.NIF50.19100.20230720,349.9,325.55,325.55,1903,59850,CAL.NIF50.19100.20230727,383.0,375.9,375.9,6189,496950,2023-07-20,2023-07-27,0.0946,0.1547,2,17.86,0.913577,1.0,-1.0,0.913577,22.245601,-5.925823,16.319777,2449.209149,,0.0
2023-07-11,Active2,CAL,19100,19439.4,CAL.NIF50.19100.20230727,414.2,443.6,443.6,4083,489000,CAL.NIF50.19100.20230803,510.65,526.0,575.7,3,1150,2023-07-27,2023-08-03,0.2329,0.1858,2,-16.95,0.811123,1.0,-1.0,0.811123,-23.847019,10.099082,-13.747937,2435.461212,,-13.747937
2023-07-12,Active2,CAL,19200,19384.3,CAL.NIF50.19200.20230727,382.3,322.2,322.2,12064,1224950,CAL.NIF50.19200.20230803,420.0,370.65,370.65,51,3800,2023-07-27,2023-08-03,0.0986,0.1504,2,15.18,0.910238,1.0,-1.0,0.910238,54.70531,-40.888123,13.817187,2449.278399,,0.0
2023-07-13,Active2,CAL,19100,19413.75,CAL.NIF50.19100.20230727,443.0,409.7,409.7,3944,419450,CAL.NIF50.19100.20230803,0.0,445.0,538.65,0,1050,2023-07-27,2023-08-03,-1.0,0.0862,2,,,1.0,0.0,0.0,0.0,0.0,0.0,2449.278399,"2023-07-13 00:00:00: Leg2_Open missing, used Leg2_Settle; 2023-07-13 00:00:00: no open-price ratio (leg open<=0), trade skipped",0.0
2023-07-14,Active2,CAL,19200,19564.5,CAL.NIF50.19200.20230727,365.0,427.45,427.45,10993,1113850,CAL.NIF50.19200.20230803,410.0,457.45,457.45,297,12550,2023-07-27,2023-08-03,0.1233,0.0702,2,-20.21,0.890244,1.0,-1.0,0.890244,-55.595732,37.605748,-17.989984,2431.288415,,-17.989984
2023-07-17,Active2,CAL,19300,19711.45,CAL.NIF50.19300.20230727,368.9,451.1,451.1,10017,806950,CAL.NIF50.19300.20230803,402.6,495.6,495.6,151,7450,2023-07-27,2023-08-03,0.0914,0.0986,2,3.02,0.916294,1.0,-1.0,0.916294,-75.319374,78.082322,2.762948,2434.051363,,-15.227036
2023-07-18,Active2,CAL,19500,19749.25,CAL.NIF50.19500.20230803,350.5,367.9,367.9,2511,54450,CAL.NIF50.19500.20230810,434.6,411.0,411.0,421,16850,2023-08-03,2023-08-10,0.2399,0.1172,2,-36.43,0.806489,1.0,-1.0,0.806489,-14.032904,-15.350008,-29.382912,2404.668451,,-44.609948
2023-07-19,Active2,CAL,19500,19833.15,CAL.NIF50.19500.20230803,382.45,418.1,418.1,3675,134700,CAL.NIF50.19500.20230810,449.95,465.0,465.0,69,15700,2023-08-03,2023-08-10,0.1765,0.1122,2,-22.86,0.806489,1.0,-1.0,0.806489,-40.485734,35.122899,-5.362835,2399.305616,,-49.972782
2023-07-20,Active2,CAL,19600,19979.15,CAL.NIF50.19600.20230803,339.1,441.95,441.95,5665,143550,CAL.NIF50.19600.20230810,358.75,485.2,485.2,872,14100,2023-08-03,2023-08-10,0.0579,0.0979,2,16.67,0.945226,1.0,-1.0,0.945226,-97.216544,112.977145,15.760601,2415.066217,,-34.212181
2023-07-21,Active2,CAL,19700,19745.0,CAL.NIF50.19700.20230803,270.0,221.1,221.1,36088,290900,CAL.NIF50.19700.20230810,355.75,276.1,276.1,2684,34250,2023-08-03,2023-08-10,0.3176,0.2488,2,-11.55,0.75896,1.0,-1.0,0.75896,37.113141,-45.880009,-8.766867,2406.29935,,-42.979049
2023-07-24,Active2,CAL,19500,19672.35,CAL.NIF50.19500.20230803,353.85,295.55,295.55,6254,211800,CAL.NIF50.19500.20230810,404.0,349.95,349.95,1222,10000,2023-08-03,2023-08-10,0.1417,0.1841,2,10.96,0.875866,1.0,-1.0,0.875866,51.063007,-41.464016,9.598991,2415.898341,,-33.380058
2023-07-25,Active2,CAL,19400,19680.6,CAL.NIF50.19400.20230810,446.4,420.65,420.65,73,11650,CAL.NIF50.19400.20230817,0.0,574.95,536.4,0,100,2023-08-10,2023-08-17,-1.0,0.3668,2,,,1.0,0.0,0.0,0.0,0.0,0.0,2415.898341,"2023-07-25 00:00:00: Leg2_Open missing, used Leg2_Settle; 2023-07-25 00:00:00: no open-price ratio (leg open<=0), trade skipped",-33.380058
2023-07-26,Active2,CAL,19400,19778.3,CAL.NIF50.19400.20230810,425.6,469.7,469.7,231,14000,CAL.NIF50.19400.20230817,540.0,540.0,596.0,1,100,2023-08-10,2023-08-17,0.2688,0.1497,2,-44.1,,1.0,0.0,0.0,0.0,0.0,0.0,2415.898341,"2023-07-26 00:00:00: no open-price ratio (leg open<=0), trade skipped",-33.380058
2023-07-27,Active2,CAL,19500,19659.9,CAL.NIF50.19500.20230810,438.05,318.55,318.55,5152,152700,CAL.NIF50.19500.20230817,480.15,364.35,364.35,194,10800,2023-08-10,2023-08-17,0.0961,0.1438,2,13.85,0.912319,1.0,-1.0,0.912319,109.022129,-96.38336,12.638768,2428.537109,,-20.741289
2023-07-28,Active2,CAL,19400,19646.05,CAL.NIF50.19400.20230810,358.95,336.3,336.3,4741,131200,CAL.NIF50.19400.20230817,453.1,330.0,330.0,33,1400,2023-08-10,2023-08-17,0.2623,-0.0187,2,-74.87,0.792209,1.0,-1.0,0.792209,17.943539,-77.257001,-59.313462,2369.223648,,-80.054751
2023-07-31,Active2,CAL,19400,19753.8,CAL.NIF50.19400.20230810,338.6,401.6,401.6,2078,114300,CAL.NIF50.19400.20230817,360.3,437.0,437.0,78,1600,2023-08-10,2023-08-17,0.0641,0.0881,2,9.08,0.792209,1.0,-1.0,0.792209,-51.731262,67.152714,15.421451,2384.645099,,-64.6333
2023-08-01,Active2,CAL,19500,19733.55,CAL.NIF50.19500.20230817,374.2,332.6,332.6,303,13800,CAL.NIF50.19500.20230824,402.85,390.0,503.65,26,2550,2023-08-17,2023-08-24,0.0766,0.1726,2,29.66,0.928882,1.0,-1.0,0.928882,38.641479,-11.087253,27.554226,2412.199326,,-37.079073
2023-08-02,Active2,CAL,19500,19526.55,CAL.NIF50.19500.20230817,274.95,198.0,198.0,6696,65300,CAL.NIF50.19500.20230824,318.65,243.15,243.15,960,21100,2023-08-17,2023-08-24,0.1589,0.228,2,11.8,0.928882,1.0,-1.0,0.928882,125.027479,-126.7053,-1.677821,2410.521505,,-38.756894
2023-08-03,Active2,CAL,19300,19381.65,CAL.NIF50.19300.20230817,287.4,231.6,231.6,4745,56400,CAL.NIF50.19300.20230824,332.85,275.2,275.2,448,6600,2023-08-17,2023-08-24,0.1581,0.1883,2,6.02,0.863452,1.0,-1.0,0.863452,48.180622,-42.980921,5.199701,2415.721206,,-33.557193
2023-08-04,Active2,CAL,19100,19517.0,CAL.NIF50.19100.20230817,417.05,464.25,464.25,230,4600,CAL.NIF50.19100.20230824,499.9,499.9,601.4,1,50,2023-08-17,2023-08-24,0.1987,0.0768,2,-47.2,0.834267,1.0,-1.0,0.834267,-39.377395,0.0,-39.377395,2376.34381,,-72.934588
2023-08-07,Active2,CAL,19300,19597.3,CAL.NIF50.19300.20230817,310.15,353.15,353.15,4688,127900,CAL.NIF50.19300.20230824,351.95,382.4,488.5,40,5500,2023-08-17,2023-08-24,0.1348,0.0828,2,-16.17,0.881233,1.0,-1.0,0.881233,-37.893025,23.646612,-14.246412,2362.097398,,-87.181001
2023-08-08,Active2,CAL,19300,19570.85,CAL.NIF50.19300.20230824,382.85,350.75,350.75,68,6600,CAL.NIF50.19300.20230831,428.25,389.65,389.65,2151,344600,2023-08-24,2023-08-31,0.1186,0.1109,2,-2.41,0.893987,1.0,-1.0,0.893987,28.696988,-30.849623,-2.152635,2359.944762,,-89.333636
2023-08-09,Active2,CAL,19300,19632.55,CAL.NIF50.19300.20230824,333.0,406.6,406.6,259,6550,CAL.NIF50.19300.20230831,372.0,443.5,443.5,6570,355800,2023-08-24,2023-08-31,0.1171,0.0908,2,-9.6,0.893987,1.0,-1.0,0.893987,-49.929183,43.037622,-6.891561,2353.053202,,-96.225197
2023-08-10,Active2,CAL,19400,19543.1,CAL.NIF50.19400.20230824,296.2,253.5,253.5,3212,52350,CAL.NIF50.19400.20230831,335.15,294.4,294.4,17240,361750,2023-08-24,2023-08-31,0.1315,0.1613,2,6.69,0.883783,1.0,-1.0,0.883783,37.73755,-31.828727,5.908823,2358.962025,,-90.316374
2023-08-11,Active2,CAL,19300,19428.3,CAL.NIF50.19300.20230824,306.05,254.55,254.55,5622,70100,CAL.NIF50.19300.20230831,350.05,294.3,294.3,7770,364650,2023-08-24,2023-08-31,0.1438,0.1562,2,2.76,0.874304,1.0,-1.0,0.874304,45.026639,-42.615685,2.410954,2361.372979,,-87.90542
2023-08-14,Active2,CAL,19200,19434.55,CAL.NIF50.19200.20230824,313.3,299.6,299.6,15232,81500,CAL.NIF50.19200.20230831,329.9,340.75,340.75,14999,215150,2023-08-24,2023-08-31,0.053,0.1373,2,24.0,0.949682,1.0,-1.0,0.949682,13.01064,9.785565,22.796204,2384.169183,,-65.109216
2023-08-16,Active2,CAL,19200,19465.0,CAL.NIF50.19200.20230831,280.0,336.5,336.5,15229,272800,CAL.NIF50.19200.20230907,307.2,390.9,390.9,717,34500,2023-08-31,2023-09-07,0.0971,0.1617,2,19.79,0.911458,1.0,-1.0,0.911458,-51.497396,69.534302,18.036906,2402.206089,,-47.07231
2023-08-17,Active2,CAL,19200,19365.25,CAL.NIF50.19200.20230831,298.0,264.0,264.0,14518,383600,CAL.NIF50.19200.20230907,364.45,324.8,324.8,751,55950,2023-08-31,2023-09-07,0.223,0.2303,2,1.58,0.911458,1.0,-1.0,0.911458,66.080729,-54.912991,11.167738,2413.373827,,-35.904572
2023-08-21,Active2,CAL,19100,19393.6,CAL.NIF50.19100.20230831,260.0,331.65,331.65,6961,172000,CAL.NIF50.19100.20230907,358.95,392.35,392.35,510,18200,2023-08-31,2023-09-07,0.3806,0.183,2,-47.46,0.724335,1.0,-1.0,0.724335,-51.898593,17.523677,-34.374916,2378.998911,,-70.279487
2023-08-22,Active2,CAL,19100,19396.45,CAL.NIF50.19100.20230907,397.7,376.3,376.3,297,22850,CAL.NIF50.19100.20230914,438.4,454.55,533.55,3,100,2023-09-07,2023-09-14,0.1023,0.2079,2,36.05,0.907162,1.0,-1.0,0.907162,19.413276,13.29054,32.703815,2411.702727,,-37.575672
2023-08-23,Active2,CAL,19100,19444.0,CAL.NIF50.19100.20230907,371.05,409.4,409.4,318,24600,CAL.NIF50.19100.20230914,460.0,460.0,558.5,1,150,2023-09-07,2023-09-14,0.2397,0.1236,2,-38.35,0.907162,1.0,-1.0,0.907162,-30.027076,4.485043,-25.542033,2386.160694,,-63.117705
2023-08-24,Active2,CAL,19200,19386.7,CAL.NIF50.19200.20230907,365.0,298.5,298.5,2986,141950,CAL.NIF50.19200.20230914,398.25,351.75,351.75,20,1700,2023-09-07,2023-09-14,0.0911,0.1784,2,23.88,0.91651,1.0,-1.0,0.91651,60.947897,-39.059539,21.888358,2408.049052,,-41.229347
2023-08-25,Active2,CAL,19100,19265.8,CAL.NIF50.19100.20230907,294.55,267.9,267.9,11139,124250,CAL.NIF50.19100.20230914,265.0,318.95,318.95,230,6500,2023-09-07,2023-09-14,-0.1003,0.1906,2,86.62,1.111509,1.0,-1.0,1.111509,29.621726,66.652701,96.274428,2504.323479,,0.0
2023-08-28,Active2,CAL,19000,19306.05,CAL.NIF50.19000.20230907,365.0,392.15,392.15,4338,212400,CAL.NIF50.19000.20230914,420.0,433.1,433.1,629,11750,2023-09-07,2023-09-14,0.1507,0.1044,2,-15.77,0.869048,1.0,-1.0,0.869048,-23.594643,9.893693,-13.70095,2490.62253,,-13.70095
2023-08-29,Active2,CAL,19100,19342.65,CAL.NIF50.19100.20230914,375.0,358.45,358.45,143,11250,CAL.NIF50.19100.20230921,0.0,610.2,494.0,0,0,2023-09-14,2023-09-21,-1.0,0.7023,2,,,1.0,0.0,0.0,0.0,0.0,0.0,2490.62253,"2023-08-29 00:00:00: Leg2_Open missing, used Leg2_Settle; 2023-08-29 00:00:00: no open-price ratio (leg open<=0), trade skipped",-13.70095
2023-08-30,Active2,CAL,19100,19347.45,CAL.NIF50.19100.20230914,411.8,357.5,357.5,149,9150,CAL.NIF50.19100.20230921,0.0,610.2,488.05,0,0,2023-09-14,2023-09-21,-1.0,0.7069,2,,,1.0,0.0,0.0,0.0,0.0,0.0,2490.62253,"2023-08-30 00:00:00: Leg2_Open missing, used Leg2_Settle; 2023-08-30 00:00:00: no open-price ratio (leg open<=0), trade skipped",-13.70095
2023-08-31,Active2,CAL,19100,19253.8,CAL.NIF50.19100.20230914,363.0,334.6,334.6,439,13700,CAL.NIF50.19100.20230921,0.0,610.2,417.25,0,0,2023-09-14,2023-09-21,-1.0,0.8237,2,,,1.0,0.0,0.0,0.0,0.0,0.0,2490.62253,"2023-08-31 00:00:00: Leg2_Open missing, used Leg2_Settle; 2023-08-31 00:00:00: no open-price ratio (leg open<=0), trade skipped",-13.70095
2023-09-01,Active2,CAL,19000,19435.3,CAL.NIF50.19000.20230914,380.35,484.95,484.95,1438,47500,CAL.NIF50.19000.20230921,435.3,519.75,605.65,25,900,2023-09-14,2023-09-21,0.1445,0.0718,2,-30.81,0.873765,1.0,-1.0,0.873765,-91.395842,64.474675,-26.921167,2463.701363,,-40.622117
2023-09-04,Active2,CAL,19200,19528.8,CAL.NIF50.19200.20230914,348.0,383.25,383.25,3283,60850,CAL.NIF50.19200.20230921,396.85,411.8,501.85,86,3600,2023-09-14,2023-09-21,0.1404,0.0745,2,-22.14,0.876906,1.0,-1.0,0.876906,-30.910924,11.496004,-19.414919,2444.286443,,-60.037036
2023-09-05,Active2,CAL,19300,19574.9,CAL.NIF50.19300.20230921,343.6,371.8,371.8,266,13250,CAL.NIF50.19300.20230928,394.2,419.9,419.9,6990,988300,2023-09-21,2023-09-28,0.1473,0.1294,2,-5.8,0.871639,1.0,-1.0,0.871639,-24.580213,19.525681,-5.054532,2439.231912,,-65.091568
2023-09-06,Active2,CAL,19300,19611.05,CAL.NIF50.19300.20230921,351.9,377.15,377.15,315,15100,CAL.NIF50.19300.20230928,401.0,422.65,422.65,7523,973500,2023-09-21,2023-09-28,0.1395,0.1206,2,-6.25,0.871639,1.0,-1.0,0.871639,-4.663267,2.089324,-2.573944,2436.657968,,-67.665511
2023-09-07,Active2,CAL,19400,19727.05,CAL.NIF50.19400.20230921,278.0,382.85,382.85,1356,37050,CAL.NIF50.19400.20230928,331.05,429.45,429.45,14022,1049400,2023-09-21,2023-09-28,0.1908,0.1217,2,-22.22,0.839752,1.0,-1.0,0.839752,-88.048029,69.390099,-18.65793,2418.000038,,-86.323442
2023-09-08,Active2,CAL,19500,19819.95,CAL.NIF50.19500.20230921,312.25,384.6,384.6,3990,81850,CAL.NIF50.19500.20230928,369.95,434.6,434.6,37236,1463450,2023-09-21,2023-09-28,0.1848,0.13,2,-17.78,0.844033,1.0,-1.0,0.844033,-61.065786,46.056121,-15.009665,2402.990373,,-101.333106
2023-09-11,Active2,CAL,19600,19996.35,CAL.NIF50.19600.20230921,334.05,433.9,433.9,4379,128250,CAL.NIF50.19600.20230928,383.0,483.3,483.3,12032,907100,2023-09-21,2023-09-28,0.1465,0.1139,2,-12.37,0.872193,1.0,-1.0,0.872193,-87.088492,76.300316,-10.788176,2392.202197,,-112.121282
2023-09-12,Active2,CAL,19700,19993.2,CAL.NIF50.19700.20230928,459.95,409.95,409.95,12897,847650,CAL.NIF50.19700.20231005,517.5,468.85,468.85,142,34600,2023-09-28,2023-10-05,0.1251,0.1437,2,6.76,0.888792,1.0,-1.0,0.888792,44.439614,-38.43115,6.008463,2398.21066,,-106.112819
2023-09-13,Active2,CAL,19700,20070.0,CAL.NIF50.19700.20230928,378.8,478.05,478.05,5227,806950,CAL.NIF50.19700.20231005,452.6,538.05,538.05,317,33000,2023-09-28,2023-10-05,0.1948,0.1255,2,-27.73,0.888792,1.0,-1.0,0.888792,-60.526754,54.664658,-5.862096,2392.348564,,-111.974915
2023-09-14,Active2,CAL,19800,20103.1,CAL.NIF50.19800.20230928,410.1,417.4,417.4,15801,1523650,CAL.NIF50.19800.20231005,488.95,482.95,482.95,332,38300,2023-09-28,2023-10-05,0.1923,0.157,2,-12.33,0.838736,1.0,-1.0,0.838736,-6.122773,-4.220869,-10.343642,2382.004922,,-122.318557
2023-09-15,Active2,CAL,19900,20192.35,CAL.NIF50.19900.20230928,361.65,395.15,395.15,26586,1144750,CAL.NIF50.19900.20231005,420.0,452.15,452.15,509,32700,2023-09-28,2023-10-05,0.1613,0.1442,2,-5.82,0.861071,1.0,-1.0,0.861071,-28.845893,23.837425,-5.008468,2376.996454,,-127.327026
2023-09-18,Active2,CAL,19900,20133.3,CAL.NIF50.19900.20230928,357.85,320.75,320.75,8029,1107600,CAL.NIF50.19900.20231005,400.0,381.4,381.4,1427,88550,2023-09-28,2023-10-05,0.1178,0.1891,2,20.46,0.861071,1.0,-1.0,0.861071,64.063714,-52.457163,11.606551,2388.603005,,-115.720475
2023-09-20,Active2,CAL,19900,19901.4,CAL.NIF50.19900.20231005,298.75,237.1,237.1,7355,148450,CAL.NIF50.19900.20231012,370.95,291.8,291.8,281,7750,2023-10-05,2023-10-12,0.2417,0.2307,2,-2.09,0.805365,1.0,-1.0,0.805365,49.650728,-51.337651,-1.686923,2386.916081,,-117.407398
2023-09-21,Active2,CAL,19700,19742.35,CAL.NIF50.19700.20231005,303.45,231.35,231.35,19386,168600,CAL.NIF50.19700.20231012,347.15,288.25,288.25,453,10250,2023-10-05,2023-10-12,0.144,0.2459,2,20.61,0.874118,1.0,-1.0,0.874118,63.023895,-45.004427,18.019467,2404.935549,,-99.387931
2023-09-22,Active2,CAL,19500,19674.25,CAL.NIF50.19500.20231005,366.9,316.35,316.35,4992,125700,CAL.NIF50.19500.20231012,380.8,368.2,368.2,908,18350,2023-10-05,2023-10-12,0.0379,0.1639,2,38.41,0.963498,1.0,-1.0,0.963498,48.704819,-11.696935,37.007883,2441.943432,,-62.380047
2023-09-25,Active2,CAL,19400,19674.55,CAL.NIF50.19400.20231005,395.85,385.2,385.2,4074,32150,CAL.NIF50.19400.20231012,400.0,418.0,418.0,12,350,2023-10-05,2023-10-12,0.0105,0.0852,2,28.46,0.989625,1.0,-1.0,0.989625,10.539506,17.628438,28.167944,2470.111376,,-34.212104
2023-09-26,Active2,CAL,19400,19664.7,CAL.NIF50.19400.20231012,0.0,418.0,444.85,0,350,CAL.NIF50.19400.20231019,459.25,461.8,461.8,5,250,2023-10-12,2023-10-19,,0.1048,2,,,1.0,0.0,0.0,0.0,0.0,0.0,2470.111376,"2023-09-26 00:00:00: Leg1_Open missing, used Leg1_Settle; 2023-09-26 00:00:00: no open-price ratio (leg open<=0), trade skipped",-34.212104
2023-09-27,Active2,CAL,19400,19716.45,CAL.NIF50.19400.20231012,410.0,450.4,450.4,533,3850,CAL.NIF50.19400.20231019,373.7,471.0,534.05,9,650,2023-10-12,2023-10-19,-0.0885,0.0457,2,66.35,,1.0,0.0,0.0,0.0,0.0,0.0,2470.111376,"2023-09-27 00:00:00: no open-price ratio (leg open<=0), trade skipped",-34.212104
2023-09-28,Active2,CAL,19500,19523.55,CAL.NIF50.19500.20231012,360.05,236.95,236.95,10127,153900,CAL.NIF50.19500.20231019,391.75,294.5,294.5,2022,26700,2023-10-12,2023-10-19,0.088,0.2429,2,33.72,0.919081,1.0,-1.0,0.919081,113.138877,-82.148045,30.990832,2501.102208,,-3.221271
2023-09-29,Active2,CAL,19300,19638.3,CAL.NIF50.19300.20231012,408.05,405.85,405.85,2902,21400,CAL.NIF50.19300.20231019,436.65,460.9,460.9,49,48450,2023-10-12,2023-10-19,0.0701,0.1356,2,24.86,0.934501,1.0,-1.0,0.934501,2.055903,21.177348,23.233251,2524.335459,,0.0
2023-10-03,Active2,CAL,19400,19528.75,CAL.NIF50.19400.20231019,304.15,274.2,274.2,414,7150,CAL.NIF50.19400.20231026,345.45,321.25,321.25,16817,355750,2023-10-19,2023-10-26,0.1358,0.1716,2,8.64,0.880446,1.0,-1.0,0.880446,26.369352,-18.759472,7.609879,2531.945339,,0.0
2023-10-04,Active2,CAL,19300,19436.1,CAL.NIF50.19300.20231019,259.45,260.45,260.45,1952,58450,CAL.NIF50.19300.20231026,335.7,309.1,309.1,30337,386000,2023-10-19,2023-10-26,0.2939,0.1868,2,-21.56,0.772863,1.0,-1.0,0.772863,-0.772863,-15.888625,-16.661487,2515.283851,,-16.661487
2023-10-05,Active2,CAL,19200,19545.75,CAL.NIF50.19200.20231019,383.7,398.6,398.6,1906,71200,CAL.NIF50.19200.20231026,419.95,436.8,436.8,3584,245950,2023-10-19,2023-10-26,0.0945,0.0958,2,0.5,0.91368,1.0,-1.0,0.91368,-13.613835,14.066574,0.452739,2515.73659,,-16.208748
2023-10-06,Active2,CAL,19300,19653.5,CAL.NIF50.19300.20231019,347.45,397.35,397.35,2344,34350,CAL.NIF50.19300.20231026,385.0,436.35,436.35,4419,273500,2023-10-19,2023-10-26,0.1081,0.0982,2,-3.56,0.902468,1.0,-1.0,0.902468,-45.03313,41.821887,-3.211243,2512.525347,,-19.419992
2023-10-09,Active2,CAL,19400,19512.35,CAL.NIF50.19400.20231019,238.6,221.85,221.85,9443,83150,CAL.NIF50.19400.20231026,310.6,270.7,270.7,19988,503300,2023-10-19,2023-10-26,0.3018,0.2202,2,-13.9,0.768191,1.0,-1.0,0.768191,12.867193,-23.54566,-10.678468,2501.84688,,-30.098459
2023-10-10,Active2,CAL,19300,19689.85,CAL.NIF50.19300.20231026,360.0,491.95,491.95,3368,244600,CAL.NIF50.19300.20231102,460.7,553.75,553.75,543,21950,2023-10-26,2023-11-02,0.2797,0.1256,2,-59.24,0.78142,1.0,-1.0,0.78142,-103.108313,56.817871,-46.290443,2455.556437,,-76.388902
2023-10-11,Active2,CAL,19400,19811.35,CAL.NIF50.19400.20231026,463.7,494.75,494.75,4178,284650,CAL.NIF50.19400.20231102,534.6,554.4,554.4,65,10150,2023-10-26,2023-11-02,0.1529,0.1206,2,-13.88,0.867377,1.0,-1.0,0.867377,-26.932071,14.896405,-12.035666,2443.520771,,-88.424568
2023-10-12,Active2,CAL,19600,19794.0,CAL.NIF50.19600.20231026,339.95,314.7,314.7,16940,1414100,CAL.NIF50.19600.20231102,410.0,384.75,384.75,625,54050,2023-10-26,2023-11-02,0.2061,0.2226,2,4.31,0.829146,1.0,-1.0,0.829146,20.935945,-17.358962,3.576983,2447.097754,,-84.847585
2023-10-13,Active2,CAL,19500,19751.05,CAL.NIF50.19500.20231026,301.55,307.65,307.65,32887,1255500,CAL.NIF50.19500.20231102,368.5,388.5,388.5,1800,117900,2023-10-26,2023-11-02,0.222,0.2628,2,10.27,0.818318,1.0,-1.0,0.818318,-4.991737,13.392871,8.401134,2455.498888,,-76.446451
2023-10-16,Active2,CAL,19500,19731.75,CAL.NIF50.19500.20231026,307.25,299.1,299.1,22598,1301600,CAL.NIF50.19500.20231102,358.35,379.1,379.1,849,115950,2023-10-26,2023-11-02,0.1663,0.2675,2,25.94,0.818318,1.0,-1.0,0.818318,6.996615,-6.294649,0.701965,2456.200853,,-75.744485
2023-10-17,Active2,CAL,19500,19811.5,CAL.NIF50.19500.20231102,425.0,425.65,425.65,574,105650,CAL.NIF50.19500.20231109,460.0,461.5,461.5,23,1100,2023-11-02,2023-11-09,0.0824,0.0842,2,0.74,0.923913,1.0,-1.0,0.923913,-0.600543,1.280423,0.679879,2456.880733,,-75.064606
2023-10-18,Active2,CAL,19600,19671.1,CAL.NIF50.19600.20231102,322.8,256.25,256.25,4458,127450,CAL.NIF50.19600.20231109,374.9,300.05,300.05,120,7150,2023-11-02,2023-11-09,0.1614,0.1709,2,2.1,0.86103,1.0,-1.0,0.86103,57.30152,-55.491693,1.809827,2458.69056,,-73.254779
2023-10-19,Active2,CAL,19400,19624.7,CAL.NIF50.19400.20231102,313.6,342.85,342.85,6442,157100,CAL.NIF50.19400.20231109,369.5,382.65,382.65,125,4000,2023-11-02,2023-11-09,0.1783,0.1161,2,-18.09,0.848714,1.0,-1.0,0.848714,-24.824899,9.472159,-15.35274,2443.337821,,-88.607518
2023-10-20,Active2,CAL,19400,19542.65,CAL.NIF50.19400.20231102,281.55,266.7,266.7,9176,139700,CAL.NIF50.19400.20231109,382.65,320.5,320.5,342,6850,2023-11-02,2023-11-09,0.3591,0.2017,2,-30.88,0.848714,1.0,-1.0,0.848714,64.629608,-44.767656,19.861952,2463.199772,,-68.745567
2023-10-23,Active2,CAL,19300,19281.75,CAL.NIF50.19300.20231102,319.45,157.8,157.8,39661,528550,CAL.NIF50.19300.20231109,380.95,209.55,209.55,3938,59050,2023-11-02,2023-11-09,0.1925,0.3279,2,17.92,0.838561,1.0,-1.0,0.838561,135.553465,-120.525973,15.027492,2478.227264,,-53.718075
2023-10-25,Active2,CAL,19000,19122.15,CAL.NIF50.19000.20231109,450.0,299.75,299.75,5340,74750,CAL.NIF50.19000.20231116,541.15,341.9,341.9,49,1050,2023-11-09,2023-11-16,0.2026,0.1406,2,-15.44,0.831562,1.0,-1.0,0.831562,124.942253,-137.780587,-12.838335,2465.388929,,-66.55641
2023-10-26,Active2,CAL,18900,18857.25,CAL.NIF50.18900.20231109,291.15,200.15,200.15,14645,178400,CAL.NIF50.18900.20231116,312.95,250.0,250.0,1232,27600,2023-11-09,2023-11-16,0.0749,0.2491,2,32.44,0.93034,1.0,-1.0,0.93034,84.660968,-54.485308,30.17566,2495.564589,,-36.380749
2023-10-27,Active2,CAL,18600,19047.25,CAL.NIF50.18600.20231109,451.1,525.0,525.0,316,6250,CAL.NIF50.18600.20231116,0.0,1349.8,569.5,0,0,2023-11-09,2023-11-16,-1.0,1.571,2,,,1.0,0.0,0.0,0.0,0.0,0.0,2495.564589,"2023-10-27 00:00:00: Leg2_Open missing, used Leg2_Settle; 2023-10-27 00:00:00: no open-price ratio (leg open<=0), trade skipped",-36.380749
2023-10-30,Active2,CAL,18800,19140.9,CAL.NIF50.18800.20231109,337.95,424.85,424.85,4930,77950,CAL.NIF50.18800.20231116,369.0,458.25,458.25,283,7900,2023-11-09,2023-11-16,0.0919,0.0786,2,-5.16,0.915854,1.0,-1.0,0.915854,-79.587683,74.861822,-4.725861,2490.838729,,-41.10661
2023-10-31,Active2,CAL,18900,19079.6,CAL.NIF50.18900.20231116,402.25,329.85,329.85,783,9500,CAL.NIF50.18900.20231123,423.35,374.75,374.75,4,2950,2023-11-16,2023-11-23,0.0525,0.1361,2,26.22,0.950159,1.0,-1.0,0.950159,68.791544,-43.876224,24.915319,2515.754048,,-16.191291
2023-11-01,Active2,CAL,18800,18989.15,CAL.NIF50.18800.20231116,386.0,319.2,319.2,599,15550,CAL.NIF50.18800.20231123,436.0,367.7,367.7,73,2250,2023-11-16,2023-11-23,0.1295,0.1519,2,6.33,0.885321,1.0,-1.0,0.885321,59.13945,-53.533093,5.606357,2521.360405,,-10.584934
2023-11-02,Active2,CAL,18700,19133.25,CAL.NIF50.18700.20231116,430.3,542.0,542.0,6,1000,CAL.NIF50.18700.20231123,0.0,453.45,564.75,0,2100,2023-11-16,2023-11-23,-1.0,-0.1634,2,,,1.0,0.0,0.0,0.0,0.0,0.0,2521.360405,"2023-11-02 00:00:00: Leg2_Open missing, used Leg2_Settle; 2023-11-02 00:00:00: no open-price ratio (leg open<=0), trade skipped",-10.584934
2023-11-03,Active2,CAL,18900,19230.6,CAL.NIF50.18900.20231116,434.05,404.55,404.55,343,9400,CAL.NIF50.18900.20231123,475.0,451.9,451.9,16,1700,2023-11-16,2023-11-23,0.0943,0.117,2,8.39,0.913789,1.0,-1.0,0.913789,26.956789,-19.288759,7.668031,2529.028436,,-2.916903
2023-11-06,Active2,CAL,19000,19411.75,CAL.NIF50.19000.20231116,409.95,464.95,464.95,3883,148900,CAL.NIF50.19000.20231123,434.85,502.1,502.1,241,10900,2023-11-16,2023-11-23,0.0607,0.0799,2,8.4,0.942739,1.0,-1.0,0.942739,-51.850638,59.76888,7.918242,2536.946678,,0.0
2023-11-07,Active2,CAL,19200,19406.7,CAL.NIF50.19200.20231123,284.35,324.4,324.4,997,24500,CAL.NIF50.19200.20231130,345.0,360.45,360.45,15612,1027100,2023-11-23,2023-11-30,0.2133,0.1111,2,-27.32,0.824203,1.0,-1.0,0.824203,-33.009326,10.495346,-22.51398,2514.432698,,-22.51398
2023-11-08,Active2,CAL,19200,19443.5,CAL.NIF50.19200.20231123,336.0,332.5,332.5,1766,22300,CAL.NIF50.19200.20231130,375.0,368.95,368.95,11430,873700,2023-11-23,2023-11-30,0.1161,0.1096,2,-1.92,0.824203,1.0,-1.0,0.824203,-6.676043,5.774139,-0.901905,2513.530793,,-23.415885
2023-11-09,Active2,CAL,19200,19395.3,CAL.NIF50.19200.20231123,330.1,318.85,318.85,1559,25700,CAL.NIF50.19200.20231130,370.05,361.4,361.4,9100,860500,2023-11-23,2023-11-30,0.121,0.1334,2,3.53,0.824203,1.0,-1.0,0.824203,11.25037,-5.128794,6.121576,2519.652369,,-17.294309
2023-11-10,Active2,CAL,19100,19425.35,CAL.NIF50.19100.20231123,327.95,390.15,390.15,829,11050,CAL.NIF50.19100.20231130,380.0,424.05,424.05,5662,799800,2023-11-23,2023-11-30,0.1587,0.0869,2,-24.18,0.863026,1.0,-1.0,0.863026,-53.680237,32.809075,-20.871162,2498.781207,,-38.165471
2023-11-13,Active2,CAL,19200,19443.55,CAL.NIF50.19200.20231123,329.55,310.8,310.8,2211,52250,CAL.NIF50.19200.20231130,372.1,358.35,358.35,5913,791950,2023-11-23,2023-11-30,0.1291,0.153,2,6.57,0.885649,1.0,-1.0,0.885649,16.605919,-10.785145,5.820774,2504.601981,,-32.344697
2023-11-15,Active2,CAL,19200,19675.45,CAL.NIF50.19200.20231130,488.0,548.95,548.95,13394,569700,CAL.NIF50.19200.20231207,0.0,413.85,609.95,0,19500,2023-11-30,2023-12-07,-1.0,-0.2461,2,,,1.0,0.0,0.0,0.0,0.0,0.0,2504.601981,"2023-11-15 00:00:00: Leg2_Open missing, used Leg2_Settle; 2023-11-15 00:00:00: no open-price ratio (leg open<=0), trade skipped",-32.344697
2023-11-16,Active2,CAL,19400,19765.2,CAL.NIF50.19400.20231130,369.2,465.0,465.0,25208,935750,CAL.NIF50.19400.20231207,413.15,520.3,520.3,214,38400,2023-11-30,2023-12-07,0.119,0.1189,2,-0.05,0.893622,1.0,-1.0,0.893622,-85.609004,85.565767,-0.043237,2504.558744,,-32.387934
2023-11-17,Active2,CAL,19500,19731.8,CAL.NIF50.19500.20231130,395.0,354.0,354.0,19859,1903950,CAL.NIF50.19500.20231207,404.45,420.05,420.05,486,96850,2023-11-30,2023-12-07,0.0239,0.1866,2,56.24,0.976635,1.0,-1.0,0.976635,40.042032,14.879526,54.921559,2559.480303,,0.0
2023-11-20,Active2,CAL,19500,19694.0,CAL.NIF50.19500.20231130,335.95,298.6,298.6,28166,1678250,CAL.NIF50.19500.20231207,398.95,370.25,370.25,1292,103550,2023-11-30,2023-12-07,0.1875,0.24,2,13.18,0.976635,1.0,-1.0,0.976635,54.105575,-47.500027,6.605549,2566.085851,,0.0
2023-11-21,Active2,CAL,19400,19783.4,CAL.NIF50.19400.20231207,500.0,523.75,523.75,142,43650,CAL.NIF50.19400.20231214,0.0,512.75,543.4,0,950,2023-12-07,2023-12-14,-1.0,-0.021,2,,,1.0,0.0,0.0,0.0,0.0,0.0,2566.085851,"2023-11-21 00:00:00: Leg2_Open missing, used Leg2_Settle; 2023-11-21 00:00:00: no open-price ratio (leg open<=0), trade skipped",0.0
2023-11-22,Active2,CAL,19500,19811.85,CAL.NIF50.19500.20231207,447.0,474.5,474.5,1139,127100,CAL.NIF50.19500.20231214,518.0,514.0,514.0,2,4850,2023-12-07,2023-12-14,0.1588,0.0832,2,-30.95,0.862934,1.0,-1.0,0.862934,-23.730695,-2.978623,-26.709318,2539.376534,,-26.709318
2023-11-23,Active2,CAL,19600,19802.0,CAL.NIF50.19600.20231207,398.65,365.25,365.25,4736,171000,CAL.NIF50.19600.20231214,442.65,425.0,397.1,12,5350,2023-12-07,2023-12-14,0.1104,0.1636,2,17.5,0.900599,1.0,-1.0,0.900599,30.079995,-14.315526,15.76447,2555.141003,,-10.944848
2023-11-24,Active2,CAL,19600,19794.7,CAL.NIF50.19600.20231207,377.05,323.15,323.15,1988,179200,CAL.NIF50.19600.20231214,397.1,365.35,365.35,102,7100,2023-12-07,2023-12-14,0.0532,0.1306,2,23.75,0.900599,1.0,-1.0,0.900599,37.915204,-48.3808,-10.465596,2544.675407,,-21.410445
2023-11-28,Active2,CAL,19500,19889.7,CAL.NIF50.19500.20231214,465.05,546.55,546.55,365,23350,CAL.NIF50.19500.20231221,500.0,588.75,588.75,44,3750,2023-12-14,2023-12-21,0.0752,0.0772,2,1.05,0.9301,1.0,-1.0,0.9301,-75.80315,76.776383,0.973233,2545.64864,,-20.437211
2023-11-29,Active2,CAL,19600,20096.6,CAL.NIF50.19600.20231214,481.35,626.1,626.1,229,6800,CAL.NIF50.19600.20231221,0.0,417.6,629.7,0,0,2023-12-14,2023-12-21,-1.0,-0.333,2,,,1.0,0.0,0.0,0.0,0.0,0.0,2545.64864,"2023-11-29 00:00:00: Leg2_Open missing, used Leg2_Settle; 2023-11-29 00:00:00: no open-price ratio (leg open<=0), trade skipped",-20.437211
2023-11-30,Active2,CAL,19800,20133.15,CAL.NIF50.19800.20231214,458.0,485.05,485.05,2304,42200,CAL.NIF50.19800.20231221,483.4,530.85,530.85,222,10450,2023-12-14,2023-12-21,0.0555,0.0944,2,17.91,0.947456,1.0,-1.0,0.947456,-25.628672,42.594535,16.965863,2562.614503,,-3.471348
2023-12-01,Active2,CAL,19900,20267.9,CAL.NIF50.19900.20231214,445.0,475.45,475.45,1145,69100,CAL.NIF50.19900.20231221,498.6,523.95,523.95,166,3750,2023-12-14,2023-12-21,0.1204,0.102,2,-7.83,0.892499,1.0,-1.0,0.892499,-27.176594,20.192656,-6.983939,2555.630564,,-10.455287
2023-12-04,Active2,CAL,20000,20686.8,CAL.NIF50.20000.20231214,575.0,755.1,755.1,7209,199100,CAL.NIF50.20000.20231221,643.0,795.85,795.85,306,14000,2023-12-14,2023-12-21,0.1183,0.054,2,-43.41,0.894246,1.0,-1.0,0.894246,-161.053655,122.230387,-38.823268,2516.807296,,-49.278555
2023-12-05,Active2,CAL,20400,20855.1,CAL.NIF50.20400.20231221,475.0,579.2,579.2,1303,33600,CAL.NIF50.20400.20231228,492.1,612.35,612.35,9239,681850,2023-12-21,2023-12-28,0.036,0.0572,2,11.87,0.965251,1.0,-1.0,0.965251,-100.579151,112.038058,11.458908,2528.266204,,-37.819647
2023-12-06,Active2,CAL,20600,20937.7,CAL.NIF50.20600.20231221,476.3,487.35,487.35,554,63450,CAL.NIF50.20600.20231228,510.0,526.7,526.7,10033,784500,2023-12-21,2023-12-28,0.0708,0.0807,2,4.55,0.933922,1.0,-1.0,0.933922,-10.319833,14.565899,4.246065,2532.51227,,-33.573582
2023-12-07,Active2,CAL,20700,20901.15,CAL.NIF50.20700.20231221,358.05,377.9,377.9,2123,83100,CAL.NIF50.20700.20231228,451.05,424.55,424.55,11126,690800,2023-12-21,2023-12-28,0.2597,0.1234,2,-40.89,0.793814,1.0,-1.0,0.793814,-15.757216,-16.698746,-32.455962,2500.056307,,-66.029544
2023-12-08,Active2,CAL,20700,20969.4,CAL.NIF50.20700.20231221,342.0,400.1,400.1,1397,74400,CAL.NIF50.20700.20231228,428.7,447.8,447.8,11615,638950,2023-12-21,2023-12-28,0.2535,0.1192,2,-42.86,0.793814,1.0,-1.0,0.793814,-17.62268,14.650786,-2.971894,2497.084413,,-69.001438
2023-12-11,Active2,CAL,20700,20997.1,CAL.NIF50.20700.20231221,392.45,398.4,398.4,940,79900,CAL.NIF50.20700.20231228,439.75,451.2,451.2,5088,594500,2023-12-21,2023-12-28,0.1205,0.1325,2,4.27,0.793814,1.0,-1.0,0.793814,1.349485,2.142481,3.491965,2500.576378,,-65.509473
2023-12-12,Active2,CAL,20700,20906.4,CAL.NIF50.20700.20231228,474.95,402.0,402.0,4463,574300,CAL.NIF50.20700.20240104,510.35,444.55,444.55,17,4600,2023-12-28,2024-01-04,0.0745,0.1058,2,11.71,0.930636,1.0,-1.0,0.930636,67.889884,-56.988266,10.901619,2511.477997,,-54.607854
2023-12-13,Active2,CAL,20700,20926.35,CAL.NIF50.20700.20231228,405.0,387.9,387.9,22330,503700,CAL.NIF50.20700.20240104,465.0,465.7,465.7,504,15250,2023-12-28,2024-01-04,0.1481,0.2006,2,17.71,0.930636,1.0,-1.0,0.930636,13.121965,18.317657,31.439622,2542.917619,,-23.168232
2023-12-14,Active2,CAL,20700,21182.7,CAL.NIF50.20700.20231228,475.4,639.95,639.95,11827,517950,CAL.NIF50.20700.20240104,586.2,709.05,709.05,37,14850,2023-12-28,2024-01-04,0.2331,0.108,2,-64.92,0.930636,1.0,-1.0,0.930636,-234.566763,210.761313,-23.80545,2519.11217,,-46.973682
2023-12-15,Active2,CAL,20900,21456.65,CAL.NIF50.20900.20231228,537.9,686.85,686.85,12853,816650,CAL.NIF50.20900.20240104,585.5,748.35,748.35,169,32000,2023-12-28,2024-01-04,0.0885,0.0895,2,0.66,0.918702,1.0,-1.0,0.918702,-136.840658,137.447566,0.606908,2519.719078,,-46.366774
2023-12-18,Active2,CAL,21200,21418.65,CAL.NIF50.21200.20231228,361.0,346.25,346.25,24245,1264750,CAL.NIF50.21200.20240104,424.95,432.7,432.7,565,34400,2023-12-28,2024-01-04,0.1771,0.2497,2,21.33,0.849512,1.0,-1.0,0.849512,12.530298,5.592944,18.123241,2537.842319,,-28.243532
2023-12-19,Active2,CAL,21200,21453.1,CAL.NIF50.21200.20240104,440.0,469.8,469.8,1241,37050,CAL.NIF50.21200.20240111,503.3,530.1,530.1,232,12100,2024-01-04,2024-01-11,0.1439,0.1284,2,-6.37,0.87423,1.0,-1.0,0.87423,-26.052056,20.482657,-5.5694,2532.272919,,-33.812932
2023-12-20,Active2,CAL,21200,21150.15,CAL.NIF50.21200.20240104,537.0,259.7,259.7,6478,119800,CAL.NIF50.21200.20240111,615.6,328.75,328.75,318,17600,2024-01-04,2024-01-11,0.1464,0.2659,2,27.08,0.87423,1.0,-1.0,0.87423,183.67574,-153.887423,29.788317,2562.061237,,-4.024615
2023-12-21,Active2,CAL,20900,21255.05,CAL.NIF50.20900.20240104,386.85,575.15,575.15,883,33450,CAL.NIF50.20900.20240111,610.85,613.3,613.3,2,2800,2024-01-04,2024-01-11,0.579,0.0663,2,-186.75,0.633298,1.0,-1.0,0.633298,-119.249988,0.982612,-118.267376,2443.793861,,-122.29199
2023-12-22,Active2,CAL,21000,21349.4,CAL.NIF50.21000.20240104,472.55,540.05,540.05,11614,283700,CAL.NIF50.21000.20240111,526.95,610.15,610.15,845,51500,2024-01-04,2024-01-11,0.1151,0.1298,2,7.11,0.896764,1.0,-1.0,0.896764,-60.531597,66.908307,6.37671,2450.170572,,-115.91528
2023-12-26,Active2,CAL,21100,21441.35,CAL.NIF50.21100.20240111,532.0,585.5,585.5,102,6200,CAL.NIF50.21100.20240118,631.85,652.3,652.3,10,500,2024-01-11,2024-01-18,0.1877,0.1141,2,-36.28,0.841972,1.0,-1.0,0.841972,-45.045501,14.497349,-30.548152,2419.62242,,-146.463432
2023-12-27,Active2,CAL,21200,21654.75,CAL.NIF50.21200.20240111,523.3,671.45,671.45,702,20300,CAL.NIF50.21200.20240118,635.0,740.2,740.2,15,1450,2024-01-11,2024-01-18,0.2135,0.1024,2,-61.46,0.824094,1.0,-1.0,0.824094,-122.089598,71.444658,-50.644941,2368.977479,,-197.108373
2023-12-28,Active2,CAL,21400,21778.7,CAL.NIF50.21400.20240111,549.95,565.6,565.6,3243,67550,CAL.NIF50.21400.20240118,655.95,642.75,642.75,145,3800,2024-01-11,2024-01-18,0.1927,0.1364,2,-26.72,0.838402,1.0,-1.0,0.838402,-13.120996,-9.278523,-22.39952,2346.577959,,-219.507892
2023-12-29,Active2,CAL,21500,21731.4,CAL.NIF50.21500.20240111,473.05,417.2,417.2,5515,214200,CAL.NIF50.21500.20240118,515.2,498.25,498.25,688,25000,2024-01-11,2024-01-18,0.0891,0.1943,2,40.29,0.918187,1.0,-1.0,0.918187,51.28075,-14.289995,36.990755,2383.568714,,-182.517138
2024-01-01,Active2,CAL,21500,21741.9,CAL.NIF50.21500.20240111,406.0,421.2,421.2,7522,129400,CAL.NIF50.21500.20240118,480.4,492.75,492.75,739,18050,2024-01-11,2024-01-18,0.1833,0.1699,2,-4.76,0.918187,1.0,-1.0,0.918187,-3.672748,-4.636872,-8.30962,2375.259094,,-190.826758
2024-01-02,Active2,CAL,21500,21665.8,CAL.NIF50.21500.20240118,458.0,380.4,380.4,1091,17850,CAL.NIF50.21500.20240125,505.0,454.35,454.35,23934,1562500,2024-01-18,2024-01-25,0.1026,0.1944,2,31.66,0.906931,1.0,-1.0,0.906931,70.377822,-41.660804,28.717018,2403.976111,,-162.10974
2024-01-03,Active2,CAL,21400,21517.35,CAL.NIF50.21400.20240118,411.85,319.6,319.6,369,7400,CAL.NIF50.21400.20240125,489.95,396.85,396.85,4325,501950,2024-01-18,2024-01-25,0.1896,0.2417,2,13.99,0.840596,1.0,-1.0,0.840596,77.544979,-65.784609,11.76037,2415.736481,,-150.34937
2024-01-04,Active2,CAL,21300,21658.6,CAL.NIF50.21300.20240118,429.95,494.65,494.65,316,15550,CAL.NIF50.21300.20240125,493.6,581.55,581.55,2772,367250,2024-01-18,2024-01-25,0.148,0.1757,2,11.91,0.871049,1.0,-1.0,0.871049,-56.356898,66.73005,10.373151,2426.109633,,-139.976219
2024-01-05,Active2,CAL,21400,21710.8,CAL.NIF50.21400.20240118,426.9,416.5,416.5,3218,133250,CAL.NIF50.21400.20240125,520.25,496.95,496.95,5854,477250,2024-01-18,2024-01-25,0.2187,0.1932,2,-8.72,0.820567,1.0,-1.0,0.820567,8.533897,-15.688595,-7.154698,2418.954935,,-147.130917
2024-01-08,Active2,CAL,21500,21513.0,CAL.NIF50.21500.20240118,322.55,203.7,203.7,31992,356800,CAL.NIF50.21500.20240125,430.0,284.45,284.45,47701,1598950,2024-01-18,2024-01-25,0.3331,0.3964,2,9.67,0.750116,1.0,-1.0,0.750116,89.15132,-81.897264,7.254056,2426.208991,,-139.87686
2024-01-09,Active2,CAL,21300,21544.85,CAL.NIF50.21300.20240125,483.05,426.0,426.0,3662,361300,CAL.NIF50.21300.20240201,560.0,525.1,525.1,7,2100,2024-01-25,2024-02-01,0.1593,0.2326,2,26.95,0.862589,1.0,-1.0,0.862589,49.210719,-25.967704,23.243015,2449.452006,,-116.633845
2024-01-10,Active2,CAL,21300,21618.7,CAL.NIF50.21300.20240125,335.2,487.85,487.85,7525,362350,CAL.NIF50.21300.20240201,501.45,573.9,573.9,891,30750,2024-01-25,2024-02-01,0.496,0.1764,2,-104.22,0.862589,1.0,-1.0,0.862589,-53.351147,36.310141,-17.041006,2432.411,,-133.674851
2024-01-11,Active2,CAL,21400,21647.2,CAL.NIF50.21400.20240125,431.0,377.85,377.85,5481,474000,CAL.NIF50.21400.20240201,504.6,471.6,471.6,271,23500,2024-01-25,2024-02-01,0.1708,0.2481,2,24.96,0.854142,1.0,-1.0,0.854142,45.397642,-24.075426,21.322215,2453.733216,,-112.352636
2024-01-12,Active2,CAL,21400,21894.55,CAL.NIF50.21400.20240125,420.0,597.0,597.0,6837,383400,CAL.NIF50.21400.20240201,582.45,685.0,632.3,16,23450,2024-01-25,2024-02-01,0.3868,0.1474,2,-103.05,0.854142,1.0,-1.0,0.854142,-187.185196,155.687757,-31.497439,2422.235777,,-143.850075
2024-01-15,Active2,CAL,21600,22097.45,CAL.NIF50.21600.20240125,500.0,587.1,587.1,9865,958700,CAL.NIF50.21600.20240201,610.25,673.75,673.75,173,52250,2024-01-25,2024-02-01,0.2205,0.1476,2,-35.07,0.819336,1.0,-1.0,0.819336,-71.364195,42.628314,-28.735881,2393.499896,,-172.585955
2024-01-16,Active2,CAL,21800,22032.3,CAL.NIF50.21800.20240201,454.45,428.8,428.8,1008,32750,CAL.NIF50.21800.20240208,521.55,480.15,480.15,218,13000,2024-02-01,2024-02-08,0.1477,0.1198,2,-10.42,0.871345,1.0,-1.0,0.871345,22.35,-31.432625,-9.082625,2384.417271,,-181.668581
2024-01-17,Active2,CAL,21800,21571.95,CAL.NIF50.21800.20240201,317.9,216.65,216.65,14309,161450,CAL.NIF50.21800.20240208,374.6,280.95,280.95,1262,25750,2024-02-01,2024-02-08,0.1784,0.2968,2,21.77,0.871345,1.0,-1.0,0.871345,184.855848,-151.241038,33.61481,2418.03208,,-148.053771
2024-01-18,Active2,CAL,21300,21462.25,CAL.NIF50.21300.20240201,439.45,425.8,425.8,7066,55850,CAL.NIF50.21300.20240208,471.0,495.65,495.65,247,4250,2024-02-01,2024-02-08,0.0718,0.164,2,36.65,0.933015,1.0,-1.0,0.933015,12.735653,21.458237,34.19389,2452.225971,,-113.859881
2024-01-19,Active2,CAL,21200,21622.4,CAL.NIF50.21200.20240201,570.05,595.2,595.2,759,26750,CAL.NIF50.21200.20240208,0.0,763.15,573.95,0,0,2024-02-01,2024-02-08,-1.0,0.2822,2,,,1.0,0.0,0.0,0.0,0.0,0.0,2452.225971,"2024-01-19 00:00:00: Leg2_Open missing, used Leg2_Settle; 2024-01-19 00:00:00: no open-price ratio (leg open<=0), trade skipped",-113.859881
2024-01-23,Active2,CAL,21400,21238.8,CAL.NIF50.21400.20240208,512.15,246.15,246.15,4464,55000,CAL.NIF50.21400.20240215,545.0,293.95,293.95,723,11200,2024-02-08,2024-02-15,0.0641,0.1942,2,30.08,0.939725,1.0,-1.0,0.939725,249.966789,-221.697898,28.268891,2480.494862,,-85.59099
2024-01-24,Active2,CAL,21000,21453.95,CAL.NIF50.21000.20240208,479.95,650.75,650.75,2183,16350,CAL.NIF50.21000.20240215,530.0,689.45,689.45,144,1900,2024-02-08,2024-02-15,0.1043,0.0595,2,-26.41,0.905566,1.0,-1.0,0.905566,-154.670679,130.756948,-23.913731,2456.581131,,-109.504721
2024-01-25,Active2,CAL,21200,21352.6,CAL.NIF50.21200.20240208,478.8,394.35,394.35,5308,64100,CAL.NIF50.21200.20240215,475.0,443.25,443.25,248,7350,2024-02-08,2024-02-15,-0.0079,0.124,2,52.45,1.008,1.0,-1.0,1.008,85.1256,-32.260032,52.865568,2509.446699,,-56.639153
2024-01-29,Active2,CAL,21100,21737.6,CAL.NIF50.21100.20240208,549.05,767.15,767.15,703,23550,CAL.NIF50.21100.20240215,645.0,809.2,735.55,11,1300,2024-02-08,2024-02-15,0.1748,0.0548,2,-78.33,0.85124,1.0,-1.0,0.85124,-185.655512,118.980973,-66.674539,2442.77216,,-123.313691
2024-01-30,Active2,CAL,21500,21522.1,CAL.NIF50.21500.20240215,551.5,361.95,361.95,899,37650,CAL.NIF50.21500.20240222,580.0,408.2,408.2,318,15200,2024-02-15,2024-02-22,0.0517,0.1278,2,26.19,0.950862,1.0,-1.0,0.950862,180.235905,-155.331024,24.904881,2467.677041,,-98.408811
2024-01-31,Active2,CAL,21300,21725.7,CAL.NIF50.21300.20240215,469.85,597.95,597.95,152,8900,CAL.NIF50.21300.20240222,600.0,638.2,638.2,10,3250,2024-02-15,2024-02-22,0.277,0.0673,2,-98.19,0.783083,1.0,-1.0,0.783083,-100.312975,23.424985,-76.88799,2390.789051,,-175.2968
2024-02-01,Active2,CAL,21500,21697.45,CAL.NIF50.21500.20240215,466.0,367.0,367.0,2957,88350,CAL.NIF50.21500.20240222,518.8,421.65,421.65,360,12550,2024-02-15,2024-02-22,0.1133,0.1489,2,11.74,0.898227,1.0,-1.0,0.898227,88.924441,-78.381705,10.542737,2401.331788,,-164.754064
2024-02-02,Active2,CAL,21400,21853.8,CAL.NIF50.21400.20240215,530.0,576.95,576.95,306,7650,CAL.NIF50.21400.20240222,624.95,670.0,604.1,7,2350,2024-02-15,2024-02-22,0.1792,0.1613,2,-8.74,0.848068,1.0,-1.0,0.848068,-39.816785,32.400819,-7.415966,2393.915821,,-172.17003
2024-02-05,Active2,CAL,21600,21771.7,CAL.NIF50.21600.20240215,403.35,317.5,317.5,4248,96650,CAL.NIF50.21600.20240222,482.0,374.45,374.45,198,7850,2024-02-15,2024-02-22,0.195,0.1794,2,-4.15,0.836826,1.0,-1.0,0.836826,71.841489,-75.314823,-3.473335,2390.442487,,-175.643365
2024-02-06,Active2,CAL,21500,21929.4,CAL.NIF50.21500.20240222,465.55,588.75,588.75,187,8300,CAL.NIF50.21500.20240229,510.0,630.85,630.85,9071,1150050,2024-02-22,2024-02-29,0.0955,0.0715,2,-12.88,0.912843,1.0,-1.0,0.912843,-112.462275,100.702201,-11.760073,2378.682414,,-187.403438
2024-02-07,Active2,CAL,21700,21930.5,CAL.NIF50.21700.20240222,499.35,426.5,426.5,373,13400,CAL.NIF50.21700.20240229,563.05,484.3,484.3,13690,531750,2024-02-22,2024-02-29,0.1276,0.1355,2,3.01,0.886866,1.0,-1.0,0.886866,64.608201,-61.939365,2.668836,2381.35125,,-184.734601
2024-02-08,Active2,CAL,21700,21717.95,CAL.NIF50.21700.20240222,426.65,303.9,303.9,5753,105150,CAL.NIF50.21700.20240229,510.0,371.45,371.45,41776,796400,2024-02-22,2024-02-29,0.1954,0.2223,2,6.84,0.886866,1.0,-1.0,0.886866,108.729793,-88.760093,19.969701,2401.320951,,-164.764901
2024-02-09,Active2,CAL,21500,21782.5,CAL.NIF50.21500.20240222,405.05,426.9,426.9,3011,26800,CAL.NIF50.21500.20240229,497.35,498.05,498.05,20579,1126200,2024-02-22,2024-02-29,0.2279,0.1667,2,-21.28,0.814416,1.0,-1.0,0.814416,-17.794998,0.464292,-17.330707,2383.990244,,-182.095607
2024-02-12,Active2,CAL,21500,21616.05,CAL.NIF50.21500.20240222,450.05,314.35,314.35,7721,69300,CAL.NIF50.21500.20240229,495.9,399.05,399.05,24600,1167250,2024-02-22,2024-02-29,0.1019,0.2694,2,47.8,0.814416,1.0,-1.0,0.814416,91.662567,-65.664134,25.998432,2409.988676,,-156.097175
2024-02-13,Active2,CAL,21400,21743.25,CAL.NIF50.21400.20240229,480.55,537.15,537.15,2912,199150,CAL.NIF50.21400.20240307,0.0,550.0,540.05,0,50,2024-02-29,2024-03-07,-1.0,0.0239,2,,,1.0,0.0,0.0,0.0,0.0,0.0,2409.988676,"2024-02-13 00:00:00: Leg2_Open missing, used Leg2_Settle; 2024-02-13 00:00:00: no open-price ratio (leg open<=0), trade skipped",-156.097175
2024-02-14,Active2,CAL,21500,21840.05,CAL.NIF50.21500.20240229,350.0,519.6,519.6,41682,1101050,CAL.NIF50.21500.20240307,438.6,615.25,615.25,686,26000,2024-02-29,2024-03-07,0.2531,0.1841,2,-28.63,0.797994,1.0,-1.0,0.797994,-135.339717,112.489627,-22.850091,2387.138586,,-178.947266
2024-02-15,Active2,CAL,21600,21910.75,CAL.NIF50.21600.20240229,479.95,496.35,496.35,13261,390050,CAL.NIF50.21600.20240307,560.0,600.2,600.2,345,15350,2024-02-29,2024-03-07,0.1668,0.2092,2,18.05,0.857054,1.0,-1.0,0.857054,-14.055679,29.528541,15.472863,2402.611448,,-163.474403
2024-02-16,Active2,CAL,21700,22040.7,CAL.NIF50.21700.20240229,486.55,486.7,486.7,13620,684650,CAL.NIF50.21700.20240307,569.75,583.25,583.25,1157,69750,2024-02-29,2024-03-07,0.171,0.1984,2,11.38,0.853971,1.0,-1.0,0.853971,-0.128096,9.845098,9.717003,2412.328451,,-153.757401
2024-02-19,Active2,CAL,21800,22122.25,CAL.NIF50.21800.20240229,444.4,463.75,463.75,10262,997650,CAL.NIF50.21800.20240307,528.55,560.05,560.05,628,189500,2024-02-29,2024-03-07,0.1894,0.2077,2,7.13,0.840791,1.0,-1.0,0.840791,-16.269303,22.268271,5.998968,2418.327419,,-147.758432
2024-02-20,Active2,CAL,21900,22196.95,CAL.NIF50.21900.20240307,485.35,520.45,520.45,360,63950,CAL.NIF50.21900.20240314,540.0,579.25,579.25,29,5950,2024-03-07,2024-03-14,0.1126,0.113,2,0.18,0.898796,1.0,-1.0,0.898796,-31.54775,31.707515,0.159765,2418.487184,,-147.598667
2024-02-21,Active2,CAL,21900,22055.05,CAL.NIF50.21900.20240307,527.0,396.95,396.95,691,68800,CAL.NIF50.21900.20240314,600.0,462.55,462.55,18,5950,2024-03-07,2024-03-14,0.1385,0.1653,2,9.32,0.898796,1.0,-1.0,0.898796,111.001343,-94.274319,16.727024,2435.214208,,-130.871644
2024-02-22,Active2,CAL,21800,22217.45,CAL.NIF50.21800.20240307,480.4,585.55,585.55,2247,185450,CAL.NIF50.21800.20240314,485.1,653.25,653.25,51,7050,2024-03-07,2024-03-14,0.0098,0.1156,2,61.37,0.990311,1.0,-1.0,0.990311,-104.131231,164.907467,60.776236,2495.990444,,-70.095408
2024-02-23,Active2,CAL,22000,22212.7,CAL.NIF50.22000.20240307,462.05,414.7,414.7,9338,926650,CAL.NIF50.22000.20240314,521.0,492.1,492.1,3150,108800,2024-03-07,2024-03-14,0.1276,0.1866,2,21.72,0.886852,1.0,-1.0,0.886852,41.992452,-22.730048,19.262404,2515.252848,,-50.833003
2024-02-26,Active2,CAL,22000,22122.05,CAL.NIF50.22000.20240307,397.35,352.95,352.95,16897,989950,CAL.NIF50.22000.20240314,473.9,435.75,435.75,2462,138450,2024-03-07,2024-03-14,0.1927,0.2346,2,12.41,0.886852,1.0,-1.0,0.886852,54.763124,-44.31966,10.443464,2525.696312,,-40.38954
2024-02-27,Active2,CAL,21900,22198.35,CAL.NIF50.21900.20240314,500.0,520.15,520.15,176,7100,CAL.NIF50.21900.20240321,561.0,561.45,510.2,2,850,2024-03-14,2024-03-21,0.122,0.0794,2,-19.75,0.891266,1.0,-1.0,0.891266,-17.959002,0.357459,-17.601542,2508.094769,,-57.991082
2024-02-28,Active2,CAL,21900,21951.15,CAL.NIF50.21900.20240314,540.0,344.65,344.65,1569,24350,CAL.NIF50.21900.20240321,561.45,414.3,414.3,21,1100,2024-03-14,2024-03-21,0.0397,0.2021,2,53.82,0.891266,1.0,-1.0,0.891266,156.417112,-116.889245,39.527868,2547.622637,,-18.463214
2024-02-29,Active2,CAL,21700,21982.8,CAL.NIF50.21700.20240314,477.5,513.85,513.85,248,7750,CAL.NIF50.21700.20240321,0.0,607.35,480.55,0,0,2024-03-14,2024-03-21,-1.0,0.182,2,,,1.0,0.0,0.0,0.0,0.0,0.0,2547.622637,"2024-02-29 00:00:00: Leg2_Open missing, used Leg2_Settle; 2024-02-29 00:00:00: no open-price ratio (leg open<=0), trade skipped",-18.463214
2024-03-01,Active2,CAL,21700,22338.75,CAL.NIF50.21700.20240314,566.05,734.5,734.5,247,12300,CAL.NIF50.21700.20240321,0.0,607.35,760.3,0,0,2024-03-14,2024-03-21,-1.0,-0.1731,2,,,1.0,0.0,0.0,0.0,0.0,0.0,2547.622637,"2024-03-01 00:00:00: Leg2_Open missing, used Leg2_Settle; 2024-03-01 00:00:00: no open-price ratio (leg open<=0), trade skipped",-18.463214
2024-03-04,Active2,CAL,22100,22405.6,CAL.NIF50.22100.20240314,452.95,415.25,415.25,1703,88800,CAL.NIF50.22100.20240321,530.0,490.7,490.7,139,5550,2024-03-14,2024-03-21,0.1701,0.1817,2,4.11,0.854623,1.0,-1.0,0.854623,32.219274,-28.703928,3.515345,2551.137982,,-14.947869
2024-03-05,Active2,CAL,22200,22356.3,CAL.NIF50.22200.20240321,410.5,359.75,359.75,726,45850,CAL.NIF50.22200.20240328,468.0,433.75,433.75,42207,1275300,2024-03-21,2024-03-28,0.1401,0.2057,2,20.71,0.877137,1.0,-1.0,0.877137,44.51469,-26.350884,18.163806,2569.301788,,0.0
2024-03-06,Active2,CAL,22100,22474.05,CAL.NIF50.22100.20240321,390.0,541.6,541.6,254,5650,CAL.NIF50.22100.20240328,472.05,613.8,613.8,5889,431100,2024-03-21,2024-03-28,0.2104,0.1333,2,-34.49,0.826184,1.0,-1.0,0.826184,-125.249444,96.755637,-28.493807,2540.807981,,-28.493807
2024-03-07,Active2,CAL,22200,22493.55,CAL.NIF50.22200.20240321,454.95,401.85,401.85,631,51250,CAL.NIF50.22200.20240328,541.6,484.4,484.4,25632,776200,2024-03-21,2024-03-28,0.1905,0.2054,2,5.05,0.840011,1.0,-1.0,0.840011,44.604588,-40.361385,4.243204,2545.051185,,-24.250603
2024-03-11,Active2,CAL,22200,22332.65,CAL.NIF50.22200.20240321,409.95,303.6,303.6,3258,80150,CAL.NIF50.22200.20240328,459.95,382.95,382.95,9530,673200,2024-03-21,2024-03-28,0.122,0.2614,2,37.72,0.840011,1.0,-1.0,0.840011,82.531088,-71.585008,10.94608,2555.997265,,-13.304523
2024-03-12,Active2,CAL,22100,22335.7,CAL.NIF50.22100.20240328,451.65,458.8,458.8,2658,404750,CAL.NIF50.22100.20240404,0.0,684.25,467.4,0,2850,2024-03-28,2024-04-04,-1.0,0.4914,2,,,1.0,0.0,0.0,0.0,0.0,0.0,2555.997265,"2024-03-12 00:00:00: Leg2_Open missing, used Leg2_Settle; 2024-03-12 00:00:00: no open-price ratio (leg open<=0), trade skipped",-13.304523
2024-03-13,Active2,CAL,22100,21997.7,CAL.NIF50.22100.20240328,477.0,250.5,250.5,49383,618150,CAL.NIF50.22100.20240404,439.15,332.1,332.1,872,35650,2024-03-28,2024-04-04,-0.0794,0.3257,2,110.22,,1.0,0.0,0.0,0.0,0.0,0.0,2555.997265,"2024-03-13 00:00:00: no open-price ratio (leg open<=0), trade skipped",-13.304523
2024-03-14,Active2,CAL,21700,22146.65,CAL.NIF50.21700.20240328,479.55,621.85,621.85,2096,106000,CAL.NIF50.21700.20240404,0.0,874.25,605.5,0,0,2024-03-28,2024-04-04,-1.0,0.4059,2,,,1.0,0.0,0.0,0.0,0.0,0.0,2555.997265,"2024-03-14 00:00:00: Leg2_Open missing, used Leg2_Settle; 2024-03-14 00:00:00: no open-price ratio (leg open<=0), trade skipped",-13.304523
2024-03-15,Active2,CAL,21900,22023.35,CAL.NIF50.21900.20240328,379.9,349.65,349.65,23917,327100,CAL.NIF50.21900.20240404,481.3,448.2,448.2,981,33600,2024-03-28,2024-04-04,0.2669,0.2819,2,4.12,0.789321,1.0,-1.0,0.789321,23.876948,-20.622193,3.254754,2559.25202,,-10.049768
2024-03-18,Active2,CAL,21800,22055.7,CAL.NIF50.21800.20240328,393.95,403.9,403.9,13655,235650,CAL.NIF50.21800.20240404,484.0,520.6,520.6,1182,49850,2024-03-28,2024-04-04,0.2286,0.2889,2,19.84,0.813946,1.0,-1.0,0.813946,-8.098765,24.247813,16.149047,2575.401067,,0.0
2024-03-19,Active2,CAL,21800,21817.45,CAL.NIF50.21800.20240404,493.3,347.15,347.15,4013,117050,CAL.NIF50.21800.20240410,460.2,408.3,408.3,75,1900,2024-04-04,2024-04-10,-0.0671,0.1761,2,90.52,1.071925,1.0,-1.0,1.071925,156.661875,-59.634332,97.027543,2672.42861,,0.0
2024-03-20,Active2,CAL,21600,21839.1,CAL.NIF50.21600.20240404,521.95,489.4,489.4,381,20950,CAL.NIF50.21600.20240410,567.55,556.5,447.75,17,500,2024-04-04,2024-04-10,0.0874,0.1371,2,22.39,0.919655,1.0,-1.0,0.919655,29.934759,-9.3457,20.589059,2693.017669,,0.0
2024-03-21,Active2,CAL,21600,22011.95,CAL.NIF50.21600.20240404,598.15,626.2,626.2,187,21950,CAL.NIF50.21600.20240410,619.25,675.25,675.25,7,550,2024-04-04,2024-04-10,0.0353,0.0783,2,26.04,0.919655,1.0,-1.0,0.919655,-125.808757,100.434556,-25.3742,2667.643469,,-25.3742
2024-03-22,Active2,CAL,21800,22096.75,CAL.NIF50.21800.20240404,414.05,504.7,504.7,5642,138850,CAL.NIF50.21800.20240410,452.0,564.5,564.5,341,4950,2024-04-04,2024-04-10,0.0917,0.1185,2,12.4,0.91604,1.0,-1.0,0.91604,-83.03901,94.402008,11.362998,2679.006467,,-14.011203
2024-03-26,Active2,CAL,21800,22004.7,CAL.NIF50.21800.20240410,564.5,495.85,495.85,453,6850,CAL.NIF50.21800.20240418,0.0,569.0,442.0,0,50,2024-04-10,2024-04-18,-1.0,0.1475,2,,,1.0,0.0,0.0,0.0,0.0,0.0,2679.006467,"2024-03-26 00:00:00: Leg2_Open missing, used Leg2_Settle; 2024-03-26 00:00:00: no open-price ratio (leg open<=0), trade skipped",-14.011203
2024-03-27,Active2,CAL,21800,22123.65,CAL.NIF50.21800.20240410,489.9,542.15,542.15,250,11400,CAL.NIF50.21800.20240418,540.0,540.0,518.1,1,100,2024-04-10,2024-04-18,0.1023,-0.004,2,-52.25,,1.0,0.0,0.0,0.0,0.0,0.0,2679.006467,"2024-03-27 00:00:00: no open-price ratio (leg open<=0), trade skipped",-14.011203
2024-03-28,Active2,CAL,21900,22326.9,CAL.NIF50.21900.20240410,479.95,561.05,561.05,498,8150,CAL.NIF50.21900.20240418,610.0,686.0,590.8,35,1450,2024-04-10,2024-04-18,0.271,0.2227,2,-21.3,0.786803,1.0,-1.0,0.786803,-63.809746,47.048514,-16.761232,2662.245235,,-30.772434
2024-04-01,Active2,CAL,22100,22462.0,CAL.NIF50.22100.20240410,444.0,476.65,476.65,1614,72850,CAL.NIF50.22100.20240418,559.0,538.9,551.1,12,9150,2024-04-10,2024-04-18,0.259,0.1306,2,-48.61,0.794275,1.0,-1.0,0.794275,-25.933095,-12.680558,-38.613653,2623.631582,,-69.386088
2024-04-02,Active2,CAL,22200,22453.3,CAL.NIF50.22200.20240418,426.3,429.05,429.05,173,25350,CAL.NIF50.22200.20240425,487.45,491.95,491.95,4697,477850,2024-04-18,2024-04-25,0.1434,0.1466,2,1.19,0.874551,1.0,-1.0,0.874551,-2.405016,3.441779,1.036763,2624.668345,,-68.349324
2024-04-03,Active2,CAL,22200,22434.65,CAL.NIF50.22200.20240418,350.0,403.3,403.3,519,26000,CAL.NIF50.22200.20240425,450.0,460.85,460.85,10742,429950,2024-04-18,2024-04-25,0.2857,0.1427,2,-44.86,0.874551,1.0,-1.0,0.874551,22.519694,-23.78652,-1.266825,2623.40152,,-69.61615
2024-04-04,Active2,CAL,22200,22514.65,CAL.NIF50.22200.20240418,425.0,445.95,445.95,804,27450,CAL.NIF50.22200.20240425,524.95,507.25,507.25,14576,421650,2024-04-18,2024-04-25,0.2352,0.1375,2,-35.28,0.874551,1.0,-1.0,0.874551,-37.29961,35.48857,-1.811041,2621.590479,,-71.42719
2024-04-05,Active2,CAL,22300,22513.7,CAL.NIF50.22300.20240418,340.05,344.75,344.75,2430,42950,CAL.NIF50.22300.20240425,405.7,414.15,414.15,8264,668400,2024-04-18,2024-04-25,0.1931,0.2013,2,2.38,0.838181,1.0,-1.0,0.838181,-3.93945,5.936524,1.997074,2623.587553,,-69.430116
2024-04-08,Active2,CAL,22300,22666.3,CAL.NIF50.22300.20240425,453.5,529.35,529.35,7128,684750,CAL.NIF50.22300.20240502,531.6,553.1,618.25,16,5150,2024-04-25,2024-05-02,0.1722,0.0449,2,-57.51,0.853085,1.0,-1.0,0.853085,-64.706499,15.646712,-49.059787,2574.527766,,-118.489903
2024-04-09,Active2,CAL,22400,22642.75,CAL.NIF50.22400.20240425,482.3,429.1,429.1,7374,999250,CAL.NIF50.22400.20240502,540.0,503.45,503.45,166,8700,2024-04-25,2024-05-02,0.1196,0.1733,2,20.56,0.893148,1.0,-1.0,0.893148,47.515481,-29.156433,18.359049,2592.886815,,-100.130854
2024-04-10,Active2,CAL,22400,22753.8,CAL.NIF50.22400.20240425,449.85,474.85,474.85,5693,968450,CAL.NIF50.22400.20240502,513.05,548.25,548.25,107,6350,2024-04-25,2024-05-02,0.1405,0.1546,2,5.86,0.893148,1.0,-1.0,0.893148,-40.861528,35.73757,-5.123958,2587.762857,,-105.254812
2024-04-12,Active2,CAL,22500,22519.4,CAL.NIF50.22500.20240425,335.0,249.25,249.25,85224,2570650,CAL.NIF50.22500.20240502,420.05,332.0,332.0,3463,74600,2024-04-25,2024-05-02,0.2539,0.332,2,15.53,0.797524,1.0,-1.0,0.797524,68.387692,-56.003736,12.383956,2600.146814,,-92.870856
2024-04-15,Active2,CAL,22300,22272.5,CAL.NIF50.22300.20240425,281.75,219.2,219.2,102255,1224950,CAL.NIF50.22300.20240502,462.25,309.5,309.5,4014,75000,2024-04-25,2024-05-02,0.6406,0.412,2,-30.55,0.609519,1.0,-1.0,0.609519,38.125392,-56.74861,-18.623218,2581.523596,,-111.494073
2024-04-16,Active2,CAL,22000,22147.9,CAL.NIF50.22000.20240502,411.05,395.15,395.15,3889,89700,CAL.NIF50.22000.20240509,423.7,465.9,465.9,11,350,2024-05-02,2024-05-09,0.0308,0.179,2,56.84,0.970144,1.0,-1.0,0.970144,15.425289,39.717767,55.143057,2636.666652,,-56.351017
2024-04-18,Active2,CAL,21900,21995.85,CAL.NIF50.21900.20240502,471.7,363.75,363.75,879,18000,CAL.NIF50.21900.20240509,0.0,893.25,403.45,0,0,2024-05-02,2024-05-09,-1.0,1.4557,2,,,1.0,0.0,0.0,0.0,0.0,0.0,2636.666652,"2024-04-18 00:00:00: Leg2_Open missing, used Leg2_Settle; 2024-04-18 00:00:00: no open-price ratio (leg open<=0), trade skipped",-56.351017
2024-04-19,Active2,CAL,21700,22147.0,CAL.NIF50.21700.20240502,407.15,576.35,576.35,3937,23000,CAL.NIF50.21700.20240509,481.85,637.7,632.95,136,650,2024-05-02,2024-05-09,0.1835,0.1064,2,-37.51,0.844973,1.0,-1.0,0.844973,-142.969347,111.273554,-31.695794,2604.970859,,-88.046811
2024-04-22,Active2,CAL,21900,22336.4,CAL.NIF50.21900.20240502,474.95,570.1,570.1,2903,150250,CAL.NIF50.21900.20240509,513.8,606.8,606.8,14,5700,2024-05-02,2024-05-09,0.0818,0.0644,2,-9.18,0.924387,1.0,-1.0,0.924387,-87.955416,79.46768,-8.487736,2596.483123,,-96.534546
2024-04-23,Active2,CAL,22100,22368.0,CAL.NIF50.22100.20240509,450.0,441.3,441.3,339,20300,CAL.NIF50.22100.20240516,508.45,503.15,535.6,23,3000,2024-05-09,2024-05-16,0.1299,0.1402,2,4.01,0.885043,1.0,-1.0,0.885043,7.699872,-4.151494,3.548378,2600.031501,,-92.986168
2024-04-24,Active2,CAL,22100,22402.4,CAL.NIF50.22100.20240509,474.95,450.15,450.15,112,20300,CAL.NIF50.22100.20240516,499.3,518.95,518.95,12,2950,2024-05-09,2024-05-16,0.0513,0.1528,2,43.49,0.885043,1.0,-1.0,0.885043,-7.832629,12.376151,4.543523,2604.575024,,-88.442645
2024-04-25,Active2,CAL,22200,22570.35,CAL.NIF50.22200.20240509,343.0,478.2,478.2,4104,89100,CAL.NIF50.22200.20240516,390.0,532.3,532.3,172,5200,2024-05-09,2024-05-16,0.137,0.1131,2,-10.05,0.879487,1.0,-1.0,0.879487,-118.906667,110.068723,-8.837944,2595.73708,,-97.280589
2024-04-26,Active2,CAL,22300,22419.95,CAL.NIF50.22300.20240509,376.15,329.3,329.3,8599,128700,CAL.NIF50.22300.20240516,445.15,389.0,389.0,636,7650,2024-05-09,2024-05-16,0.1834,0.1813,2,-0.6,0.844996,1.0,-1.0,0.844996,39.588066,-40.092131,-0.504065,2595.233015,,-97.784654
2024-04-29,Active2,CAL,22200,22643.4,CAL.NIF50.22200.20240509,428.05,536.7,536.7,3233,79450,CAL.NIF50.22200.20240516,495.0,581.45,581.45,69,5375,2024-05-09,2024-05-16,0.1564,0.0834,2,-33.89,0.864747,1.0,-1.0,0.864747,-93.954813,64.646289,-29.308524,2565.924491,,-127.093178
2024-04-30,Active2,CAL,22400,22604.85,CAL.NIF50.22400.20240516,457.65,404.0,404.0,564,8050,CAL.NIF50.22400.20240523,498.0,452.95,452.95,104,12050,2024-05-16,2024-05-23,0.0882,0.1212,2,12.25,0.918976,1.0,-1.0,0.918976,49.303057,-38.045478,11.257579,2577.182071,,-115.835599
2024-05-02,Active2,CAL,22400,22648.2,CAL.NIF50.22400.20240516,420.0,430.7,430.7,475,11725,CAL.NIF50.22400.20240523,459.7,480.7,480.7,102,12950,2024-05-16,2024-05-23,0.0945,0.1161,2,8.49,0.918976,1.0,-1.0,0.918976,-24.536657,23.435339,-1.101318,2576.080753,,-116.936916
2024-05-03,Active2,CAL,22400,22475.85,CAL.NIF50.22400.20240516,448.45,294.15,294.15,44217,253550,CAL.NIF50.22400.20240523,549.0,353.95,353.95,1802,19950,2024-05-16,2024-05-23,0.2242,0.2033,2,-5.03,0.918976,1.0,-1.0,0.918976,125.48616,-107.042493,18.443666,2594.524419,,-98.49325
2024-05-06,Active2,CAL,22200,22442.7,CAL.NIF50.22200.20240516,471.55,400.85,400.85,4377,28325,CAL.NIF50.22200.20240523,523.8,475.95,475.95,430,8625,2024-05-16,2024-05-23,0.1108,0.1874,2,27.62,0.900248,1.0,-1.0,0.900248,63.647547,-38.779879,24.867668,2619.392087,,-73.625582
2024-05-07,Active2,CAL,22200,22302.5,CAL.NIF50.22200.20240523,473.0,351.15,351.15,1508,14625,CAL.NIF50.22200.20240530,549.0,414.3,414.3,18258,546325,2024-05-23,2024-05-30,0.1607,0.1798,2,5.8,0.861566,1.0,-1.0,0.861566,104.981876,-99.98738,4.994496,2624.386583,,-68.631086
2024-05-08,Active2,CAL,22100,22302.5,CAL.NIF50.22100.20240523,374.0,401.55,401.55,940,16125,CAL.NIF50.22100.20240530,452.95,472.35,472.35,10031,212175,2024-05-23,2024-05-30,0.2111,0.1763,2,-11.53,0.825698,1.0,-1.0,0.825698,-22.747985,13.226484,-9.521502,2614.865082,,-78.152588
2024-05-09,Active2,CAL,22100,21957.5,CAL.NIF50.22100.20240523,385.3,213.85,213.85,14149,127500,CAL.NIF50.22100.20240530,454.85,284.1,284.1,64855,532475,2024-05-23,2024-05-30,0.1805,0.3285,2,26.81,0.825698,1.0,-1.0,0.825698,154.983552,-128.344618,26.638934,2641.504016,,-51.513653
2024-05-10,Active2,CAL,21700,22055.2,CAL.NIF50.21700.20240523,478.45,485.2,485.2,634,6650,CAL.NIF50.21700.20240530,534.6,559.8,559.8,7693,102500,2024-05-23,2024-05-30,0.1174,0.1538,2,15.8,0.894968,1.0,-1.0,0.894968,-6.041035,20.184396,14.14336,2655.647376,,-37.370293
2024-05-13,Active2,CAL,21800,22104.05,CAL.NIF50.21800.20240523,388.45,441.15,441.15,21289,47150,CAL.NIF50.21800.20240530,469.05,520.05,520.05,42653,387225,2024-05-23,2024-05-30,0.2075,0.1789,2,-10.46,0.828163,1.0,-1.0,0.828163,-43.644206,34.978578,-8.665629,2646.981748,,-46.035922
2024-05-14,Active2,CAL,21900,22217.85,CAL.NIF50.21900.20240530,465.45,517.4,517.4,12774,308600,CAL.NIF50.21900.20240606,736.0,772.05,772.05,67,4850,2024-05-30,2024-06-06,0.5813,0.4922,2,-29.15,0.632405,1.0,-1.0,0.632405,-32.853434,14.417691,-18.435743,2628.546004,,-64.471665
2024-05-15,Active2,CAL,22000,22200.55,CAL.NIF50.22000.20240530,460.25,414.9,414.9,55819,1566075,CAL.NIF50.22000.20240606,727.95,698.1,698.1,7683,405750,2024-05-30,2024-06-06,0.5816,0.6826,2,26.48,0.632255,1.0,-1.0,0.632255,28.672763,-11.932428,16.740334,2645.286339,,-47.731331
2024-05-16,Active2,CAL,22000,22403.85,CAL.NIF50.22000.20240530,490.0,528.85,528.85,142624,1520975,CAL.NIF50.22000.20240606,745.0,777.95,777.95,5834,422050,2024-05-30,2024-06-06,0.5204,0.471,2,-17.18,0.632255,1.0,-1.0,0.632255,-72.045453,31.919745,-40.125708,2605.160631,,-87.857039
2024-05-17,Active2,CAL,22200,22466.1,CAL.NIF50.22200.20240530,395.0,399.4,399.4,47514,1019400,CAL.NIF50.22200.20240606,629.95,654.3,654.3,2116,48650,2024-05-30,2024-06-06,0.5948,0.6382,2,10.87,0.627034,1.0,-1.0,0.627034,-2.758949,9.573726,6.814777,2611.975408,,-81.042262
2024-05-21,Active2,CAL,22200,22529.05,CAL.NIF50.22200.20240606,690.05,728.5,728.5,491,44925,CAL.NIF50.22200.20240613,754.2,806.3,806.3,26,20975,2024-06-06,2024-06-13,0.093,0.1068,2,9.22,0.914943,1.0,-1.0,0.914943,-35.179558,43.613987,8.434429,2620.409837,,-72.607833
2024-05-22,Active2,CAL,22300,22597.8,CAL.NIF50.22300.20240606,665.45,672.7,672.7,1494,28825,CAL.NIF50.22300.20240613,707.45,744.1,744.1,34,5425,2024-06-06,2024-06-13,0.0631,0.1061,2,27.22,0.940632,1.0,-1.0,0.940632,-6.819581,32.42749,25.607909,2646.017746,,-46.999923
2024-05-23,Active2,CAL,22300,22967.65,CAL.NIF50.22300.20240606,672.75,923.1,923.1,1342,34850,CAL.NIF50.22300.20240613,781.35,969.0,969.0,63,5600,2024-06-06,2024-06-13,0.1614,0.0497,2,-88.78,0.940632,1.0,-1.0,0.940632,-235.534214,198.988882,-36.545332,2609.472414,,-83.545256
2024-05-24,Active2,CAL,22700,22957.1,CAL.NIF50.22700.20240606,625.0,626.6,626.6,4486,136975,CAL.NIF50.22700.20240613,716.0,709.15,709.15,680,33850,2024-06-06,2024-06-13,0.1456,0.1317,2,-7.58,0.872905,1.0,-1.0,0.872905,-1.396648,-5.219448,-6.616096,2602.856318,,-90.161352
2024-05-27,Active2,CAL,22700,22932.45,CAL.NIF50.22700.20240606,654.95,629.45,629.45,3507,143950,CAL.NIF50.22700.20240613,722.0,690.8,690.8,383,36050,2024-06-06,2024-06-13,0.1024,0.0975,2,-2.8,0.872905,1.0,-1.0,0.872905,-2.487779,-13.982024,-16.469804,2586.386514,,-106.631155
2024-05-28,Active2,CAL,22700,22888.15,CAL.NIF50.22700.20240613,728.95,682.4,682.4,336,34725,CAL.NIF50.22700.20240620,770.65,723.95,723.95,238,4875,2024-06-13,2024-06-20,0.0572,0.0609,2,2.38,0.94589,1.0,-1.0,0.94589,44.031172,-41.782844,2.248328,2588.634842,,-104.382827
2024-05-29,Active2,CAL,22600,22704.7,CAL.NIF50.22600.20240613,714.45,632.3,632.3,597,18500,CAL.NIF50.22600.20240620,658.35,675.65,675.65,149,3350,2024-06-13,2024-06-20,-0.0785,0.0686,2,100.92,1.085213,1.0,-1.0,1.085213,89.150251,20.373991,109.524241,2698.159083,,0.0
2024-05-30,Active2,CAL,22500,22488.65,CAL.NIF50.22500.20240613,705.9,546.65,546.65,17092,208675,CAL.NIF50.22500.20240620,663.05,580.55,580.55,1356,21325,2024-06-13,2024-06-20,-0.0607,0.062,2,71.42,1.064626,1.0,-1.0,1.064626,169.541626,-93.507782,76.033844,2774.192928,,0.0
2024-05-31,Active2,CAL,22200,22530.7,CAL.NIF50.22200.20240613,765.0,779.95,779.95,677,26700,CAL.NIF50.22200.20240620,0.0,755.0,549.15,0,225,2024-06-13,2024-06-20,-1.0,-0.032,2,,,1.0,0.0,0.0,0.0,0.0,0.0,2774.192928,"2024-05-31 00:00:00: Leg2_Open missing, used Leg2_Settle; 2024-05-31 00:00:00: no open-price ratio (leg open<=0), trade skipped",0.0
2024-06-03,Active2,CAL,22300,23263.9,CAL.NIF50.22300.20240613,1080.85,1157.0,1157.0,187,9125,CAL.NIF50.22300.20240620,0.0,535.3,1062.15,0,0,2024-06-13,2024-06-20,-1.0,-0.5373,2,,,1.0,0.0,0.0,0.0,0.0,0.0,2774.192928,"2024-06-03 00:00:00: Leg2_Open missing, used Leg2_Settle; 2024-06-03 00:00:00: no open-price ratio (leg open<=0), trade skipped",0.0
2024-06-04,Active2,CAL,23000,21884.5,CAL.NIF50.23000.20240620,670.85,164.4,164.4,10815,107700,CAL.NIF50.23000.20240627,746.0,185.65,185.65,563231,3654650,2024-06-20,2024-06-27,0.112,0.1293,2,2.55,0.899263,1.0,-1.0,0.899263,455.431612,-453.140177,2.291435,2776.484363,,0.0
2024-06-05,Active2,CAL,21600,22620.35,CAL.NIF50.21600.20240620,722.4,1133.25,1133.25,569,2300,CAL.NIF50.21600.20240627,833.95,1141.05,1141.05,3642,23750,2024-06-20,2024-06-27,0.1544,0.0069,2,-144.83,0.866239,1.0,-1.0,0.866239,-355.894286,230.43862,-125.455667,2651.028696,,-125.455667
2024-06-06,Active2,CAL,22400,22821.4,CAL.NIF50.22400.20240620,525.0,614.85,614.85,1835,8800,CAL.NIF50.22400.20240627,576.85,683.6,683.6,20761,311875,2024-06-20,2024-06-27,0.0988,0.1118,2,7.3,0.910115,1.0,-1.0,0.910115,-81.773858,88.422074,6.648216,2657.676912,,-118.807451
2024-06-07,Active2,CAL,22600,23290.15,CAL.NIF50.22600.20240620,449.95,796.15,796.15,3411,21850,CAL.NIF50.22600.20240627,513.05,852.9,852.9,15532,1046625,2024-06-20,2024-06-27,0.1402,0.0713,2,-48.15,0.87701,1.0,-1.0,0.87701,-303.620875,261.394474,-42.226401,2615.450511,,-161.033852
2024-06-10,Active2,CAL,23000,23259.2,CAL.NIF50.23000.20240620,492.5,406.1,406.1,31562,396925,CAL.NIF50.23000.20240627,549.85,477.35,477.35,109880,3202800,2024-06-20,2024-06-27,0.1164,0.1754,2,21.46,0.895699,1.0,-1.0,0.895699,77.388379,-58.165038,19.22334,2634.673852,,-141.810511
2024-06-11,Active2,CAL,23000,23264.85,CAL.NIF50.23000.20240627,548.95,458.2,458.2,79764,3180650,CAL.NIF50.23000.20240704,570.0,546.4,546.4,1071,49300,2024-06-27,2024-07-04,0.0383,0.1925,2,68.02,0.96307,1.0,-1.0,0.96307,87.398618,-21.889098,65.50952,2700.183372,,-76.300991
2024-06-12,Active2,CAL,23000,23322.95,CAL.NIF50.23000.20240627,460.0,472.45,472.45,58762,3128175,CAL.NIF50.23000.20240704,562.1,561.45,561.45,1648,75425,2024-06-27,2024-07-04,0.222,0.1884,2,-12.98,0.96307,1.0,-1.0,0.96307,-13.72375,13.958938,0.235188,2700.41856,,-76.065803
2024-06-13,Active2,CAL,23100,23398.9,CAL.NIF50.23100.20240627,435.25,394.15,394.15,16900,397775,CAL.NIF50.23100.20240704,490.35,490.9,614.95,4,29725,2024-06-27,2024-07-04,0.1266,0.2455,2,41.59,0.887631,1.0,-1.0,0.887631,36.481646,0.433339,36.914985,2737.333545,,-39.150818
2024-06-14,Active2,CAL,23100,23465.6,CAL.NIF50.23100.20240627,417.85,437.95,437.95,10966,382800,CAL.NIF50.23100.20240704,460.0,518.5,518.5,451,30025,2024-06-27,2024-07-04,0.1009,0.1839,2,33.04,0.887631,1.0,-1.0,0.887631,-38.87825,21.745745,-17.132506,2720.201039,,-56.283324
2024-06-18,Active2,CAL,23200,23557.9,CAL.NIF50.23200.20240704,511.4,507.45,507.45,1140,64425,CAL.NIF50.23200.20240711,560.0,562.6,562.6,50,850,2024-07-04,2024-07-11,0.095,0.1087,2,6.32,0.913214,1.0,-1.0,0.913214,3.607196,2.168297,5.775493,2725.976532,,-50.507831
2024-06-19,Active2,CAL,23300,23516.0,CAL.NIF50.23300.20240704,449.9,386.4,386.4,2464,98775,CAL.NIF50.23300.20240711,500.0,437.9,437.9,46,725,2024-07-04,2024-07-11,0.1114,0.1333,2,7.62,0.8998,1.0,-1.0,0.8998,57.1373,-50.278646,6.858654,2732.835186,,-43.649177
2024-06-20,Active2,CAL,23300,23567.0,CAL.NIF50.23300.20240704,386.6,428.4,428.4,3003,92125,CAL.NIF50.23300.20240711,450.0,515.0,594.25,31,950,2024-07-04,2024-07-11,0.164,0.2021,2,14.04,0.8998,1.0,-1.0,0.8998,-37.7916,62.423247,24.631647,2757.466833,,-19.01753
2024-06-21,Active2,CAL,23300,23501.1,CAL.NIF50.23300.20240704,430.0,348.85,348.85,10470,118400,CAL.NIF50.23300.20240711,508.45,434.0,434.0,244,1875,2024-07-04,2024-07-11,0.1824,0.2441,2,18.19,0.8998,1.0,-1.0,0.8998,71.57909,-65.580843,5.998247,2763.46508,,-13.019283
2024-06-24,Active2,CAL,23300,23537.85,CAL.NIF50.23300.20240704,285.0,387.5,387.5,25126,143050,CAL.NIF50.23300.20240711,357.95,461.55,461.55,779,2350,2024-07-04,2024-07-11,0.256,0.1911,2,-20.01,0.8998,1.0,-1.0,0.8998,-34.77727,22.305583,-12.471687,2750.993393,,-25.49097
2024-06-25,Active2,CAL,23300,23721.3,CAL.NIF50.23300.20240711,484.0,592.65,592.65,317,2350,CAL.NIF50.23300.20240718,545.35,629.75,629.75,50,2700,2024-07-11,2024-07-18,0.1268,0.0626,2,-33.74,0.887503,1.0,-1.0,0.887503,-96.427249,66.478703,-29.948546,2721.044847,,-55.439516
2024-06-26,Active2,CAL,23500,23868.8,CAL.NIF50.23500.20240711,430.0,527.3,527.3,6163,76900,CAL.NIF50.23500.20240718,495.0,589.0,589.0,618,12325,2024-07-11,2024-07-18,0.1512,0.117,2,-15.64,0.868687,1.0,-1.0,0.868687,-84.523232,70.933986,-13.589246,2707.455601,,-69.028762
2024-06-27,Active2,CAL,23600,24044.5,CAL.NIF50.23600.20240711,419.25,537.85,537.85,4587,61525,CAL.NIF50.23600.20240718,501.85,605.5,605.5,578,4050,2024-07-11,2024-07-18,0.197,0.1258,2,-32.01,0.835409,1.0,-1.0,0.835409,-99.079506,72.338182,-26.741323,2680.714277,,-95.770086
2024-06-28,Active2,CAL,23800,24010.6,CAL.NIF50.23800.20240711,422.0,398.0,398.0,4779,100200,CAL.NIF50.23800.20240718,510.0,470.05,470.05,639,20350,2024-07-11,2024-07-18,0.2085,0.181,2,-9.06,0.827451,1.0,-1.0,0.827451,19.858824,-27.352771,-7.493948,2673.220329,,-103.264034
2024-07-01,Active2,CAL,23800,24141.95,CAL.NIF50.23800.20240711,381.3,447.05,447.05,4670,97725,CAL.NIF50.23800.20240718,450.0,500.25,500.25,605,21225,2024-07-11,2024-07-18,0.1802,0.119,2,-23.17,0.827451,1.0,-1.0,0.827451,-40.586471,20.677189,-19.909282,2653.311048,,-123.173315
2024-07-02,Active2,CAL,23900,24123.85,CAL.NIF50.23900.20240718,420.0,419.65,419.65,222,8100,CAL.NIF50.23900.20240725,527.75,496.8,496.8,6584,379300,2024-07-18,2024-07-25,0.2565,0.1838,2,-24.28,0.795831,1.0,-1.0,0.795831,0.278541,-19.602107,-19.323566,2633.987482,,-142.496881
2024-07-03,Active2,CAL,23900,24286.5,CAL.NIF50.23900.20240718,486.0,511.55,511.55,306,5600,CAL.NIF50.23900.20240725,567.9,590.05,590.05,5623,377375,2024-07-18,2024-07-25,0.1685,0.1535,2,-6.59,0.795831,1.0,-1.0,0.795831,-73.136902,59.059659,-14.077243,2619.910239,,-156.574124
2024-07-04,Active2,CAL,24000,24302.15,CAL.NIF50.24000.20240718,475.0,411.15,411.15,3677,82225,CAL.NIF50.24000.20240725,550.0,501.2,501.2,49649,2899950,2024-07-18,2024-07-25,0.1579,0.219,2,21.7,0.863636,1.0,-1.0,0.863636,55.143182,-36.398347,18.744835,2638.655074,,-137.829289
2024-07-05,Active2,CAL,24100,24323.85,CAL.NIF50.24100.20240718,338.0,346.3,346.3,8900,40925,CAL.NIF50.24100.20240725,383.0,431.1,431.1,14342,457050,2024-07-18,2024-07-25,0.1331,0.2449,2,34.15,0.882507,1.0,-1.0,0.882507,-7.324804,37.461135,30.136331,2668.791405,,-107.692958
2024-07-08,Active2,CAL,24100,24320.55,CAL.NIF50.24100.20240718,348.0,331.95,331.95,8301,43450,CAL.NIF50.24100.20240725,439.8,441.75,441.75,14224,490550,2024-07-18,2024-07-25,0.2638,0.3308,2,17.59,0.882507,1.0,-1.0,0.882507,12.663969,8.294409,20.958378,2689.749782,,-86.734581
2024-07-09,Active2,CAL,24100,24433.2,CAL.NIF50.24100.20240725,444.65,526.8,526.8,7427,471875,CAL.NIF50.24100.20240801,526.7,603.8,603.8,20,2925,2024-07-25,2024-08-01,0.1845,0.1462,2,-17.06,0.844219,1.0,-1.0,0.844219,-69.352568,54.949575,-14.402993,2675.346789,,-101.137574
2024-07-10,Active2,CAL,24200,24324.45,CAL.NIF50.24200.20240725,445.25,365.7,365.7,83015,1114175,CAL.NIF50.24200.20240801,520.3,456.75,456.75,1697,29775,2024-07-25,2024-08-01,0.1686,0.249,2,25.17,0.855756,1.0,-1.0,0.855756,68.075413,-46.538862,21.536551,2696.88334,,-79.601023
2024-07-11,Active2,CAL,24100,24315.95,CAL.NIF50.24100.20240725,447.05,429.3,429.3,10307,450975,CAL.NIF50.24100.20240801,527.7,516.05,516.05,541,7125,2024-07-25,2024-08-01,0.1804,0.2021,2,7.88,0.847167,1.0,-1.0,0.847167,15.037213,-8.36111,6.676103,2703.559444,,-72.924919
2024-07-12,Active2,CAL,24100,24502.15,CAL.NIF50.24100.20240725,443.95,518.55,518.55,8754,456100,CAL.NIF50.24100.20240801,515.6,605.2,605.2,216,5050,2024-07-25,2024-08-01,0.1614,0.1671,2,2.55,0.847167,1.0,-1.0,0.847167,-75.60965,63.982228,-11.627423,2691.932021,,-84.552342
2024-07-15,Active2,CAL,24300,24586.7,CAL.NIF50.24300.20240725,400.95,439.25,439.25,31600,1193375,CAL.NIF50.24300.20240801,510.0,526.35,526.35,585,15275,2024-07-25,2024-08-01,0.272,0.1983,2,-25.45,0.786176,1.0,-1.0,0.786176,-30.110559,10.105501,-20.005058,2671.926963,,-104.5574
2024-07-16,Active2,CAL,24300,24613.0,CAL.NIF50.24300.20240801,527.5,537.65,537.65,250,16425,CAL.NIF50.24300.20240808,602.15,593.8,593.8,22,1525,2024-08-01,2024-08-08,0.1415,0.1044,2,-17.46,0.876028,1.0,-1.0,0.876028,-8.89168,-6.407993,-15.299673,2656.62729,,-119.857073
2024-07-18,Active2,CAL,24400,24800.85,CAL.NIF50.24400.20240801,436.3,576.3,576.3,4431,39900,CAL.NIF50.24400.20240808,490.0,634.05,634.05,174,5500,2024-08-01,2024-08-08,0.1231,0.1002,2,-11.74,0.890408,1.0,-1.0,0.890408,-124.657143,114.206686,-10.450457,2646.176833,,-130.30753
2024-07-19,Active2,CAL,24600,24530.9,CAL.NIF50.24600.20240801,447.7,283.95,283.95,36178,232850,CAL.NIF50.24600.20240808,469.05,347.0,347.0,1507,18700,2024-08-01,2024-08-08,0.0477,0.222,2,47.26,0.954482,1.0,-1.0,0.954482,156.296504,-111.192038,45.104465,2691.281299,,-85.203064
2024-07-22,Active2,CAL,24300,24509.25,CAL.NIF50.24300.20240801,400.3,430.65,430.65,6616,37275,CAL.NIF50.24300.20240808,435.45,495.3,495.3,616,5675,2024-08-01,2024-08-08,0.0878,0.1501,2,24.67,0.919279,1.0,-1.0,0.919279,-27.900115,50.577661,22.677547,2713.958845,,-62.525518
2024-07-23,Active2,CAL,24300,24479.05,CAL.NIF50.24300.20240808,495.3,396.7,396.7,5379,11575,CAL.NIF50.24300.20240814,549.35,463.75,463.75,261,2375,2024-08-08,2024-08-14,0.1091,0.169,2,21.42,0.901611,1.0,-1.0,0.901611,88.898844,-69.584444,19.3144,2733.273245,,-43.211118
2024-07-24,Active2,CAL,24200,24413.5,CAL.NIF50.24200.20240808,440.0,387.05,387.05,3568,74375,CAL.NIF50.24200.20240814,453.85,426.0,426.0,19,575,2024-08-08,2024-08-14,0.0315,0.1006,2,25.95,0.969483,1.0,-1.0,0.969483,51.334141,-26.176156,25.157985,2758.43123,,-18.053133
2024-07-25,Active2,CAL,24200,24406.1,CAL.NIF50.24200.20240808,290.0,356.75,356.75,10280,93425,CAL.NIF50.24200.20240814,399.9,416.9,416.9,517,4525,2024-08-08,2024-08-14,0.379,0.1686,2,-54.42,0.969483,1.0,-1.0,0.969483,29.375344,-8.553071,20.822274,2779.253504,,0.0
2024-07-26,Active2,CAL,24200,24834.85,CAL.NIF50.24200.20240808,359.55,713.2,713.2,8528,34075,CAL.NIF50.24200.20240814,416.9,756.95,756.95,318,3125,2024-08-08,2024-08-14,0.1595,0.0613,2,-60.38,0.969483,1.0,-1.0,0.969483,-345.572326,319.612277,-25.960049,2753.293455,,-25.960049
2024-07-29,Active2,CAL,24600,24836.1,CAL.NIF50.24600.20240808,391.75,359.9,359.9,14526,116400,CAL.NIF50.24600.20240814,485.0,415.65,415.65,594,14850,2024-08-08,2024-08-14,0.238,0.1549,2,-24.17,0.807732,1.0,-1.0,0.807732,25.726263,-45.246084,-19.519821,2733.773633,,-45.47987
2024-07-30,Active2,CAL,24600,24857.3,CAL.NIF50.24600.20240814,400.0,422.15,422.15,428,11875,CAL.NIF50.24600.20240822,495.0,485.1,485.1,52,3125,2024-08-14,2024-08-22,0.2375,0.1491,2,-30.15,0.808081,1.0,-1.0,0.808081,-17.89899,-6.464646,-24.363636,2709.409997,,-69.843507
2024-07-31,Active2,CAL,24600,24951.15,CAL.NIF50.24600.20240814,443.25,482.8,482.8,243,11325,CAL.NIF50.24600.20240822,508.35,555.6,555.6,54,2775,2024-08-14,2024-08-22,0.1469,0.1508,2,1.65,0.808081,1.0,-1.0,0.808081,-49.010101,46.036119,-2.973982,2706.436015,,-72.817489
2024-08-01,Active2,CAL,24700,25010.9,CAL.NIF50.24700.20240814,402.8,407.6,407.6,2333,59375,CAL.NIF50.24700.20240822,537.05,469.75,469.75,216,7125,2024-08-14,2024-08-22,0.3333,0.1525,2,-55.28,0.750023,1.0,-1.0,0.750023,-3.600112,-37.8586,-41.458711,2664.977303,,-114.2762
2024-08-02,Active2,CAL,24800,24717.7,CAL.NIF50.24800.20240814,210.65,167.5,167.5,85106,289125,CAL.NIF50.24800.20240822,300.0,242.6,242.6,6430,63075,2024-08-14,2024-08-22,0.4242,0.4484,2,2.85,0.702167,1.0,-1.0,0.702167,30.298492,-28.300383,1.998109,2666.975412,,-112.278091
2024-08-05,Active2,CAL,24500,24055.6,CAL.NIF50.24500.20240814,151.25,123.8,123.8,145313,568650,CAL.NIF50.24500.20240822,250.0,202.25,202.25,7561,56675,2024-08-14,2024-08-22,0.6529,0.6337,2,-1.44,0.605,1.0,-1.0,0.605,16.60725,-17.477694,-0.870444,2666.104968,,-113.148535
2024-08-06,Active2,CAL,23800,23992.55,CAL.NIF50.23800.20240822,660.0,502.7,502.7,56,500,CAL.NIF50.23800.20240829,739.25,565.15,565.15,2605,100675,2024-08-22,2024-08-29,0.1201,0.1242,2,1.86,0.892797,1.0,-1.0,0.892797,140.436929,-138.77268,1.664249,2667.769218,,-111.484286
2024-08-07,Active2,CAL,23700,24297.5,CAL.NIF50.23700.20240822,0.0,656.85,763.45,0,1100,CAL.NIF50.23700.20240829,786.4,801.5,801.5,512,72100,2024-08-22,2024-08-29,,0.2202,2,,,1.0,0.0,0.0,0.0,0.0,0.0,2667.769218,"2024-08-07 00:00:00: Leg1_Open missing, used Leg1_Settle; 2024-08-07 00:00:00: no open-price ratio (leg open<=0), trade skipped",-111.484286
2024-08-08,Active2,CAL,24000,24117.0,CAL.NIF50.24000.20240822,470.0,358.15,358.15,3749,81700,CAL.NIF50.24000.20240829,506.0,421.15,421.15,108297,1987450,2024-08-22,2024-08-29,0.0766,0.1759,2,33.04,0.928854,1.0,-1.0,0.928854,103.892292,-73.205975,30.686318,2698.455535,,-80.797968
2024-08-09,Active2,CAL,23900,24367.5,CAL.NIF50.23900.20240822,550.0,573.3,573.3,179,1750,CAL.NIF50.23900.20240829,580.0,637.5,637.5,2111,67950,2024-08-22,2024-08-29,0.0545,0.112,2,31.23,0.948276,1.0,-1.0,0.948276,-22.094828,51.705559,29.610731,2728.066266,,-51.187237
2024-08-12,Active2,CAL,24100,24347.0,CAL.NIF50.24100.20240829,450.05,448.45,448.45,13571,581075,CAL.NIF50.24100.20240905,521.55,526.0,526.0,183,4150,2024-08-29,2024-09-05,0.1589,0.1729,2,5.44,0.862909,1.0,-1.0,0.862909,1.380654,3.31352,4.694174,2732.760441,,-46.493063
2024-08-13,Active2,CAL,24100,24139.0,CAL.NIF50.24100.20240829,447.0,326.7,326.7,19345,623650,CAL.NIF50.24100.20240905,532.95,410.45,410.45,467,13975,2024-08-29,2024-09-05,0.1923,0.2564,2,17.56,0.862909,1.0,-1.0,0.862909,105.059127,-86.039838,19.019289,2751.77973,,-27.473774
2024-08-14,Active2,CAL,23900,24143.75,CAL.NIF50.23900.20240829,554.0,433.05,433.05,3883,75025,CAL.NIF50.23900.20240905,530.0,507.0,507.0,28,800,2024-08-29,2024-09-05,-0.0433,0.1708,2,96.91,1.045283,1.0,-1.0,1.045283,126.426981,-25.130182,101.2968,2853.076529,,0.0
2024-08-16,Active2,CAL,23900,24541.15,CAL.NIF50.23900.20240829,549.0,737.65,737.65,4367,67325,CAL.NIF50.23900.20240905,643.7,797.55,797.55,196,4525,2024-08-29,2024-09-05,0.1725,0.0812,2,-57.43,1.045283,1.0,-1.0,1.045283,-318.393208,317.45975,-0.933457,2852.143072,,-0.933457
2024-08-19,Active2,CAL,24300,24572.65,CAL.NIF50.24300.20240829,405.0,382.8,382.8,40124,1333550,CAL.NIF50.24300.20240905,509.0,471.75,471.75,523,34725,2024-08-29,2024-09-05,0.2568,0.2324,2,-7.44,0.795678,1.0,-1.0,0.795678,17.664047,-23.583093,-5.919046,2846.224026,,-6.852503
2024-08-20,Active2,CAL,24300,24698.85,CAL.NIF50.24300.20240905,500.35,548.3,548.3,568,33250,CAL.NIF50.24300.20240912,555.0,651.95,715.05,16,1775,2024-09-05,2024-09-12,0.1092,0.189,2,39.45,0.901532,1.0,-1.0,0.901532,-43.228437,78.796995,35.568558,2881.792584,,0.0
2024-08-21,Active2,CAL,24400,24770.2,CAL.NIF50.24400.20240905,477.55,524.7,524.7,710,46125,CAL.NIF50.24400.20240912,536.2,594.25,594.25,75,2950,2024-09-05,2024-09-12,0.1228,0.1326,2,4.55,0.890619,1.0,-1.0,0.890619,-41.992694,46.045406,4.052712,2885.845296,,0.0
2024-08-22,Active2,CAL,24500,24811.5,CAL.NIF50.24500.20240905,486.05,466.1,466.1,5377,155200,CAL.NIF50.24500.20240912,554.45,526.1,526.1,317,6625,2024-09-05,2024-09-12,0.1407,0.1287,2,-4.9,0.876635,1.0,-1.0,0.876635,17.488858,-21.786636,-4.297778,2881.547518,,-4.297778
2024-08-23,Active2,CAL,24600,24823.15,CAL.NIF50.24600.20240905,389.0,396.8,396.8,5108,114675,CAL.NIF50.24600.20240912,450.0,467.7,467.7,72,4775,2024-09-05,2024-09-12,0.1568,0.1787,2,7.5,0.864444,1.0,-1.0,0.864444,-6.742667,13.226576,6.48391,2888.031428,,0.0
2024-08-26,Active2,CAL,24600,25010.6,CAL.NIF50.24600.20240905,422.0,535.95,535.95,2867,91050,CAL.NIF50.24600.20240912,530.0,603.6,603.6,694,4450,2024-09-05,2024-09-12,0.2559,0.1262,2,-55.35,0.864444,1.0,-1.0,0.864444,-120.287444,101.553204,-18.73424,2869.297188,,-18.73424
2024-08-27,Active2,CAL,24800,25017.75,CAL.NIF50.24800.20240912,441.95,408.6,408.6,2285,24525,CAL.NIF50.24800.20240919,485.0,475.0,475.0,86,2275,2024-09-12,2024-09-19,0.0974,0.1625,2,24.24,0.911237,1.0,-1.0,0.911237,30.389758,-8.303531,22.086227,2891.383415,,0.0
2024-08-28,Active2,CAL,24800,25052.35,CAL.NIF50.24800.20240912,415.95,425.7,425.7,1789,22675,CAL.NIF50.24800.20240919,476.0,508.75,508.75,29,2350,2024-09-12,2024-09-19,0.1444,0.1951,2,18.87,0.911237,1.0,-1.0,0.911237,-15.582155,28.024416,12.442262,2903.825676,,0.0
2024-08-29,Active2,CAL,24800,25151.95,CAL.NIF50.24800.20240912,415.95,494.5,494.5,2089,27400,CAL.NIF50.24800.20240919,508.55,559.15,559.15,28,2450,2024-09-12,2024-09-19,0.2226,0.1307,2,-37.16,0.911237,1.0,-1.0,0.911237,-62.693113,41.849795,-20.843318,2882.982358,,-20.843318
2024-08-30,Active2,CAL,24900,25235.9,CAL.NIF50.24900.20240912,439.95,490.05,490.05,2178,26625,CAL.NIF50.24900.20240919,513.55,559.65,559.65,171,5650,2024-09-12,2024-09-19,0.1673,0.142,2,-10.61,0.856684,1.0,-1.0,0.856684,-42.919862,33.833124,-9.086738,2873.89562,,-29.930056
2024-09-02,Active2,CAL,25000,25278.7,CAL.NIF50.25000.20240912,425.0,372.25,372.25,22311,221525,CAL.NIF50.25000.20240919,492.95,450.5,450.5,527,20725,2024-09-12,2024-09-19,0.1599,0.2102,2,16.15,0.862156,1.0,-1.0,0.862156,45.47875,-31.553665,13.925085,2887.820706,,-16.004971
2024-09-03,Active2,CAL,25000,25279.85,CAL.NIF50.25000.20240919,450.0,447.15,447.15,287,24000,CAL.NIF50.25000.20240926,560.1,528.75,528.75,34295,4462425,2024-09-19,2024-09-26,0.2447,0.1825,2,-22.34,0.803428,1.0,-1.0,0.803428,2.28977,-20.236315,-17.946545,2869.87416,,-33.951516
2024-09-04,Active2,CAL,25000,25198.7,CAL.NIF50.25000.20240919,350.0,369.75,369.75,11569,47600,CAL.NIF50.25000.20240926,425.35,467.85,467.85,119281,4723200,2024-09-19,2024-09-26,0.2153,0.2653,2,15.22,0.803428,1.0,-1.0,0.803428,62.185324,-39.310736,22.874588,2892.748748,,-11.076928
2024-09-05,Active2,CAL,24900,25145.1,CAL.NIF50.24900.20240919,472.5,425.1,425.1,880,18775,CAL.NIF50.24900.20240926,549.0,519.95,519.95,3521,513200,2024-09-19,2024-09-26,0.1619,0.2231,2,22.4,0.860656,1.0,-1.0,0.860656,40.795082,-21.518157,19.276925,2912.025673,,0.0
2024-09-06,Active2,CAL,24900,24852.15,CAL.NIF50.24900.20240919,370.95,239.65,239.65,56417,232700,CAL.NIF50.24900.20240926,505.0,332.0,332.0,69903,737475,2024-09-19,2024-09-26,0.3614,0.3854,2,4.22,0.860656,1.0,-1.0,0.860656,159.608607,-139.219884,20.388723,2932.414396,,0.0
2024-09-09,Active2,CAL,24600,24936.4,CAL.NIF50.24600.20240919,364.55,437.15,437.15,2988,29450,CAL.NIF50.24600.20240926,473.45,534.0,534.0,6663,137175,2024-09-19,2024-09-26,0.2987,0.2215,2,-25.98,0.769986,1.0,-1.0,0.769986,-55.901003,35.898815,-20.002188,2912.412208,,-20.002188
2024-09-10,Active2,CAL,24700,25041.1,CAL.NIF50.24700.20240926,488.45,509.15,509.15,7131,183750,CAL.NIF50.24700.20241003,515.35,611.6,611.6,52,825,2024-09-26,2024-10-03,0.0551,0.2012,2,70.53,0.947802,1.0,-1.0,0.947802,-19.619511,86.464215,66.844704,2979.256912,,0.0
2024-09-11,Active2,CAL,24800,24918.45,CAL.NIF50.24800.20240926,444.0,337.7,337.7,27907,744325,CAL.NIF50.24800.20241003,491.85,418.9,418.9,275,6575,2024-09-26,2024-10-03,0.1078,0.2405,2,40.45,0.902714,1.0,-1.0,0.902714,95.958524,-59.446445,36.512079,3015.768992,,0.0
2024-09-12,Active2,CAL,24700,25388.9,CAL.NIF50.24700.20240926,453.45,716.6,716.6,10910,157825,CAL.NIF50.24700.20241003,516.4,813.75,813.75,178,2050,2024-09-26,2024-10-03,0.1388,0.1356,2,-2.05,0.878098,1.0,-1.0,0.878098,-231.071587,229.273726,-1.797861,3013.97113,,-1.797861
2024-09-13,Active2,CAL,25100,25356.5,CAL.NIF50.25100.20240926,410.0,392.35,392.35,36132,1700750,CAL.NIF50.25100.20241003,475.0,463.8,463.8,2539,40725,2024-09-26,2024-10-03,0.1585,0.1821,2,7.98,0.863158,1.0,-1.0,0.863158,15.234737,-8.344465,6.890271,3020.861402,,0.0
2024-09-16,Active2,CAL,25100,25383.75,CAL.NIF50.25100.20240926,403.95,430.75,430.75,27890,1601650,CAL.NIF50.25100.20241003,489.95,499.15,499.15,741,44825,2024-09-26,2024-10-03,0.2129,0.1588,2,-19.21,0.863158,1.0,-1.0,0.863158,-33.145263,26.337219,-6.808044,3014.053357,,-6.808044
2024-09-17,Active2,CAL,25100,25418.55,CAL.NIF50.25100.20241003,476.75,507.95,507.95,1005,50600,CAL.NIF50.25100.20241010,572.35,580.15,580.15,8,3675,2024-10-03,2024-10-10,0.2005,0.1421,2,-24.7,0.832969,1.0,-1.0,0.832969,-25.988643,5.411936,-20.576708,2993.47665,,-27.384752
2024-09-18,Active2,CAL,25200,25377.55,CAL.NIF50.25200.20241003,416.85,413.8,413.8,2269,62175,CAL.NIF50.25200.20241010,515.55,459.95,459.95,188,4975,2024-10-03,2024-10-10,0.2368,0.1115,2,-41.91,0.808554,1.0,-1.0,0.808554,2.46609,-36.34903,-33.88294,2959.59371,,-61.267692
2024-09-19,Active2,CAL,25100,25415.8,CAL.NIF50.25100.20241003,539.0,519.05,519.05,1609,67050,CAL.NIF50.25100.20241010,602.15,585.65,585.65,46,3650,2024-10-03,2024-10-10,0.1172,0.1283,2,5.18,0.895126,1.0,-1.0,0.895126,17.85776,-13.220628,4.637131,2964.230841,,-56.63056
2024-09-20,Active2,CAL,25200,25790.95,CAL.NIF50.25200.20241003,482.0,654.05,654.05,11499,82525,CAL.NIF50.25200.20241010,515.0,704.8,704.8,405,4675,2024-10-03,2024-10-10,0.0685,0.0776,2,5.59,0.935922,1.0,-1.0,0.935922,-161.025437,166.255425,5.229989,2969.46083,,-51.400572
2024-09-23,Active2,CAL,25500,25939.05,CAL.NIF50.25500.20241003,463.6,521.35,521.35,10116,528975,CAL.NIF50.25500.20241010,539.95,591.5,591.5,1999,57900,2024-10-03,2024-10-10,0.1647,0.1346,2,-13.49,0.858598,1.0,-1.0,0.858598,-49.584036,38.002173,-11.581862,2957.878967,,-62.982434
2024-09-24,Active2,CAL,25700,25940.4,CAL.NIF50.25700.20241010,451.0,459.2,459.2,375,37425,CAL.NIF50.25700.20241017,515.6,521.75,521.75,45,1750,2024-10-10,2024-10-17,0.1432,0.1362,2,-2.82,0.874709,1.0,-1.0,0.874709,-7.172614,4.705463,-2.467151,2955.411816,,-65.449585
2024-09-25,Active2,CAL,25700,26004.15,CAL.NIF50.25700.20241010,434.05,461.5,461.5,2196,51875,CAL.NIF50.25700.20241017,515.9,520.0,520.0,58,2275,2024-10-10,2024-10-17,0.1886,0.1268,2,-24.0,0.874709,1.0,-1.0,0.874709,-2.011831,-1.338953,-3.350784,2952.061032,,-68.800369
2024-09-26,Active2,CAL,25800,26216.05,CAL.NIF50.25800.20241010,387.0,509.75,509.75,5790,61025,CAL.NIF50.25800.20241017,485.2,564.3,564.3,265,4150,2024-10-10,2024-10-17,0.2537,0.107,2,-59.66,0.797609,1.0,-1.0,0.797609,-97.906533,50.321877,-47.584657,2904.476376,,-116.385026
2024-09-27,Active2,CAL,26000,26178.95,CAL.NIF50.26000.20241010,364.45,375.7,375.7,22099,231475,CAL.NIF50.26000.20241017,431.6,442.65,442.65,1023,29975,2024-10-10,2024-10-17,0.1843,0.1782,2,-1.92,0.844416,1.0,-1.0,0.844416,-9.499681,7.879076,-1.620605,2902.855771,,-118.005631
2024-09-30,Active2,CAL,25900,25810.85,CAL.NIF50.25900.20241010,440.0,203.85,203.85,72355,396950,CAL.NIF50.25900.20241017,450.55,285.7,285.7,2292,23425,2024-10-10,2024-10-17,0.024,0.4015,2,75.16,0.976584,1.0,-1.0,0.976584,230.620353,-157.22019,73.400163,2976.255934,,-44.605468
2024-10-01,Active2,CAL,25600,25796.9,CAL.NIF50.25600.20241017,520.0,437.25,437.25,5250,46525,CAL.NIF50.25600.20241024,560.0,491.8,491.8,34,1175,2024-10-17,2024-10-24,0.0769,0.1248,2,19.42,0.928571,1.0,-1.0,0.928571,76.839286,-58.805102,18.034184,2994.290117,,-26.571284
2024-10-03,Active2,CAL,25500,25250.1,CAL.NIF50.25500.20241017,350.05,196.8,196.8,30141,193575,CAL.NIF50.25500.20241024,439.7,264.1,264.1,3573,48425,2024-10-17,2024-10-24,0.2561,0.342,2,13.45,0.796111,1.0,-1.0,0.796111,122.004008,-111.293998,10.71001,3005.000128,,-15.861274
2024-10-04,Active2,CAL,25000,25014.6,CAL.NIF50.25000.20241017,481.45,310.05,310.05,32315,128950,CAL.NIF50.25000.20241024,518.85,393.65,393.65,2810,10000,2024-10-17,2024-10-24,0.0777,0.2696,2,55.22,0.927918,1.0,-1.0,0.927918,159.045061,-107.801069,51.243992,3056.24412,,0.0
2024-10-07,Active2,CAL,24800,24795.75,CAL.NIF50.24800.20241017,499.0,318.55,318.55,57924,183525,CAL.NIF50.24800.20241024,530.0,392.2,392.2,2259,16725,2024-10-17,2024-10-24,0.0621,0.2312,2,50.71,0.941509,1.0,-1.0,0.941509,169.895377,-122.151434,47.743943,3103.988063,,0.0
2024-10-08,Active2,CAL,24500,25013.15,CAL.NIF50.24500.20241024,582.3,686.75,686.75,186,1250,CAL.NIF50.24500.20241031,700.0,768.45,768.45,26840,441700,2024-10-24,2024-10-31,0.2021,0.119,2,-47.51,0.831857,1.0,-1.0,0.831857,-86.887479,47.366463,-39.521016,3064.467047,,-39.521016
2024-10-09,Active2,CAL,24800,24981.95,CAL.NIF50.24800.20241024,472.0,410.15,410.15,2831,22450,CAL.NIF50.24800.20241031,574.05,494.0,494.0,27583,374800,2024-10-24,2024-10-31,0.2162,0.2044,2,-3.97,0.822228,1.0,-1.0,0.822228,50.854804,-54.118517,-3.263714,3061.203333,,-42.78473
2024-10-10,Active2,CAL,24700,24998.45,CAL.NIF50.24700.20241024,530.8,486.2,486.2,425,10125,CAL.NIF50.24700.20241031,619.95,566.85,566.85,3241,98400,2024-10-24,2024-10-31,0.168,0.1659,2,-0.86,0.856198,1.0,-1.0,0.856198,38.186434,-38.926291,-0.739856,3060.463477,,-43.524586
2024-10-11,Active2,CAL,24700,24964.25,CAL.NIF50.24700.20241024,460.05,411.8,411.8,1525,8125,CAL.NIF50.24700.20241031,543.0,500.1,500.1,3900,95750,2024-10-24,2024-10-31,0.1803,0.2144,2,11.9,0.856198,1.0,-1.0,0.856198,63.701137,-48.932766,14.768371,3075.231848,,-28.756215
2024-10-14,Active2,CAL,24700,25127.95,CAL.NIF50.24700.20241024,456.0,526.15,526.15,960,7200,CAL.NIF50.24700.20241031,551.15,608.55,608.55,3185,92000,2024-10-24,2024-10-31,0.2087,0.1566,2,-22.66,0.856198,1.0,-1.0,0.856198,-97.906251,79.502,-18.40425,3056.827597,,-47.160465
2024-10-15,Active2,CAL,24900,25057.35,CAL.NIF50.24900.20241031,489.95,377.7,377.7,12190,350450,CAL.NIF50.24900.20241107,475.0,493.35,493.35,7,1400,2024-10-31,2024-11-07,-0.0305,0.3062,2,131.18,1.031474,1.0,-1.0,1.031474,115.782921,19.523262,135.306183,3192.13378,,0.0
2024-10-16,Active2,CAL,24800,24971.3,CAL.NIF50.24800.20241031,412.45,385.65,385.65,18427,391900,CAL.NIF50.24800.20241107,508.2,483.6,483.6,31,575,2024-10-31,2024-11-07,0.2321,0.254,2,6.83,0.81159,1.0,-1.0,0.81159,21.75061,-16.203484,5.547126,3197.680906,,0.0
2024-10-17,Active2,CAL,24700,24749.85,CAL.NIF50.24700.20241031,464.75,313.35,313.35,41333,368400,CAL.NIF50.24700.20241107,508.75,411.55,411.55,432,4400,2024-10-31,2024-11-07,0.0947,0.3134,2,62.61,0.913514,1.0,-1.0,0.913514,138.305946,-81.114075,57.191871,3254.872778,,0.0
2024-10-18,Active2,CAL,24500,24854.05,CAL.NIF50.24500.20241031,399.7,523.4,523.4,64396,720125,CAL.NIF50.24500.20241107,440.0,612.15,612.15,1618,10625,2024-10-31,2024-11-07,0.1008,0.1696,2,32.68,0.908409,1.0,-1.0,0.908409,-112.370205,142.059398,29.689194,3284.561971,,0.0
2024-10-21,Active2,CAL,24600,24781.1,CAL.NIF50.24600.20241031,486.45,314.2,314.2,24016,156425,CAL.NIF50.24600.20241107,471.0,425.05,425.05,392,4075,2024-10-31,2024-11-07,-0.0318,0.3528,2,124.79,1.032803,1.0,-1.0,1.032803,177.900239,-49.013997,128.886242,3413.448214,,0.0
2024-10-22,Active2,CAL,24500,24472.1,CAL.NIF50.24500.20241107,520.0,334.95,334.95,8275,106325,CAL.NIF50.24500.20241114,585.0,431.2,431.2,481,8100,2024-11-07,2024-11-14,0.125,0.2874,2,48.34,0.888889,1.0,-1.0,0.888889,164.488889,-121.520988,42.967901,3456.416115,,0.0
2024-10-23,Active2,CAL,24200,24435.5,CAL.NIF50.24200.20241107,526.8,494.4,494.4,288,3775,CAL.NIF50.24200.20241114,575.9,575.9,575.9,8,200,2024-11-07,2024-11-14,0.0932,0.1648,2,32.4,0.914742,1.0,-1.0,0.914742,29.637645,0.0,29.637645,3486.05376,,0.0
2024-10-24,Active2,CAL,24200,24399.4,CAL.NIF50.24200.20241107,498.05,441.65,441.65,2810,28025,CAL.NIF50.24200.20241114,525.0,535.8,535.8,32,425,2024-11-07,2024-11-14,0.0541,0.2132,2,66.65,0.914742,1.0,-1.0,0.914742,48.252648,-33.553803,14.698845,3500.752605,,0.0
2024-10-25,Active2,CAL,24100,24180.8,CAL.NIF50.24100.20241107,513.05,332.3,332.3,38624,167350,CAL.NIF50.24100.20241114,470.0,409.45,409.45,1461,8725,2024-11-07,2024-11-14,-0.0839,0.2322,2,114.65,1.091596,1.0,-1.0,1.091596,197.305931,-72.150246,125.155685,3625.90829,,0.0
2024-10-28,Active2,CAL,23900,24339.15,CAL.NIF50.23900.20241107,509.95,567.95,567.95,1381,15550,CAL.NIF50.23900.20241114,590.0,641.8,641.8,193,2700,2024-11-07,2024-11-14,0.157,0.13,2,-13.23,0.864322,1.0,-1.0,0.864322,-50.130678,38.697324,-11.433354,3614.474936,,-11.433354
2024-10-29,Active2,CAL,24100,24466.85,CAL.NIF50.24100.20241114,478.8,579.9,579.9,679,8975,CAL.NIF50.24100.20241121,517.95,646.0,646.0,244,25,2024-11-14,2024-11-21,0.0818,0.114,2,17.27,0.924414,1.0,-1.0,0.924414,-93.45821,109.4239,15.96569,3630.440626,,0.0
2024-10-30,Active2,CAL,24200,24340.85,CAL.NIF50.24200.20241114,454.45,449.1,449.1,1305,20025,CAL.NIF50.24200.20241121,544.5,516.7,516.7,26,825,2024-11-14,2024-11-21,0.1982,0.1505,2,-17.85,0.834619,1.0,-1.0,0.834619,4.465211,-19.365167,-14.899956,3615.540671,,-14.899956
2024-10-31,Active2,CAL,24100,24205.35,CAL.NIF50.24100.20241114,468.75,422.85,422.85,1801,26000,CAL.NIF50.24100.20241121,513.45,505.0,505.0,9,125,2024-11-14,2024-11-21,0.0954,0.1943,2,38.19,0.912942,1.0,-1.0,0.912942,41.904032,-7.042761,34.86127,3650.401941,,0.0
2024-11-01,Active2,CAL,24000,24304.35,CAL.NIF50.24000.20241114,534.45,484.05,484.05,2442,207250,CAL.NIF50.24000.20241121,575.0,567.6,567.6,7,2750,2024-11-14,2024-11-21,0.0759,0.1726,2,43.52,0.929478,1.0,-1.0,0.929478,46.845704,-6.393081,40.452624,3690.854565,,0.0
2024-11-04,Active2,CAL,24100,23995.35,CAL.NIF50.24100.20241114,386.0,254.9,254.9,61340,306275,CAL.NIF50.24100.20241121,427.35,322.4,322.4,3953,49500,2024-11-14,2024-11-21,0.1071,0.2648,2,36.3,0.903241,1.0,-1.0,0.903241,118.414882,-85.622841,32.792041,3723.646606,,0.0
2024-11-05,Active2,CAL,23700,24213.3,CAL.NIF50.23700.20241121,553.8,680.25,680.25,167,950,CAL.NIF50.23700.20241128,608.95,761.6,761.6,3670,83725,2024-11-21,2024-11-28,0.0996,0.1196,2,12.38,0.909434,1.0,-1.0,0.909434,-114.997964,126.252342,11.254378,3734.900984,,0.0
2024-11-06,Active2,CAL,24000,24484.05,CAL.NIF50.24000.20241121,488.8,636.4,636.4,2646,54600,CAL.NIF50.24000.20241128,540.0,713.85,713.85,84278,1660675,2024-11-21,2024-11-28,0.1047,0.1217,2,9.77,0.905185,1.0,-1.0,0.905185,-133.605333,142.445774,8.840441,3743.741424,,0.0
2024-11-07,Active2,CAL,24200,24199.35,CAL.NIF50.24200.20241121,434.35,274.35,274.35,18488,153950,CAL.NIF50.24200.20241128,526.95,367.1,367.1,74892,1127475,2024-11-21,2024-11-28,0.2132,0.3381,2,28.24,0.824272,1.0,-1.0,0.824272,131.88348,-108.605914,23.277566,3767.018991,,0.0
2024-11-08,Active2,CAL,23900,24148.2,CAL.NIF50.23900.20241121,456.4,393.85,393.85,2017,18650,CAL.NIF50.23900.20241128,542.95,491.7,491.7,5614,190900,2024-11-21,2024-11-28,0.1896,0.2484,2,19.47,0.840593,1.0,-1.0,0.840593,52.579096,-36.21308,16.366015,3783.385006,,0.0
2024-11-11,Active2,CAL,23900,24141.3,CAL.NIF50.23900.20241121,326.6,369.4,369.4,3295,29575,CAL.NIF50.23900.20241128,433.15,462.9,462.9,7312,204325,2024-11-21,2024-11-28,0.3262,0.2531,2,-20.37,0.840593,1.0,-1.0,0.840593,20.5525,-20.349985,0.202516,3783.587522,,0.0
2024-11-12,Active2,CAL,23900,23883.45,CAL.NIF50.23900.20241128,480.0,288.35,288.35,25939,335150,CAL.NIF50.23900.20241205,556.0,374.7,374.7,165,2325,2024-11-28,2024-12-05,0.1583,0.2995,2,35.13,0.863309,1.0,-1.0,0.863309,165.453237,-135.123441,30.329797,3813.917319,,0.0
2024-11-13,Active2,CAL,23600,23559.05,CAL.NIF50.23600.20241128,456.75,289.0,289.0,59255,418025,CAL.NIF50.23600.20241205,500.0,371.35,371.35,456,6900,2024-11-28,2024-12-05,0.0947,0.2849,2,50.23,0.9135,1.0,-1.0,0.9135,153.239625,-107.356141,45.883484,3859.800802,,0.0
2024-11-14,Active2,CAL,23300,23532.7,CAL.NIF50.23300.20241128,474.25,423.95,423.95,6226,65625,CAL.NIF50.23300.20241205,548.2,506.15,506.15,269,6200,2024-11-28,2024-12-05,0.1559,0.1939,2,13.92,0.865104,1.0,-1.0,0.865104,43.51473,-31.470426,12.044304,3871.845107,,0.0
2024-11-18,Active2,CAL,23300,23453.8,CAL.NIF50.23300.20241128,423.95,343.2,343.2,56577,216650,CAL.NIF50.23300.20241205,510.05,430.95,430.95,956,11425,2024-11-28,2024-12-05,0.2031,0.2557,2,15.0,0.865104,1.0,-1.0,0.865104,69.857146,-56.280048,13.577098,3885.422205,,0.0
2024-11-19,Active2,CAL,23200,23518.5,CAL.NIF50.23200.20241205,575.0,519.6,519.6,362,16625,CAL.NIF50.23200.20241212,707.75,587.0,587.0,19,275,2024-12-05,2024-12-12,0.2309,0.1297,2,-42.7,0.812434,1.0,-1.0,0.812434,45.008831,-79.700872,-34.692041,3850.730164,,-34.692041
2024-11-21,Active2,CAL,23300,23349.9,CAL.NIF50.23300.20241205,450.0,305.05,305.05,18769,98325,CAL.NIF50.23300.20241212,444.15,391.3,391.3,639,6575,2024-12-05,2024-12-12,-0.013,0.2827,2,91.4,1.013171,1.0,-1.0,1.013171,146.859169,-54.251367,92.607802,3943.337966,,0.0
2024-11-22,Active2,CAL,23100,23907.25,CAL.NIF50.23100.20241205,483.85,887.7,887.7,832,13825,CAL.NIF50.23100.20241212,801.0,801.0,936.15,1,225,2024-12-05,2024-12-12,0.6555,-0.0977,2,-403.85,0.604057,1.0,-1.0,0.604057,-243.948592,0.0,-243.948592,3699.389373,,-243.948592
2024-11-25,Active2,CAL,23700,24221.9,CAL.NIF50.23700.20241205,616.65,669.95,669.95,7996,209425,CAL.NIF50.23700.20241212,719.0,755.45,755.45,409,9450,2024-12-05,2024-12-12,0.166,0.1276,2,-22.04,0.85765,1.0,-1.0,0.85765,-45.712719,26.81126,-18.901459,3680.487914,,-262.850051
2024-11-26,Active2,CAL,24000,24194.5,CAL.NIF50.24000.20241212,517.55,449.7,449.7,4943,89725,CAL.NIF50.24000.20241219,580.0,521.75,521.75,120,3950,2024-12-12,2024-12-19,0.1207,0.1602,2,15.87,0.892328,1.0,-1.0,0.892328,60.544427,-46.381476,14.16295,3694.650865,,-248.687101
2024-11-27,Active2,CAL,23900,24274.9,CAL.NIF50.23900.20241212,505.0,572.85,572.85,495,18000,CAL.NIF50.23900.20241219,0.0,607.0,612.05,0,500,2024-12-12,2024-12-19,-1.0,0.0596,2,,,1.0,0.0,0.0,0.0,0.0,0.0,3694.650865,"2024-11-27 00:00:00: Leg2_Open missing, used Leg2_Settle; 2024-11-27 00:00:00: no open-price ratio (leg open<=0), trade skipped",-248.687101
2024-11-28,Active2,CAL,24000,23914.15,CAL.NIF50.24000.20241212,501.05,279.4,279.4,42085,291250,CAL.NIF50.24000.20241219,562.4,360.15,360.15,1638,18500,2024-12-12,2024-12-19,0.1224,0.289,2,41.46,0.890914,1.0,-1.0,0.890914,197.471075,-160.531417,36.939658,3731.590523,,-211.747443
2024-11-29,Active2,CAL,23700,24131.1,CAL.NIF50.23700.20241212,509.95,605.45,605.45,1088,17975,CAL.NIF50.23700.20241219,568.95,665.95,665.95,42,650,2024-12-12,2024-12-19,0.1157,0.0999,2,-8.56,0.8963,1.0,-1.0,0.8963,-85.596669,77.925343,-7.671326,3723.919196,,-219.418769
2024-12-02,Active2,CAL,23900,24276.05,CAL.NIF50.23900.20241212,421.55,540.75,540.75,6669,51250,CAL.NIF50.23900.20241219,471.15,615.55,615.55,658,5975,2024-12-12,2024-12-19,0.1177,0.1383,2,10.0,0.894726,1.0,-1.0,0.894726,-106.6513,115.597113,8.945813,3732.86501,,-210.472956
2024-12-03,Active2,CAL,24000,24457.15,CAL.NIF50.24000.20241219,557.95,628.3,628.3,1782,34525,CAL.NIF50.24000.20241226,649.75,695.2,695.2,52034,3464250,2024-12-19,2024-12-26,0.1645,0.1065,2,-31.32,0.858715,1.0,-1.0,0.858715,-60.410593,33.514433,-26.89616,3705.96885,,-237.369116
2024-12-04,Active2,CAL,24200,24467.45,CAL.NIF50.24200.20241219,485.0,488.05,488.05,1701,40150,CAL.NIF50.24200.20241226,549.7,552.5,552.5,22842,917050,2024-12-19,2024-12-26,0.1334,0.1321,2,-0.58,0.882299,1.0,-1.0,0.882299,-2.691013,2.179666,-0.511347,3705.457503,,-237.880463
2024-12-05,Active2,CAL,24200,24708.4,CAL.NIF50.24200.20241219,509.9,634.3,634.3,3056,51200,CAL.NIF50.24200.20241226,575.45,708.45,708.45,39189,745675,2024-12-19,2024-12-26,0.1286,0.1169,2,-6.55,0.882299,1.0,-1.0,0.882299,-129.036293,121.399635,-7.636657,3697.820846,,-245.51712
2024-12-06,Active2,CAL,24500,24677.8,CAL.NIF50.24500.20241219,448.85,406.8,406.8,29987,406450,CAL.NIF50.24500.20241226,498.95,479.8,479.8,99491,3332025,2024-12-19,2024-12-26,0.1116,0.1794,2,24.82,0.899589,1.0,-1.0,0.899589,37.827723,-15.497341,22.330382,3720.151229,,-223.186737
2024-12-09,Active2,CAL,24400,24619.0,CAL.NIF50.24400.20241219,469.55,390.35,390.35,8501,106950,CAL.NIF50.24400.20241226,519.95,477.35,477.35,12204,738975,2024-12-19,2024-12-26,0.1073,0.2229,2,40.73,0.903068,1.0,-1.0,0.903068,71.522954,-34.741625,36.781329,3756.932558,,-186.405408
2024-12-10,Active2,CAL,24400,24610.05,CAL.NIF50.24400.20241226,492.0,453.75,453.75,16038,723775,CAL.NIF50.24400.20250102,594.0,534.9,534.9,33,4500,2024-12-26,2025-01-02,0.2073,0.1788,2,-10.7,0.828283,1.0,-1.0,0.828283,31.681818,-40.545699,-8.863881,3748.068677,,-195.269289
2024-12-11,Active2,CAL,24400,24641.8,CAL.NIF50.24400.20241226,459.95,463.9,463.9,12188,698750,CAL.NIF50.24400.20250102,564.0,553.0,524.25,3,4500,2024-12-26,2025-01-02,0.2262,0.1921,2,-12.92,0.828283,1.0,-1.0,0.828283,-8.407071,12.417549,4.010479,3752.079155,,-191.25881
2024-12-12,Active2,CAL,24400,24548.7,CAL.NIF50.24400.20241226,433.0,396.35,396.35,16576,752925,CAL.NIF50.24400.20250102,539.7,486.1,486.1,21,4500,2024-12-26,2025-01-02,0.2464,0.2264,2,-6.35,0.828283,1.0,-1.0,0.828283,55.950505,-45.896908,10.053597,3762.132752,,-181.205214
2024-12-13,Active2,CAL,24300,24768.3,CAL.NIF50.24300.20241226,405.05,583.9,583.9,175085,890150,CAL.NIF50.24300.20250102,478.0,684.35,684.35,1933,13875,2024-12-26,2025-01-02,0.1801,0.172,2,-3.99,0.847385,1.0,-1.0,0.847385,-151.554796,148.171935,-3.382861,3758.749891,,-184.588075
2024-12-16,Active2,CAL,24500,24668.25,CAL.NIF50.24500.20241226,500.0,381.15,381.15,113005,3809775,CAL.NIF50.24500.20250102,521.85,474.55,474.55,1390,56250,2024-12-26,2025-01-02,0.0437,0.245,2,73.53,0.95813,1.0,-1.0,0.95813,113.873719,-43.421995,70.451723,3829.201615,,-114.136351
2024-12-17,Active2,CAL,24400,24336.0,CAL.NIF50.24400.20250102,489.65,340.55,340.55,2110,38475,CAL.NIF50.24400.20250109,577.95,415.65,415.65,147,3450,2025-01-02,2025-01-09,0.1803,0.2205,2,11.6,0.847219,1.0,-1.0,0.847219,126.320296,-116.495594,9.824702,3839.026316,,-104.31165
2024-12-18,Active2,CAL,24100,24198.85,CAL.NIF50.24100.20250102,505.0,397.05,397.05,509,22350,CAL.NIF50.24100.20250109,519.0,471.25,471.25,72,2250,2025-01-02,2025-01-09,0.0277,0.1869,2,61.49,0.973025,1.0,-1.0,0.973025,105.038054,-45.208637,59.829417,3898.855733,,-44.482233
2024-12-19,Active2,CAL,23900,23951.7,CAL.NIF50.23900.20250102,413.7,375.05,375.05,3972,60600,CAL.NIF50.23900.20250109,415.9,453.0,453.0,369,13500,2025-01-02,2025-01-09,0.0053,0.2078,2,75.55,0.99471,1.0,-1.0,0.99471,38.445552,36.70854,75.154092,3974.009824,,0.0
2024-12-20,Active2,CAL,23700,23587.5,CAL.NIF50.23700.20250102,468.05,268.1,268.1,13112,204450,CAL.NIF50.23700.20250109,544.65,352.75,352.75,1285,43500,2025-01-02,2025-01-09,0.1637,0.3157,2,35.04,0.859359,1.0,-1.0,0.859359,171.828876,-141.717818,30.111058,4004.120883,,0.0
2024-12-23,Active2,CAL,23300,23753.45,CAL.NIF50.23300.20250102,610.0,580.75,580.75,750,27675,CAL.NIF50.23300.20250109,602.85,643.55,615.8,22,600,2025-01-02,2025-01-09,-0.0117,0.1081,2,70.43,1.01186,1.0,-1.0,1.01186,29.596915,41.671156,71.268071,4075.388953,,0.0
2024-12-24,Active2,CAL,23500,23727.65,CAL.NIF50.23500.20250109,476.45,472.7,472.7,989,100050,CAL.NIF50.23500.20250116,535.0,537.4,537.4,37,1875,2025-01-09,2025-01-16,0.1229,0.1369,2,5.89,0.890561,1.0,-1.0,0.890561,3.339603,1.903436,5.243039,4080.631992,,0.0
2024-12-26,Active2,CAL,23500,23750.2,CAL.NIF50.23500.20250109,492.55,468.05,468.05,3227,164925,CAL.NIF50.23500.20250116,560.0,533.35,533.35,64,2775,2025-01-09,2025-01-16,0.1369,0.1395,2,1.06,0.890561,1.0,-1.0,0.890561,4.141107,-3.212049,0.929059,4081.561051,,0.0
2024-12-27,Active2,CAL,23500,23813.4,CAL.NIF50.23500.20250109,501.45,489.05,489.05,2824,141900,CAL.NIF50.23500.20250116,573.65,566.05,566.05,126,8925,2025-01-09,2025-01-16,0.144,0.1574,2,5.76,0.890561,1.0,-1.0,0.890561,-18.701776,25.934319,7.232543,4088.793594,,0.0
2024-12-30,Active2,CAL,23600,23644.9,CAL.NIF50.23600.20250109,375.45,284.7,284.7,8626,134850,CAL.NIF50.23600.20250116,445.15,363.55,363.55,364,15525,2025-01-09,2025-01-16,0.1856,0.277,2,21.93,0.843424,1.0,-1.0,0.843424,76.540689,-58.047246,18.493442,4107.287037,,0.0
2024-12-31,Active2,CAL,23400,23644.8,CAL.NIF50.23400.20250116,444.0,506.9,506.9,585,7875,CAL.NIF50.23400.20250123,573.2,550.0,519.0,5,300,2025-01-16,2025-01-23,0.291,0.085,2,-80.87,0.774599,1.0,-1.0,0.774599,-48.722261,-13.920075,-62.642336,4044.644701,,-62.642336
2025-01-01,Active2,CAL,23400,23742.9,CAL.NIF50.23400.20250116,475.5,563.7,563.7,198,7875,CAL.NIF50.23400.20250123,639.0,639.0,639.0,1,225,2025-01-16,2025-01-23,0.3438,0.1336,2,-88.2,0.774599,1.0,-1.0,0.774599,-43.997209,53.400286,9.403077,4054.047779,,-53.239258
2025-01-02,Active2,CAL,23500,24188.65,CAL.NIF50.23500.20250116,487.95,777.65,777.65,1264,33525,CAL.NIF50.23500.20250123,568.95,843.9,843.9,93,11400,2025-01-16,2025-01-23,0.166,0.0852,2,-53.89,0.857632,1.0,-1.0,0.857632,-248.45613,202.234928,-46.221202,4007.826577,,-99.46046
2025-01-03,Active2,CAL,23900,24004.75,CAL.NIF50.23900.20250116,428.7,310.45,310.45,3524,79650,CAL.NIF50.23900.20250123,505.95,386.7,386.7,210,11775,2025-01-16,2025-01-23,0.1802,0.2456,2,17.21,0.847317,1.0,-1.0,0.847317,100.195227,-85.615058,14.580169,4022.406746,,-84.880291
2025-01-06,Active2,CAL,23800,23616.05,CAL.NIF50.23800.20250116,381.0,208.4,208.4,26787,346650,CAL.NIF50.23800.20250123,487.1,272.5,272.5,1442,33600,2025-01-16,2025-01-23,0.2785,0.3076,2,4.74,0.78218,1.0,-1.0,0.78218,135.004311,-131.293556,3.710756,4026.117502,,-81.169535
2025-01-07,Active2,CAL,23400,23707.9,CAL.NIF50.23400.20250123,564.95,518.15,518.15,141,5475,CAL.NIF50.23400.20250130,614.05,582.6,582.6,3406,123075,2025-01-23,2025-01-30,0.0869,0.1244,2,17.86,0.920039,1.0,-1.0,0.920039,43.057829,-26.621542,16.436287,4042.553789,,-64.733248
2025-01-08,Active2,CAL,23500,23688.95,CAL.NIF50.23500.20250123,442.6,415.9,415.9,1715,48825,CAL.NIF50.23500.20250130,517.15,495.9,495.9,92380,1403875,2025-01-23,2025-01-30,0.1684,0.1924,2,8.51,0.855845,1.0,-1.0,0.855845,22.851049,-15.564985,7.286064,4049.839854,,-57.447183
2025-01-09,Active2,CAL,23400,23526.5,CAL.NIF50.23400.20250123,425.05,386.35,386.35,489,19125,CAL.NIF50.23400.20250130,515.45,468.6,468.6,12400,277425,2025-01-23,2025-01-30,0.2127,0.2129,2,0.07,0.824619,1.0,-1.0,0.824619,31.912766,-31.857856,0.054909,4049.894763,,-57.392274
2025-01-10,Active2,CAL,23300,23431.5,CAL.NIF50.23300.20250123,460.0,349.45,349.45,2850,44025,CAL.NIF50.23300.20250130,520.0,430.9,430.9,22610,177950,2025-01-23,2025-01-30,0.1304,0.2331,2,31.73,0.884615,1.0,-1.0,0.884615,97.794231,-69.724704,28.069527,4077.96429,,-29.322747
2025-01-13,Active2,CAL,23200,23085.95,CAL.NIF50.23200.20250123,300.05,205.0,205.0,40668,483150,CAL.NIF50.23200.20250130,371.0,288.1,288.1,138451,678075,2025-01-23,2025-01-30,0.2365,0.4054,2,28.0,0.80876,1.0,-1.0,0.80876,76.872648,-54.224302,22.648346,4100.612635,,-6.674402
2025-01-14,Active2,CAL,22800,23176.05,CAL.NIF50.22800.20250130,550.05,592.4,592.4,3855,45850,CAL.NIF50.22800.20250206,700.0,717.65,717.65,30,1350,2025-01-30,2025-02-06,0.2726,0.2114,2,-28.48,0.785786,1.0,-1.0,0.785786,-33.278025,10.898155,-22.37987,4078.232765,,-29.054272
2025-01-15,Active2,CAL,22900,23213.2,CAL.NIF50.22900.20250130,520.05,494.7,494.7,7689,45225,CAL.NIF50.22900.20250206,664.35,630.0,630.0,7,1950,2025-01-30,2025-02-06,0.2775,0.2735,2,-1.54,0.782795,1.0,-1.0,0.782795,19.843859,-21.048593,-1.204734,4077.028031,,-30.259006
2025-01-16,Active2,CAL,23000,23311.8,CAL.NIF50.23000.20250130,504.0,499.1,499.1,44106,1211050,CAL.NIF50.23000.20250206,634.55,626.9,626.9,754,42450,2025-01-30,2025-02-06,0.259,0.2561,2,-1.18,0.794264,1.0,-1.0,0.794264,3.891892,-4.826039,-0.934147,4076.093884,,-31.193153
2025-01-17,Active2,CAL,23100,23203.2,CAL.NIF50.23100.20250130,400.0,344.75,344.75,77703,453275,CAL.NIF50.23100.20250206,559.4,494.85,494.85,1000,32550,2025-01-30,2025-02-06,0.3985,0.4354,2,9.09,0.715052,1.0,-1.0,0.715052,39.506614,-33.004359,6.502255,4082.596139,,-24.690898
2025-01-20,Active2,CAL,23000,23344.75,CAL.NIF50.23000.20250130,444.95,499.45,499.45,56829,1331525,CAL.NIF50.23000.20250206,575.0,641.95,641.95,1331,67425,2025-01-30,2025-02-06,0.2923,0.2853,2,-2.69,0.773826,1.0,-1.0,0.773826,-42.173522,40.090116,-2.083406,4080.512734,,-26.774303
2025-01-21,Active2,CAL,23100,23024.65,CAL.NIF50.23100.20250206,580.7,403.2,403.2,2828,75900,CAL.NIF50.23100.20250213,666.85,477.3,477.3,113,2475,2025-02-06,2025-02-13,0.1484,0.1838,2,12.44,0.870811,1.0,-1.0,0.870811,154.568869,-143.737845,10.831023,4091.343757,,-15.94328
2025-01-22,Active2,CAL,22800,23155.35,CAL.NIF50.22800.20250206,599.95,634.05,634.05,502,10500,CAL.NIF50.22800.20250213,688.3,701.0,701.0,36,3450,2025-02-06,2025-02-13,0.1473,0.1056,2,-23.03,0.87164,1.0,-1.0,0.87164,-29.722933,9.648911,-20.074022,4071.269735,,-36.017302
2025-01-23,Active2,CAL,22900,23205.35,CAL.NIF50.22900.20250206,530.0,590.75,590.75,112,6150,CAL.NIF50.22900.20250213,611.65,688.15,536.0,5,1650,2025-02-06,2025-02-13,0.1541,0.1649,2,5.54,0.866509,1.0,-1.0,0.866509,-52.640399,57.439045,4.798647,4076.068381,,-31.218656
2025-01-24,Active2,CAL,23000,23092.2,CAL.NIF50.23000.20250206,522.0,420.75,420.75,17545,595275,CAL.NIF50.23000.20250213,619.05,504.95,504.95,545,28350,2025-02-06,2025-02-13,0.1859,0.2001,2,5.04,0.843228,1.0,-1.0,0.843228,85.376787,-81.128827,4.24796,4080.316342,,-26.970695
2025-01-27,Active2,CAL,22800,22829.15,CAL.NIF50.22800.20250206,484.0,376.15,376.15,18245,208500,CAL.NIF50.22800.20250213,529.95,456.3,456.3,938,20025,2025-02-06,2025-02-13,0.0949,0.2131,2,40.59,0.913294,1.0,-1.0,0.913294,98.498726,-61.431862,37.066864,4117.383205,,0.0
2025-01-28,Active2,CAL,22600,22957.25,CAL.NIF50.22600.20250213,631.95,658.25,658.25,99,4575,CAL.NIF50.22600.20250220,0.0,1019.35,586.4,0,0,2025-02-13,2025-02-20,-1.0,0.5486,2,,,1.0,0.0,0.0,0.0,0.0,0.0,4117.383205,"2025-01-28 00:00:00: Leg2_Open missing, used Leg2_Settle; 2025-01-28 00:00:00: no open-price ratio (leg open<=0), trade skipped",0.0
2025-01-29,Active2,CAL,22700,23163.1,CAL.NIF50.22700.20250213,662.35,724.4,724.4,391,5700,CAL.NIF50.22700.20250220,743.9,743.9,658.65,1,75,2025-02-13,2025-02-20,0.1231,0.0269,2,-62.05,0.890375,1.0,-1.0,0.890375,-55.247772,0.0,-55.247772,4062.135434,,-55.247772
2025-01-30,Active2,CAL,22900,23249.5,CAL.NIF50.22900.20250213,600.0,656.05,656.05,1057,18900,CAL.NIF50.22900.20250220,706.0,673.55,566.9,4,1800,2025-02-13,2025-02-20,0.1767,0.0267,2,-83.63,0.849858,1.0,-1.0,0.849858,-47.634561,-23.437312,-71.071873,3991.063561,,-126.319645
2025-01-31,Active2,CAL,23000,23508.4,CAL.NIF50.23000.20250213,615.0,701.2,701.2,2845,102450,CAL.NIF50.23000.20250220,659.95,760.95,760.95,215,14250,2025-02-13,2025-02-20,0.0731,0.0852,2,7.92,0.931889,1.0,-1.0,0.931889,-80.328813,87.710086,7.381274,3998.444834,,-118.938371
2025-02-03,Active2,CAL,23300,23361.05,CAL.NIF50.23300.20250213,316.05,276.15,276.15,52397,1069725,CAL.NIF50.23300.20250220,400.75,348.05,348.05,1286,32925,2025-02-13,2025-02-20,0.268,0.2604,2,-1.66,0.788646,1.0,-1.0,0.788646,31.466987,-32.777448,-1.310462,3997.134373,,-120.248833
2025-02-04,Active2,CAL,23100,23739.25,CAL.NIF50.23100.20250220,553.8,730.0,756.4,79,5625,CAL.NIF50.23100.20250227,607.5,790.1,790.1,2109,403200,2025-02-20,2025-02-27,0.097,0.0823,2,-9.74,0.911605,1.0,-1.0,0.911605,-160.62479,151.744903,-8.879887,3988.254485,,-129.12872
2025-02-05,Active2,CAL,23500,23696.3,CAL.NIF50.23500.20250220,438.9,411.3,411.3,921,71175,CAL.NIF50.23500.20250227,513.95,468.95,468.95,24612,3250275,2025-02-20,2025-02-27,0.171,0.1402,2,-10.83,0.853974,1.0,-1.0,0.853974,23.569686,-32.817231,-9.247545,3979.00694,,-138.376265
2025-02-06,Active2,CAL,23400,23603.35,CAL.NIF50.23400.20250220,500.7,414.85,414.85,324,41325,CAL.NIF50.23400.20250227,557.55,474.9,474.9,3618,722025,2025-02-20,2025-02-27,0.1135,0.1448,2,11.63,0.898036,1.0,-1.0,0.898036,77.096395,-66.654642,10.441753,3989.448693,,-127.934512
2025-02-07,Active2,CAL,23400,23559.95,CAL.NIF50.23400.20250220,419.05,335.55,335.55,5031,84150,CAL.NIF50.23400.20250227,490.0,406.05,406.05,13328,728400,2025-02-20,2025-02-27,0.1693,0.2101,2,11.71,0.898036,1.0,-1.0,0.898036,71.214259,-55.525373,15.688886,4005.137579,,-112.245627
2025-02-10,Active2,CAL,23300,23381.6,CAL.NIF50.23300.20250220,380.0,297.85,297.85,9796,141150,CAL.NIF50.23300.20250227,455.0,369.0,369.0,17654,1053600,2025-02-20,2025-02-27,0.1974,0.2389,2,10.33,0.835165,1.0,-1.0,0.835165,68.608791,-59.985026,8.623765,4013.761344,,-103.621862
2025-02-11,Active2,CAL,23100,23071.8,CAL.NIF50.23100.20250227,510.0,300.45,300.45,20509,629850,CAL.NIF50.23100.20250306,571.35,382.9,382.9,91,4875,2025-02-27,2025-03-06,0.1203,0.2744,2,41.34,0.892623,1.0,-1.0,0.892623,187.049094,-150.152314,36.89678,4050.658124,,-66.725082
2025-02-12,Active2,CAL,22800,23045.25,CAL.NIF50.22800.20250227,486.45,457.25,457.25,24693,340800,CAL.NIF50.22800.20250306,425.0,546.5,546.5,205,4800,2025-02-27,2025-03-06,-0.1263,0.1952,2,168.27,1.144588,1.0,-1.0,1.144588,33.421976,159.174991,192.596967,4243.255091,,0.0
2025-02-13,Active2,CAL,22800,23031.4,CAL.NIF50.22800.20250227,469.0,435.15,435.15,7667,316725,CAL.NIF50.22800.20250306,558.1,517.4,517.4,71,5250,2025-02-27,2025-03-06,0.19,0.189,2,-0.35,1.144588,1.0,-1.0,1.144588,25.2954,-38.123393,-12.827993,4230.427098,,-12.827993
2025-02-14,Active2,CAL,22800,22929.25,CAL.NIF50.22800.20250227,480.0,351.15,351.15,40702,514875,CAL.NIF50.22800.20250306,594.15,440.35,440.35,877,15600,2025-02-27,2025-03-06,0.2378,0.254,2,4.6,1.144588,1.0,-1.0,1.144588,96.145412,-100.941836,-4.796424,4225.630674,,-17.624417
2025-02-17,Active2,CAL,22700,22959.5,CAL.NIF50.22700.20250227,375.0,435.95,435.95,15134,174300,CAL.NIF50.22700.20250306,469.9,528.05,528.05,376,10800,2025-02-27,2025-03-06,0.2531,0.2113,2,-14.54,0.798042,1.0,-1.0,0.798042,-48.640668,37.034063,-11.606605,4214.024069,,-29.231022
2025-02-18,Active2,CAL,22700,22945.3,CAL.NIF50.22700.20250306,475.5,482.25,482.25,392,15825,CAL.NIF50.22700.20250313,558.9,558.9,558.9,1,225,2025-03-06,2025-03-13,0.1754,0.1589,2,-6.75,0.850778,1.0,-1.0,0.850778,-5.742754,0.0,-5.742754,4208.281316,,-34.973775
2025-02-19,Active2,CAL,22700,22932.9,CAL.NIF50.22700.20250306,432.35,461.3,461.3,835,38100,CAL.NIF50.22700.20250313,580.0,536.75,536.75,2,300,2025-03-06,2025-03-13,0.3415,0.1636,2,-61.19,0.850778,1.0,-1.0,0.850778,17.823806,-16.032696,1.79111,4210.072425,,-33.182665
2025-02-20,Active2,CAL,22700,22913.15,CAL.NIF50.22700.20250306,412.0,420.45,420.45,1254,55575,CAL.NIF50.22700.20250313,495.0,502.55,502.55,14,900,2025-03-06,2025-03-13,0.2015,0.1953,2,-2.17,0.850778,1.0,-1.0,0.850778,34.754294,-24.754772,9.999522,4220.071948,,-23.183143
2025-02-21,Active2,CAL,22700,22795.9,CAL.NIF50.22700.20250306,422.0,324.8,324.8,8811,124125,CAL.NIF50.22700.20250313,492.25,403.4,403.4,395,13500,2025-03-06,2025-03-13,0.1665,0.242,2,21.03,0.850778,1.0,-1.0,0.850778,81.376946,-71.767124,9.609822,4229.68177,,-13.573321
2025-02-24,Active2,CAL,22500,22553.35,CAL.NIF50.22500.20250306,393.35,290.9,290.9,31004,623475,CAL.NIF50.22500.20250313,473.6,372.85,372.85,1824,55650,2025-03-06,2025-03-13,0.204,0.2817,2,18.77,0.830553,1.0,-1.0,0.830553,85.090176,-69.499227,15.590949,4245.272719,,0.0
2025-02-25,Active2,CAL,22300,22547.55,CAL.NIF50.22300.20250313,484.35,462.35,462.35,169,19275,CAL.NIF50.22300.20250320,540.0,537.05,537.05,8,600,2025-03-13,2025-03-20,0.1149,0.1616,2,19.35,0.896944,1.0,-1.0,0.896944,19.732778,-2.373303,17.359475,4262.632194,,0.0
2025-02-27,Active2,CAL,22300,22545.05,CAL.NIF50.22300.20250313,453.0,418.65,418.65,259,24375,CAL.NIF50.22300.20250320,488.45,490.0,477.45,20,825,2025-03-13,2025-03-20,0.0783,0.1704,2,35.79,0.896944,1.0,-1.0,0.896944,39.196472,-37.852164,1.344308,4263.976502,,0.0
2025-02-28,Active2,CAL,22300,22124.7,CAL.NIF50.22300.20250313,350.35,176.7,176.7,31554,421275,CAL.NIF50.22300.20250320,377.3,240.35,240.35,3359,83400,2025-03-13,2025-03-20,0.0769,0.3602,2,46.48,0.896944,1.0,-1.0,0.896944,217.015708,-200.845756,16.169952,4280.146454,,0.0
2025-03-03,Active2,CAL,21900,22119.3,CAL.NIF50.21900.20250313,468.65,382.25,382.25,2519,41100,CAL.NIF50.21900.20250320,412.0,464.05,420.5,74,3525,2025-03-13,2025-03-20,-0.1209,0.214,2,145.61,1.1375,1.0,-1.0,1.1375,98.28,67.34782,165.62782,4445.774275,,0.0
2025-03-04,Active2,CAL,21900,22082.65,CAL.NIF50.21900.20250320,379.45,397.55,397.55,139,5175,CAL.NIF50.21900.20250327,431.2,463.55,463.55,4079,128475,2025-03-20,2025-03-27,0.1364,0.166,2,10.37,0.879986,1.0,-1.0,0.879986,-15.927748,25.051048,9.1233,4454.897574,,0.0
2025-03-05,Active2,CAL,21800,22337.3,CAL.NIF50.21800.20250320,488.8,663.6,663.6,466,4275,CAL.NIF50.21800.20250327,560.45,723.35,723.35,2425,85125,2025-03-20,2025-03-27,0.1466,0.09,2,-32.73,0.872156,1.0,-1.0,0.872156,-152.452922,123.910963,-28.541959,4426.355615,,-28.541959
2025-03-06,Active2,CAL,22100,22544.7,CAL.NIF50.22100.20250320,486.7,552.35,552.35,693,35700,CAL.NIF50.22100.20250327,550.05,624.1,624.1,4678,428025,2025-03-20,2025-03-27,0.1302,0.1299,2,-0.13,0.884829,1.0,-1.0,0.884829,-58.089001,57.975355,-0.113646,4426.241969,,-28.655605
2025-03-07,Active2,CAL,22300,22552.5,CAL.NIF50.22300.20250320,365.85,406.5,406.5,1993,75825,CAL.NIF50.22300.20250327,440.0,483.15,483.15,11287,598725,2025-03-20,2025-03-27,0.2027,0.1886,2,-4.77,0.831477,1.0,-1.0,0.831477,-33.799551,29.831945,-3.967606,4422.274363,,-32.623211
2025-03-10,Active2,CAL,22300,22460.3,CAL.NIF50.22300.20250320,387.25,307.25,307.25,3650,107475,CAL.NIF50.22300.20250327,481.15,383.15,383.15,7801,583350,2025-03-20,2025-03-27,0.2425,0.247,2,1.13,0.831477,1.0,-1.0,0.831477,82.524119,-69.135446,13.388674,4435.663037,,-19.234537
2025-03-11,Active2,CAL,22200,22497.9,CAL.NIF50.22200.20250327,377.8,483.3,483.3,7122,865800,CAL.NIF50.22200.20250403,450.0,567.25,567.25,104,2164950,2025-03-27,2025-04-03,0.1911,0.1737,2,-7.06,0.839556,1.0,-1.0,0.839556,-88.573111,82.644076,-5.929035,4429.734002,,-25.163572
2025-03-12,Active2,CAL,22200,22470.5,CAL.NIF50.22200.20250327,503.55,438.5,438.5,8692,893100,CAL.NIF50.22200.20250403,493.75,525.15,525.15,95,2166150,2025-03-27,2025-04-03,-0.0195,0.1976,2,97.07,0.839556,1.0,-1.0,0.839556,37.612089,-29.674334,7.937755,4437.671757,,-17.225817
2025-03-13,Active2,CAL,22200,22397.2,CAL.NIF50.22200.20250327,455.05,358.8,358.8,6781,894300,CAL.NIF50.22200.20250403,516.9,439.55,439.55,75,2166525,2025-03-27,2025-04-03,0.1359,0.2251,2,28.16,0.839556,1.0,-1.0,0.839556,66.912578,-60.335462,6.577116,4444.248873,,-10.648701
2025-03-17,Active2,CAL,22100,22508.75,CAL.NIF50.22100.20250327,499.0,527.8,527.8,1949,273150,CAL.NIF50.22100.20250403,619.45,605.55,605.55,800,437625,2025-03-27,2025-04-03,0.2414,0.1473,2,-40.0,0.805553,1.0,-1.0,0.805553,-23.199935,-9.019934,-32.21987,4412.029003,,-42.868571
2025-03-18,Active2,CAL,22300,22834.3,CAL.NIF50.22300.20250403,530.1,691.75,691.75,284,1529625,CAL.NIF50.22300.20250409,661.8,661.8,702.25,2,300,2025-04-03,2025-04-09,0.2484,-0.0433,2,-161.65,0.800997,1.0,-1.0,0.800997,-129.48121,0.0,-129.48121,4282.547793,,-172.349781
2025-03-19,Active2,CAL,22600,22907.6,CAL.NIF50.22600.20250403,475.3,507.9,507.9,19014,1037700,CAL.NIF50.22600.20250409,538.55,585.1,585.1,6,5175,2025-04-03,2025-04-09,0.1331,0.152,2,8.48,0.882555,1.0,-1.0,0.882555,-28.771293,36.257951,7.486657,4290.03445,,-164.863124
2025-03-20,Active2,CAL,22700,23190.65,CAL.NIF50.22700.20250403,465.25,593.0,593.0,11073,1284225,CAL.NIF50.22700.20250409,540.05,677.6,656.2,27,4725,2025-04-03,2025-04-09,0.1608,0.1427,2,-9.25,0.861494,1.0,-1.0,0.861494,-110.055898,102.085819,-7.970079,4282.064372,,-172.833203
2025-03-21,Active2,CAL,22900,23350.4,CAL.NIF50.22900.20250403,421.6,575.5,575.5,3852,543075,CAL.NIF50.22900.20250409,530.0,640.0,618.25,95,6750,2025-04-03,2025-04-09,0.2571,0.1121,2,-66.4,0.795472,1.0,-1.0,0.795472,-122.423094,69.605274,-52.81782,4229.246552,,-225.651022
2025-03-24,Active2,CAL,23100,23658.35,CAL.NIF50.23100.20250403,463.05,690.7,690.7,3324,387975,CAL.NIF50.23100.20250409,565.65,771.95,682.45,301,44250,2025-04-03,2025-04-09,0.2216,0.1176,2,-58.77,0.818616,1.0,-1.0,0.818616,-186.357876,138.24818,-48.109696,4181.136856,,-273.760718
2025-03-25,Active2,CAL,23400,23668.65,CAL.NIF50.23400.20250409,560.5,508.45,508.45,798,107475,CAL.NIF50.23400.20250417,613.55,573.65,573.65,48,1950,2025-04-09,2025-04-17,0.0946,0.1282,2,15.6,0.913536,1.0,-1.0,0.913536,47.549548,-33.298465,14.251083,4195.387939,,-259.509635
2025-03-26,Active2,CAL,23400,23486.85,CAL.NIF50.23400.20250409,499.05,368.45,368.45,2717,153225,CAL.NIF50.23400.20250417,501.5,444.8,444.8,23,2550,2025-04-09,2025-04-17,0.0049,0.2072,2,74.18,0.913536,1.0,-1.0,0.913536,127.895037,-107.531508,20.363529,4215.751468,,-239.146106
2025-03-27,Active2,CAL,23200,23591.95,CAL.NIF50.23200.20250409,469.0,572.25,572.25,536,84525,CAL.NIF50.23200.20250417,599.55,646.95,646.95,14,2025,2025-04-09,2025-04-17,0.2784,0.1305,2,-66.17,0.782253,1.0,-1.0,0.782253,-80.767659,29.005023,-51.762636,4163.988832,,-290.908742
2025-03-28,Active2,CAL,23300,23519.35,CAL.NIF50.23300.20250409,489.05,360.95,360.95,3538,57375,CAL.NIF50.23300.20250417,488.0,434.55,434.55,233,6450,2025-04-09,2025-04-17,-0.0021,0.2039,2,74.53,1.002152,1.0,-1.0,1.002152,128.375625,-53.680258,74.695367,4238.684199,,-216.213375
2025-04-01,Active2,CAL,23300,23165.7,CAL.NIF50.23300.20250417,368.95,233.95,233.95,3487,90225,CAL.NIF50.23300.20250424,420.0,300.15,300.15,34472,1127100,2025-04-17,2025-04-24,0.1384,0.283,2,29.72,0.878452,1.0,-1.0,0.878452,118.591071,-92.485678,26.105393,4264.789592,,-190.107982
2025-04-02,Active2,CAL,22900,23332.35,CAL.NIF50.22900.20250417,500.0,569.6,569.6,30,4425,CAL.NIF50.22900.20250424,567.0,649.95,649.95,881,163425,2025-04-17,2025-04-24,0.134,0.1411,2,3.55,0.881834,1.0,-1.0,0.881834,-61.375661,64.50454,3.128878,4267.91847,,-186.979104
2025-04-03,Active2,CAL,23100,23250.1,CAL.NIF50.23100.20250417,324.4,330.65,330.65,1535,56700,CAL.NIF50.23100.20250424,400.0,408.2,408.2,4614,312675,2025-04-17,2025-04-24,0.233,0.2345,2,0.4,0.811,1.0,-1.0,0.811,-5.06875,5.393312,0.324562,4268.243033,,-186.654541
2025-04-04,Active2,CAL,23000,22904.45,CAL.NIF50.23000.20250417,350.0,163.8,163.8,49559,674025,CAL.NIF50.23000.20250424,430.0,240.2,240.2,90708,2286375,2025-04-17,2025-04-24,0.2286,0.4664,2,31.71,0.813953,1.0,-1.0,0.813953,151.55814,-125.746349,25.81179,4294.054823,,-160.842751
2025-04-07,Active2,CAL,22700,22161.6,CAL.NIF50.22700.20250424,50.05,255.5,255.5,41960,504975,CAL.NIF50.22700.20250430,170.0,313.55,313.55,2295,65925,2025-04-24,2025-04-30,2.3966,0.2272,2,-163.19,0.294412,1.0,-1.0,0.294412,-60.486897,12.442668,-48.044229,4246.010594,,-208.88698
2025-04-08,Active2,CAL,21900,22535.85,CAL.NIF50.21900.20250424,880.5,905.0,905.0,1760,139200,CAL.NIF50.21900.20250430,869.8,874.05,834.05,8,600,2025-04-24,2025-04-30,-0.0122,-0.0342,2,-20.2,1.012302,1.0,-1.0,1.012302,-24.801391,4.355207,-20.446184,4225.56441,,-229.333164
2025-04-09,Active2,CAL,22300,22399.15,CAL.NIF50.22300.20250424,490.8,507.7,507.7,14888,261825,CAL.NIF50.22300.20250430,598.05,600.55,600.55,1093,23175,2025-04-24,2025-04-30,0.2185,0.1829,2,-14.85,0.820667,1.0,-1.0,0.820667,-13.869275,1.683737,-12.185539,4213.378872,,-241.518703
2025-04-11,Active2,CAL,22100,22828.55,CAL.NIF50.22100.20250424,850.0,937.05,937.05,939,529800,CAL.NIF50.22100.20250430,997.95,1043.15,884.1,61,11025,2025-04-24,2025-04-30,0.1741,0.1132,2,-48.55,0.851746,1.0,-1.0,0.851746,-74.144496,32.791307,-41.35319,4172.025682,,-282.871892
2025-04-15,Active2,CAL,22600,23328.55,CAL.NIF50.22600.20250430,849.65,841.1,841.1,203,21000,CAL.NIF50.22600.20250508,931.45,939.45,930.15,10,600,2025-04-30,2025-05-08,0.0963,0.1169,2,15.85,0.91218,1.0,-1.0,0.91218,7.799138,6.656578,14.455716,4186.481398,,-268.416176
2025-04-16,Active2,CAL,23100,23437.2,CAL.NIF50.23100.20250430,405.25,502.4,502.4,923,80100,CAL.NIF50.23100.20250508,517.1,565.6,565.6,48,5550,2025-04-30,2025-05-08,0.276,0.1258,2,-59.14,0.783698,1.0,-1.0,0.783698,-76.136216,29.787819,-46.348397,4140.133001,,-314.764573
2025-04-17,Active2,CAL,23200,23851.65,CAL.NIF50.23200.20250430,428.5,747.8,747.8,5508,128925,CAL.NIF50.23200.20250508,476.75,802.65,802.65,514,5775,2025-04-30,2025-05-08,0.1126,0.0733,2,-26.38,0.898794,1.0,-1.0,0.898794,-286.984898,263.271962,-23.712936,4116.420065,,-338.477509
2025-04-21,Active2,CAL,23600,24125.55,CAL.NIF50.23600.20250430,449.7,635.2,635.2,4771,244500,CAL.NIF50.23600.20250508,548.45,707.4,707.4,288,17850,2025-04-30,2025-05-08,0.2196,0.1137,2,-55.17,0.819947,1.0,-1.0,0.819947,-152.100191,106.864197,-45.235995,4071.18407,,-383.713504
2025-04-22,Active2,CAL,23900,24167.25,CAL.NIF50.23900.20250508,473.95,488.0,488.0,509,134775,CAL.NIF50.23900.20250515,507.45,565.35,565.35,89,4725,2025-05-08,2025-05-15,0.0707,0.1585,2,40.03,0.933984,1.0,-1.0,0.933984,-13.12247,50.507643,37.385173,4108.569244,,-346.328331
2025-04-23,Active2,CAL,23900,24328.95,CAL.NIF50.23900.20250508,592.35,603.4,603.4,478,134175,CAL.NIF50.23900.20250515,645.25,673.0,715.2,33,4125,2025-05-08,2025-05-15,0.0893,0.1153,2,14.42,0.933984,1.0,-1.0,0.933984,-107.781712,93.905834,-13.875878,4094.693365,,-360.204209
2025-04-24,Active2,CAL,24100,24246.7,CAL.NIF50.24100.20250508,405.65,407.6,407.6,1670,112725,CAL.NIF50.24100.20250515,545.0,488.85,488.85,94,9825,2025-05-08,2025-05-15,0.3435,0.1993,2,-43.74,0.744312,1.0,-1.0,0.744312,-1.451408,-31.107114,-32.558522,4062.134843,,-392.762731
2025-04-25,Active2,CAL,24000,24039.35,CAL.NIF50.24000.20250508,513.85,319.0,319.0,58090,1886775,CAL.NIF50.24000.20250515,585.0,409.25,409.25,3460,72525,2025-05-08,2025-05-15,0.1385,0.2829,2,40.48,0.878376,1.0,-1.0,0.878376,171.151577,-135.598949,35.552628,4097.687471,,-357.210103
2025-04-28,Active2,CAL,23800,24328.5,CAL.NIF50.23800.20250515,584.9,750.0,731.2,254,7050,CAL.NIF50.23800.20250522,651.8,763.75,805.5,3,0,2025-05-15,2025-05-22,0.1144,0.0183,2,-64.64,0.897361,1.0,-1.0,0.897361,-148.154326,90.148526,-58.005801,4039.681671,,-415.215904
2025-04-29,Active2,CAL,24100,24335.95,CAL.NIF50.24100.20250515,546.75,499.5,499.5,337,32325,CAL.NIF50.24100.20250522,633.45,594.2,598.8,5,3000,2025-05-15,2025-05-22,0.1586,0.1896,2,13.37,0.86313,1.0,-1.0,0.86313,40.782915,-29.241023,11.541892,4051.223562,,-403.674012
2025-04-30,Active2,CAL,24100,24334.2,CAL.NIF50.24100.20250515,479.1,510.05,510.05,282,31200,CAL.NIF50.24100.20250522,545.9,554.55,554.55,26,2625,2025-05-15,2025-05-22,0.1394,0.0872,2,-23.36,0.86313,1.0,-1.0,0.86313,-9.106027,-29.539021,-38.645047,4012.578515,,-442.319059
2025-05-02,Active2,CAL,24100,24346.7,CAL.NIF50.24100.20250515,555.0,450.1,450.1,3723,78150,CAL.NIF50.24100.20250522,630.1,570.0,569.9,99,6675,2025-05-15,2025-05-22,0.1353,0.2664,2,51.96,0.86313,1.0,-1.0,0.86313,51.744672,11.510161,63.254833,4075.833348,,-379.064226
2025-05-05,Active2,CAL,24100,24461.15,CAL.NIF50.24100.20250515,508.15,506.45,506.45,979,83100,CAL.NIF50.24100.20250522,600.0,616.35,616.35,96,5625,2025-05-15,2025-05-22,0.1808,0.217,2,15.55,0.86313,1.0,-1.0,0.86313,-48.637402,34.530482,-14.10692,4061.726428,,-393.171147
2025-05-06,Active2,CAL,24200,24379.6,CAL.NIF50.24200.20250522,525.6,454.8,454.8,354,8175,CAL.NIF50.24200.20250529,614.05,538.15,538.15,4624,1083075,2025-05-22,2025-05-29,0.1683,0.1833,2,5.83,0.855956,1.0,-1.0,0.855956,60.60171,-55.608991,4.992719,4066.719146,,-388.178428
2025-05-07,Active2,CAL,24100,24414.4,CAL.NIF50.24100.20250522,522.0,530.6,530.6,122,4575,CAL.NIF50.24100.20250529,609.3,624.7,624.7,3132,643725,2025-05-22,2025-05-29,0.1672,0.1773,2,4.59,0.856721,1.0,-1.0,0.856721,-7.367799,11.303147,3.935348,4070.654494,,-384.24308
2025-05-08,Active2,CAL,24200,24273.8,CAL.NIF50.24200.20250522,470.0,376.4,376.4,2236,60600,CAL.NIF50.24200.20250529,561.6,460.5,460.5,14289,1266900,2025-05-22,2025-05-29,0.1949,0.2234,2,8.99,0.836895,1.0,-1.0,0.836895,78.333333,-70.809687,7.523647,4078.178141,,-376.719434
2025-05-09,Active2,CAL,24000,24008.0,CAL.NIF50.24000.20250522,353.3,355.35,355.35,30988,464850,CAL.NIF50.24000.20250529,450.05,456.6,456.6,91699,3556950,2025-05-22,2025-05-29,0.2738,0.2849,2,3.09,0.785024,1.0,-1.0,0.785024,-1.609299,4.036519,2.42722,4080.605361,,-374.292213
2025-05-12,Active2,CAL,23800,24924.7,CAL.NIF50.23800.20250522,751.0,1227.6,1227.6,1094,64500,CAL.NIF50.23800.20250529,790.0,1321.4,1321.4,1938,335175,2025-05-22,2025-05-29,0.0519,0.0764,2,28.57,0.950633,1.0,-1.0,0.950633,-453.071646,480.227738,27.156093,4107.761454,,-347.136121
2025-05-13,Active2,CAL,24700,24578.35,CAL.NIF50.24700.20250529,500.1,299.1,299.1,70433,1607175,CAL.NIF50.24700.20250605,580.0,373.9,373.9,532,25125,2025-05-29,2025-06-05,0.1598,0.2501,2,23.29,0.862241,1.0,-1.0,0.862241,173.310517,-153.227146,20.083371,4127.844824,,-327.05275
2025-05-14,Active2,CAL,24300,24666.9,CAL.NIF50.24300.20250529,540.0,571.6,571.6,3598,809325,CAL.NIF50.24300.20250605,639.3,657.2,657.2,10,3450,2025-05-29,2025-06-05,0.1839,0.1498,2,-16.48,0.844674,1.0,-1.0,0.844674,-26.691694,12.771183,-13.920511,4113.924314,,-340.97326
2025-05-15,Active2,CAL,24400,25062.1,CAL.NIF50.24400.20250529,500.45,772.85,772.85,14450,809925,CAL.NIF50.24400.20250605,535.0,832.4,832.4,89,4950,2025-05-29,2025-06-05,0.069,0.0771,2,5.79,0.935421,1.0,-1.0,0.935421,-254.808561,260.228457,5.419897,4119.34421,,-335.553364
2025-05-16,Active2,CAL,24800,25019.8,CAL.NIF50.24800.20250529,476.4,444.05,444.05,25588,1329300,CAL.NIF50.24800.20250605,542.05,530.7,530.7,333,38175,2025-05-29,2025-06-05,0.1378,0.1951,2,22.37,0.878886,1.0,-1.0,0.878886,28.431953,-8.767195,19.664758,4139.008968,,-315.888606
2025-05-19,Active2,CAL,24800,24945.45,CAL.NIF50.24800.20250529,419.0,366.7,366.7,13817,1314300,CAL.NIF50.24800.20250605,509.05,456.8,456.8,641,62100,2025-05-29,2025-06-05,0.2149,0.2457,2,9.29,0.878886,1.0,-1.0,0.878886,67.98181,-57.083323,10.898487,4149.907455,,-304.990119
2025-05-20,Active2,CAL,24700,24683.9,CAL.NIF50.24700.20250605,516.95,375.1,375.1,2024,67275,CAL.NIF50.24700.20250612,626.55,458.3,458.3,131,5250,2025-06-05,2025-06-12,0.212,0.2218,2,3.03,0.825074,1.0,-1.0,0.825074,117.036721,-114.53565,2.501071,4152.408526,,-302.489048
2025-05-21,Active2,CAL,24400,24813.45,CAL.NIF50.24400.20250605,645.0,608.1,608.1,188,23250,CAL.NIF50.24400.20250612,630.0,663.55,663.55,21,1200,2025-06-05,2025-06-12,-0.0233,0.0912,2,71.25,1.02381,1.0,-1.0,1.02381,37.778571,35.166638,72.94521,4225.353736,,-229.543838
2025-05-22,Active2,CAL,24600,24609.7,CAL.NIF50.24600.20250605,420.0,331.5,331.5,16075,291300,CAL.NIF50.24600.20250612,446.05,417.55,417.55,690,19800,2025-06-05,2025-06-12,0.062,0.2596,2,61.66,0.941598,1.0,-1.0,0.941598,83.331465,-25.268319,58.063146,4283.416882,,-171.480692
2025-05-23,Active2,CAL,24400,24853.15,CAL.NIF50.24400.20250605,456.6,616.0,616.0,2329,85275,CAL.NIF50.24400.20250612,556.0,697.4,697.4,128,7425,2025-06-05,2025-06-12,0.2177,0.1321,2,-43.28,0.821223,1.0,-1.0,0.821223,-130.90295,95.361185,-35.541764,4247.875118,,-207.022457
2025-05-26,Active2,CAL,24600,25001.15,CAL.NIF50.24600.20250605,533.95,588.8,588.8,2434,162675,CAL.NIF50.24600.20250612,668.05,667.85,667.85,196,14475,2025-06-05,2025-06-12,0.2511,0.1343,2,-55.01,0.799267,1.0,-1.0,0.799267,-43.839769,-0.127765,-43.967534,4203.907584,,-250.989991
2025-05-27,Active2,CAL,24800,24826.2,CAL.NIF50.24800.20250612,533.35,431.7,431.7,10156,165150,CAL.NIF50.24800.20250619,554.9,497.65,497.65,522,9675,2025-06-12,2025-06-19,0.0404,0.1528,2,46.62,0.961164,1.0,-1.0,0.961164,97.702338,-52.889644,44.812695,4248.720278,,-206.177296
2025-05-28,Active2,CAL,24600,24752.45,CAL.NIF50.24600.20250612,549.95,467.4,467.4,647,30750,CAL.NIF50.24600.20250619,602.35,541.0,541.0,39,2175,2025-06-12,2025-06-19,0.0953,0.1575,2,26.54,0.913007,1.0,-1.0,0.913007,75.36876,-51.140286,24.228474,4272.948752,,-181.948822
2025-05-29,Active2,CAL,24500,24833.6,CAL.NIF50.24500.20250612,575.0,527.9,527.9,2816,79125,CAL.NIF50.24500.20250619,663.4,606.35,606.35,188,9900,2025-06-12,2025-06-19,0.1537,0.1486,2,-2.35,0.866747,1.0,-1.0,0.866747,40.823787,-42.858839,-2.035053,4270.9137,,-183.983874
2025-05-30,Active2,CAL,24600,24750.7,CAL.NIF50.24600.20250612,468.5,418.65,418.65,2548,69900,CAL.NIF50.24600.20250619,543.35,496.75,496.75,99,4800,2025-06-12,2025-06-19,0.1598,0.1866,2,9.67,0.862243,1.0,-1.0,0.862243,42.982838,-34.645415,8.337423,4279.251123,,-175.646451
2025-06-02,Active2,CAL,24500,24716.6,CAL.NIF50.24500.20250612,434.8,466.75,466.75,21785,212025,CAL.NIF50.24500.20250619,470.6,548.05,548.05,1095,31725,2025-06-12,2025-06-19,0.0823,0.1742,2,39.61,0.923927,1.0,-1.0,0.923927,-29.519465,66.114489,36.595025,4315.846148,,-139.051426
2025-06-03,Active2,CAL,24500,24542.5,CAL.NIF50.24500.20250619,592.55,413.5,413.5,1879,40575,CAL.NIF50.24500.20250626,636.5,487.15,487.15,30809,1715625,2025-06-19,2025-06-26,0.0742,0.1781,2,40.01,0.930951,1.0,-1.0,0.930951,166.686689,-129.436993,37.249696,4353.095843,,-101.801731
2025-06-04,Active2,CAL,24300,24620.2,CAL.NIF50.24300.20250619,528.25,534.9,534.9,221,4050,CAL.NIF50.24300.20250626,613.55,623.1,623.1,1219,97950,2025-06-19,2025-06-26,0.1615,0.1649,2,1.57,0.860973,1.0,-1.0,0.860973,-5.725471,7.079172,1.353701,4354.449545,,-100.448029
2025-06-05,Active2,CAL,24400,24750.9,CAL.NIF50.24400.20250619,492.3,542.35,542.35,689,11100,CAL.NIF50.24400.20250626,572.55,633.85,633.85,3655,143775,2025-06-19,2025-06-26,0.163,0.1687,2,2.66,0.859838,1.0,-1.0,0.859838,-43.03487,45.320356,2.285485,4356.73503,,-98.162544
2025-06-06,Active2,CAL,24500,25003.05,CAL.NIF50.24500.20250619,456.95,639.95,639.95,4025,84375,CAL.NIF50.24500.20250626,568.0,721.75,721.75,22632,1324725,2025-06-19,2025-06-26,0.243,0.1278,2,-59.31,0.804489,1.0,-1.0,0.804489,-147.221567,99.5075,-47.714067,4309.020963,,-145.876611
2025-06-09,Active2,CAL,24800,25103.2,CAL.NIF50.24800.20250619,484.0,451.7,451.7,3434,230625,CAL.NIF50.24800.20250626,525.7,544.5,544.5,10929,1431375,2025-06-19,2025-06-26,0.0862,0.2054,2,49.61,0.920677,1.0,-1.0,0.920677,29.737873,15.935754,45.673627,4354.694591,,-100.202984
2025-06-10,Active2,CAL,24900,25104.25,CAL.NIF50.24900.20250626,500.0,431.75,431.75,6876,1084650,CAL.NIF50.24900.20250703,559.3,509.4,509.4,161,13350,2025-06-26,2025-07-03,0.1186,0.1798,2,23.64,0.893975,1.0,-1.0,0.893975,61.013767,-39.879611,21.134156,4375.828747,,-79.068828
2025-06-11,Active2,CAL,24900,25141.4,CAL.NIF50.24900.20250626,425.55,454.8,454.8,6946,1030350,CAL.NIF50.24900.20250703,529.0,534.1,534.1,115,8925,2025-06-26,2025-07-03,0.2431,0.1744,2,-25.15,0.893975,1.0,-1.0,0.893975,-20.606115,19.740008,-0.866107,4374.96264,,-79.934934
2025-06-12,Active2,CAL,24900,24888.2,CAL.NIF50.24900.20250626,455.05,279.95,279.95,34578,1367100,CAL.NIF50.24900.20250703,531.0,363.0,363.0,884,33225,2025-06-26,2025-07-03,0.1669,0.2967,2,31.13,0.893975,1.0,-1.0,0.893975,156.311461,-136.741513,19.569948,4394.532588,,-60.364986
2025-06-13,Active2,CAL,24600,24718.6,CAL.NIF50.24600.20250626,311.0,339.85,339.85,52544,842325,CAL.NIF50.24600.20250703,410.6,418.7,418.7,2841,47775,2025-06-26,2025-07-03,0.3203,0.232,2,-22.71,0.757428,1.0,-1.0,0.757428,-21.851802,4.646949,-17.204853,4377.327735,,-77.569839
2025-06-16,Active2,CAL,24500,24946.5,CAL.NIF50.24500.20250626,406.0,585.7,585.7,23130,1618875,CAL.NIF50.24500.20250703,510.0,656.55,656.55,1169,57825,2025-06-26,2025-07-03,0.2562,0.121,2,-63.03,0.796078,1.0,-1.0,0.796078,-143.055294,92.874724,-50.18057,4327.147165,,-127.750409
2025-06-17,Active2,CAL,24700,24853.4,CAL.NIF50.24700.20250703,465.45,403.0,403.0,1063,71850,CAL.NIF50.24700.20250710,520.0,475.55,475.55,58,6900,2025-07-03,2025-07-10,0.1172,0.18,2,22.66,0.895096,1.0,-1.0,0.895096,55.898755,-35.613212,20.285543,4347.432708,,-107.464867
2025-06-18,Active2,CAL,24600,24812.05,CAL.NIF50.24600.20250703,446.2,428.75,428.75,1649,68400,CAL.NIF50.24600.20250710,564.9,502.1,502.1,140,9300,2025-07-03,2025-07-10,0.266,0.1711,2,-32.15,0.789874,1.0,-1.0,0.789874,13.783307,-39.18101,-25.397703,4322.035004,,-132.86257
2025-06-19,Active2,CAL,24600,24793.25,CAL.NIF50.24600.20250703,393.05,399.9,399.9,578,73875,CAL.NIF50.24600.20250710,467.05,490.0,554.4,29,9750,2025-07-03,2025-07-10,0.1883,0.2253,2,12.46,0.789874,1.0,-1.0,0.789874,22.787874,-7.549207,15.238667,4337.273671,,-117.623903
2025-06-20,Active2,CAL,24500,25112.4,CAL.NIF50.24500.20250703,480.0,697.4,697.4,3078,117675,CAL.NIF50.24500.20250710,578.2,751.75,751.75,268,15375,2025-07-03,2025-07-10,0.2046,0.0779,2,-73.33,0.830163,1.0,-1.0,0.830163,-180.477343,119.605436,-60.871908,4276.401763,,-178.495811
2025-06-23,Active2,CAL,24900,24971.9,CAL.NIF50.24900.20250703,311.4,288.8,288.8,70467,528825,CAL.NIF50.24900.20250710,389.65,369.85,369.85,3600,49950,2025-07-03,2025-07-10,0.2513,0.2806,2,6.78,0.799179,1.0,-1.0,0.799179,18.06144,-12.645996,5.415444,4281.817207,,-173.080367
2025-06-24,Active2,CAL,24700,25044.35,CAL.NIF50.24700.20250710,685.95,551.15,551.15,650,22200,CAL.NIF50.24700.20250717,712.15,610.0,675.8,75,3975,2025-07-10,2025-07-17,0.0382,0.1068,2,36.41,0.96321,1.0,-1.0,0.96321,129.840708,-94.772063,35.068645,4316.885852,,-138.011722
2025-06-25,Active2,CAL,24800,25244.75,CAL.NIF50.24800.20250710,519.0,575.05,575.05,942,35550,CAL.NIF50.24800.20250717,580.0,670.65,735.25,52,13125,2025-07-10,2025-07-17,0.1175,0.1662,2,25.07,0.894828,1.0,-1.0,0.894828,-50.155086,72.584942,22.429856,4339.315708,,-115.581866
2025-06-26,Active2,CAL,25000,25549.0,CAL.NIF50.25000.20250710,441.0,630.45,630.45,5987,184950,CAL.NIF50.25000.20250717,500.25,685.4,685.4,791,32325,2025-07-10,2025-07-17,0.1344,0.0872,2,-26.23,0.881559,1.0,-1.0,0.881559,-167.011394,143.888704,-23.12269,4316.193018,,-138.704557
2025-06-27,Active2,CAL,25300,25637.8,CAL.NIF50.25300.20250710,430.0,475.9,475.9,4848,339300,CAL.NIF50.25300.20250717,520.35,543.45,543.45,396,26925,2025-07-10,2025-07-17,0.2101,0.1419,2,-26.81,0.826367,1.0,-1.0,0.826367,-37.930239,15.774579,-22.15566,4294.037357,,-160.860217
2025-06-30,Active2,CAL,25400,25517.05,CAL.NIF50.25400.20250710,409.75,298.85,298.85,13002,260775,CAL.NIF50.25400.20250717,461.35,370.75,370.75,820,39675,2025-07-10,2025-07-17,0.1259,0.2406,2,30.43,0.888154,1.0,-1.0,0.888154,98.496315,-71.466921,27.029394,4321.066751,,-133.830823
2025-07-01,Active2,CAL,25300,25541.8,CAL.NIF50.25300.20250717,449.85,441.4,441.4,410,33000,CAL.NIF50.25300.20250724,513.4,506.75,506.75,35,3975,2025-07-17,2025-07-24,0.1413,0.1481,2,2.62,0.876217,1.0,-1.0,0.876217,7.404037,-5.105583,2.298454,4323.365205,,-131.532369
2025-07-02,Active2,CAL,25300,25453.4,CAL.NIF50.25300.20250717,463.0,354.6,354.6,2099,80100,CAL.NIF50.25300.20250724,515.35,419.6,419.6,168,9975,2025-07-17,2025-07-24,0.1131,0.1833,2,22.38,0.876217,1.0,-1.0,0.876217,76.055668,-66.910013,9.145655,4332.51086,,-122.386714
2025-07-03,Active2,CAL,25200,25405.3,CAL.NIF50.25200.20250717,436.9,385.75,385.75,1664,99150,CAL.NIF50.25200.20250724,501.3,457.0,457.0,167,6900,2025-07-17,2025-07-24,0.1474,0.1847,2,12.54,0.871534,1.0,-1.0,0.871534,44.578965,-33.649019,10.929946,4343.440806,,-111.456768
2025-07-04,Active2,CAL,25200,25461.0,CAL.NIF50.25200.20250717,383.1,394.35,394.35,3821,133950,CAL.NIF50.25200.20250724,465.0,466.2,466.2,327,11925,2025-07-17,2025-07-24,0.2138,0.1822,2,-10.26,0.871534,1.0,-1.0,0.871534,-7.495192,6.988058,-0.507134,4342.933672,,-111.963903
2025-07-07,Active2,CAL,25200,25461.3,CAL.NIF50.25200.20250717,357.7,379.3,379.3,2410,157125,CAL.NIF50.25200.20250724,456.0,451.8,451.8,51,13125,2025-07-17,2025-07-24,0.2748,0.1911,2,-24.89,0.871534,1.0,-1.0,0.871534,13.116587,-10.93783,2.178757,4345.112428,,-109.785146
2025-07-08,Active2,CAL,25200,25522.5,CAL.NIF50.25200.20250724,436.3,486.1,486.1,869,56025,CAL.NIF50.25200.20250731,496.7,554.5,554.5,3390,448200,2025-07-24,2025-07-31,0.1384,0.1407,2,0.97,0.878397,1.0,-1.0,0.878397,-43.744192,44.597441,0.85325,4345.965678,,-108.931896
2025-07-09,Active2,CAL,25300,25476.1,CAL.NIF50.25300.20250724,400.0,367.3,367.3,1045,42600,CAL.NIF50.25300.20250731,471.65,430.5,430.5,5033,514050,2025-07-24,2025-07-31,0.1791,0.1721,2,-2.2,0.848087,1.0,-1.0,0.848087,27.732429,-29.597167,-1.864738,4344.10094,,-110.796634
2025-07-10,Active2,CAL,25200,25355.25,CAL.NIF50.25200.20250724,422.6,328.85,328.85,1356,71700,CAL.NIF50.25200.20250731,492.2,394.6,394.6,3909,437175,2025-07-24,2025-07-31,0.1647,0.1999,2,9.95,0.858594,1.0,-1.0,0.858594,80.493194,-71.949136,8.544058,4352.644997,,-102.252577
2025-07-11,Active2,CAL,25100,25149.85,CAL.NIF50.25100.20250724,325.05,254.75,254.75,6803,71400,CAL.NIF50.25100.20250731,390.0,322.3,322.3,10465,394275,2025-07-24,2025-07-31,0.1998,0.2652,2,13.87,0.833462,1.0,-1.0,0.833462,58.592346,-47.028356,11.56399,4364.208988,,-90.688586
2025-07-14,Active2,CAL,24900,25082.3,CAL.NIF50.24900.20250724,369.55,338.65,338.65,3380,59625,CAL.NIF50.24900.20250731,428.55,404.4,404.4,4721,308625,2025-07-24,2025-07-31,0.1597,0.1942,2,10.07,0.862326,1.0,-1.0,0.862326,26.645887,-17.958107,8.687781,4372.896768,,-82.000806
2025-07-15,Active2,CAL,24800,25195.8,CAL.NIF50.24800.20250731,479.85,540.7,540.7,3564,487275,CAL.NIF50.24800.20250807,631.75,625.55,702.95,3,600,2025-07-31,2025-08-07,0.3166,0.1569,2,-65.56,0.759557,1.0,-1.0,0.759557,-46.21903,-3.576944,-49.795975,4323.100793,,-131.796781
2025-07-16,Active2,CAL,24900,25212.05,CAL.NIF50.24900.20250731,419.95,431.15,431.15,2289,276975,CAL.NIF50.24900.20250807,492.6,498.85,636.25,15,900,2025-07-31,2025-08-07,0.173,0.157,2,-5.87,0.852517,1.0,-1.0,0.852517,-9.548193,4.54241,-5.005783,4318.095011,,-136.802564
2025-07-17,Active2,CAL,25000,25111.45,CAL.NIF50.25000.20250731,366.4,298.55,298.55,36336,3044925,CAL.NIF50.25000.20250807,445.2,365.45,365.45,562,37425,2025-07-31,2025-08-07,0.2151,0.2241,2,2.22,0.823001,1.0,-1.0,0.823001,55.840611,-54.017106,1.823505,4319.918516,,-134.979058
2025-07-18,Active2,CAL,24900,24968.4,CAL.NIF50.24900.20250731,360.0,270.1,270.1,18732,401400,CAL.NIF50.24900.20250807,418.0,340.55,340.55,537,9525,2025-07-31,2025-08-07,0.1611,0.2608,2,23.2,0.861244,1.0,-1.0,0.861244,77.425837,-57.447861,19.977977,4339.896493,,-115.001082
2025-07-21,Active2,CAL,24700,25090.7,CAL.NIF50.24700.20250731,409.0,471.85,471.85,4599,186150,CAL.NIF50.24700.20250807,450.0,529.5,529.5,217,13125,2025-07-31,2025-08-07,0.1002,0.1222,2,9.41,0.908889,1.0,-1.0,0.908889,-57.123667,65.673281,8.549615,4348.446107,,-106.451467
2025-07-22,Active2,CAL,24800,25060.9,CAL.NIF50.24800.20250807,470.0,411.5,411.5,508,40500,CAL.NIF50.24800.20250814,462.3,470.05,470.05,2,375,2025-08-07,2025-08-14,-0.0164,0.1423,2,66.38,1.016656,1.0,-1.0,1.016656,59.474367,8.010316,67.484683,4415.93079,,-38.966784
2025-07-23,Active2,CAL,24800,25219.9,CAL.NIF50.24800.20250807,447.2,528.2,528.2,618,35400,CAL.NIF50.24800.20250814,495.35,577.45,705.35,6,675,2025-08-07,2025-08-14,0.1077,0.0932,2,-6.88,1.016656,1.0,-1.0,1.016656,-118.643738,111.007471,-7.636266,4408.294524,,-46.60305
2025-07-24,Active2,CAL,25000,25062.1,CAL.NIF50.25000.20250807,370.0,255.65,255.65,12119,398025,CAL.NIF50.25000.20250814,416.05,318.95,318.95,817,42975,2025-08-07,2025-08-14,0.1245,0.2476,2,28.0,0.889316,1.0,-1.0,0.889316,101.693306,-76.794767,24.898539,4433.193063,,-21.704511
2025-07-25,Active2,CAL,24800,24837.0,CAL.NIF50.24800.20250807,350.0,231.8,231.8,29996,413700,CAL.NIF50.24800.20250814,377.8,298.75,298.75,1687,28650,2025-08-07,2025-08-14,0.0794,0.2888,2,44.97,0.926416,1.0,-1.0,0.926416,109.502382,-67.844408,41.657974,4474.851038,,0.0
2025-07-28,Active2,CAL,24600,24680.9,CAL.NIF50.24600.20250807,331.45,268.0,268.0,13394,197775,CAL.NIF50.24600.20250814,387.55,338.65,338.65,712,14850,2025-08-07,2025-08-14,0.1693,0.2636,2,21.63,0.855244,1.0,-1.0,0.855244,54.265263,-35.767569,18.497694,4493.348731,,0.0
2025-07-29,Active2,CAL,24400,24821.1,CAL.NIF50.24400.20250814,433.0,562.35,562.35,284,12150,CAL.NIF50.24400.20250821,0.0,1040.2,708.65,0,0,2025-08-14,2025-08-21,-1.0,0.8497,2,,,1.0,0.0,0.0,0.0,0.0,0.0,4493.348731,"2025-07-29 00:00:00: Leg2_Open missing, used Leg2_Settle; 2025-07-29 00:00:00: no open-price ratio (leg open<=0), trade skipped",0.0
2025-07-30,Active2,CAL,24600,24855.05,CAL.NIF50.24600.20250814,385.05,412.25,412.25,585,29175,CAL.NIF50.24600.20250821,464.3,483.0,588.6,7,1200,2025-08-14,2025-08-21,0.2058,0.1716,2,-11.69,0.829313,1.0,-1.0,0.829313,-22.557312,12.861111,-9.696201,4483.652531,,-9.696201
2025-07-31,Active2,CAL,24600,24768.35,CAL.NIF50.24600.20250814,325.0,347.95,347.95,6362,68775,CAL.NIF50.24600.20250821,335.0,398.95,398.95,139,1200,2025-08-14,2025-08-21,0.0308,0.1466,2,39.09,0.829313,1.0,-1.0,0.829313,53.324822,-57.806225,-4.481402,4479.171128,,-14.177603
2025-08-01,Active2,CAL,24500,24565.35,CAL.NIF50.24500.20250814,385.0,263.9,263.9,10952,191475,CAL.NIF50.24500.20250821,410.0,319.8,319.8,459,17175,2025-08-14,2025-08-21,0.0649,0.2118,2,36.4,0.939024,1.0,-1.0,0.939024,113.715854,-79.535366,34.180488,4513.351616,,0.0
2025-08-04,Active2,CAL,24300,24722.75,CAL.NIF50.24300.20250814,410.0,504.35,504.35,1298,176100,CAL.NIF50.24300.20250821,495.0,560.0,641.45,4,1800,2025-08-14,2025-08-21,0.2073,0.1103,2,-40.51,0.828283,1.0,-1.0,0.828283,-78.148485,44.593409,-33.555076,4479.79654,,-33.555076
2025-08-05,Active2,CAL,24500,24649.55,CAL.NIF50.24500.20250821,400.25,331.95,331.95,1453,51675,CAL.NIF50.24500.20250828,440.0,386.3,386.3,21605,836325,2025-08-21,2025-08-28,0.0993,0.1637,2,19.45,0.909659,1.0,-1.0,0.909659,62.129716,-44.435658,17.694058,4497.490598,,-15.861018
2025-08-06,Active2,CAL,24400,24574.2,CAL.NIF50.24400.20250821,423.7,341.55,341.55,246,7800,CAL.NIF50.24400.20250828,459.25,403.75,403.75,2608,77550,2025-08-21,2025-08-28,0.0839,0.1821,2,30.95,0.922591,1.0,-1.0,0.922591,75.790866,-47.240184,28.550681,4526.04128,,0.0
2025-08-07,Active2,CAL,24300,24596.15,CAL.NIF50.24300.20250821,360.05,426.75,426.75,2919,44850,CAL.NIF50.24300.20250828,413.8,485.2,485.2,8392,134025,2025-08-21,2025-08-28,0.1493,0.137,2,-4.57,0.870106,1.0,-1.0,0.870106,-58.036092,54.055871,-3.980221,4522.061058,,-3.980221
2025-08-08,Active2,CAL,24300,24363.3,CAL.NIF50.24300.20250821,423.2,260.05,260.05,5145,80475,CAL.NIF50.24300.20250828,477.0,325.05,325.05,9957,311175,2025-08-21,2025-08-28,0.1271,0.25,2,28.34,0.870106,1.0,-1.0,0.870106,145.046725,-121.247167,23.799558,4545.860617,,0.0
2025-08-11,Active2,CAL,24100,24585.05,CAL.NIF50.24100.20250821,394.95,531.4,531.4,1704,47175,CAL.NIF50.24100.20250828,440.0,589.85,589.85,830,65850,2025-08-21,2025-08-28,0.1141,0.11,2,-1.94,0.897614,1.0,-1.0,0.897614,-122.479381,120.735679,-1.743701,4544.116915,,-1.743701
2025-08-12,Active2,CAL,24300,24487.4,CAL.NIF50.24300.20250828,429.05,375.5,375.5,7052,203250,CAL.NIF50.24300.20250902,474.2,421.7,421.7,92,10050,2025-08-28,2025-09-02,0.1052,0.123,2,6.05,0.904787,1.0,-1.0,0.904787,48.451344,-42.978575,5.472769,4549.589684,,0.0
2025-08-13,Active2,CAL,24200,24619.35,CAL.NIF50.24200.20250828,509.95,570.1,570.1,4283,421875,CAL.NIF50.24200.20250902,570.4,622.5,622.5,167,5025,2025-08-28,2025-09-02,0.1185,0.0919,2,-13.57,0.894022,1.0,-1.0,0.894022,-53.775408,41.642221,-12.133187,4537.456497,,-12.133187
2025-08-14,Active2,CAL,24400,24631.3,CAL.NIF50.24400.20250828,410.3,387.05,387.05,7156,452775,CAL.NIF50.24400.20250902,450.0,437.45,437.45,167,23475,2025-08-28,2025-09-02,0.0968,0.1302,2,11.81,0.911778,1.0,-1.0,0.911778,21.198833,-10.433301,10.765532,4548.22203,,-1.367654
2025-08-18,Active2,CAL,24400,24876.95,CAL.NIF50.24400.20250828,550.0,602.1,602.1,4708,285375,CAL.NIF50.24400.20250902,548.9,650.05,650.05,349,9075,2025-08-28,2025-09-02,-0.002,0.0796,2,49.25,0.911778,1.0,-1.0,0.911778,-196.077811,176.742611,-19.3352,4528.88683,,-20.702855
2025-08-19,Active2,CAL,24600,24980.65,CAL.NIF50.24600.20250902,473.95,517.2,517.2,963,72900,CAL.NIF50.24600.20250909,531.85,581.3,581.3,645,8550,2025-09-02,2025-09-09,0.1222,0.1239,2,0.82,0.891135,1.0,-1.0,0.891135,-38.541577,39.269288,0.727711,4529.614541,,-19.975143
2025-08-20,Active2,CAL,24700,25050.55,CAL.NIF50.24700.20250902,399.95,474.15,474.15,601,60675,CAL.NIF50.24700.20250909,476.0,539.15,539.15,152,9525,2025-09-02,2025-09-09,0.1901,0.1371,2,-21.14,0.840231,1.0,-1.0,0.840231,-62.345147,44.58316,-17.761987,4511.852554,,-37.73713
2025-08-21,Active2,CAL,24800,25083.75,CAL.NIF50.24800.20250902,420.0,412.15,412.15,1935,72600,CAL.NIF50.24800.20250909,491.1,476.9,476.9,217,15375,2025-09-02,2025-09-09,0.1693,0.1571,2,-4.29,0.855223,1.0,-1.0,0.855223,6.7135,-10.38597,-3.67247,4508.180085,,-41.4096
2025-08-22,Active2,CAL,24800,24870.1,CAL.NIF50.24800.20250902,362.0,244.1,244.1,14401,205350,CAL.NIF50.24800.20250909,444.05,321.05,321.05,1254,35850,2025-09-02,2025-09-09,0.2267,0.3152,2,17.63,0.855223,1.0,-1.0,0.855223,143.72022,-113.989676,29.730544,4537.910629,,-11.679056
2025-08-25,Active2,CAL,24600,24967.75,CAL.NIF50.24600.20250902,424.05,444.05,444.05,1552,119325,CAL.NIF50.24600.20250909,474.95,506.55,506.55,201,17400,2025-09-02,2025-09-09,0.12,0.1407,2,8.21,0.892831,1.0,-1.0,0.892831,-17.856616,25.189841,7.333225,4545.243854,,-4.345831
2025-08-26,Active2,CAL,24700,24712.05,CAL.NIF50.24700.20250909,365.15,248.85,248.85,7116,156675,CAL.NIF50.24700.20250916,444.35,315.3,315.3,589,24525,2025-09-09,2025-09-16,0.2169,0.267,2,10.25,0.821762,1.0,-1.0,0.821762,95.570935,-87.14656,8.424375,4553.668228,,0.0
2025-08-28,Active2,CAL,24500,24500.9,CAL.NIF50.24500.20250909,354.0,232.2,232.2,24094,387600,CAL.NIF50.24500.20250916,386.9,301.75,301.75,1951,48075,2025-09-09,2025-09-16,0.0929,0.2995,2,43.89,0.914965,1.0,-1.0,0.914965,111.44275,-71.284272,40.158478,4593.826707,,0.0
2025-08-29,Active2,CAL,24300,24426.85,CAL.NIF50.24300.20250909,363.4,290.0,290.0,5533,120675,CAL.NIF50.24300.20250916,472.15,365.05,365.05,369,14850,2025-09-09,2025-09-16,0.2993,0.2588,2,-9.03,0.769671,1.0,-1.0,0.769671,56.493826,-63.445282,-6.951455,4586.875251,,-6.951455
2025-09-01,Active2,CAL,24200,24625.05,CAL.NIF50.24200.20250916,468.0,555.0,555.0,444,11625,CAL.NIF50.24200.20250923,543.9,584.0,688.9,4,3525,2025-09-16,2025-09-23,0.1622,0.0523,2,-52.5,0.860452,1.0,-1.0,0.860452,-74.859349,29.689163,-45.170186,4541.705066,,-52.121641
2025-09-02,Active2,CAL,24400,24579.6,CAL.NIF50.24400.20250916,412.4,347.3,347.3,1478,39900,CAL.NIF50.24400.20250923,476.05,407.65,407.65,68,3000,2025-09-16,2025-09-23,0.1543,0.1738,2,5.85,0.866296,1.0,-1.0,0.866296,56.395841,-51.332011,5.06383,4546.768896,,-47.057811
2025-09-03,Active2,CAL,24300,24715.05,CAL.NIF50.24300.20250916,412.35,507.0,507.0,1778,46500,CAL.NIF50.24300.20250923,472.0,554.1,554.1,68,1050,2025-09-16,2025-09-23,0.1447,0.0929,2,-22.93,0.873623,1.0,-1.0,0.873623,-82.688406,62.660111,-20.028295,4526.740601,,-67.086106
2025-09-04,Active2,CAL,24500,24734.3,CAL.NIF50.24500.20250916,456.0,348.15,348.15,9744,386100,CAL.NIF50.24500.20250923,541.65,410.85,410.85,860,29025,2025-09-16,2025-09-23,0.1878,0.1801,2,-2.27,0.841872,1.0,-1.0,0.841872,90.795901,-92.704312,-1.90841,4524.83219,,-68.994516
2025-09-05,Active2,CAL,24500,24741.0,CAL.NIF50.24500.20250916,370.0,351.7,351.7,21624,500700,CAL.NIF50.24500.20250923,450.7,419.5,419.5,953,26100,2025-09-16,2025-09-23,0.2181,0.1928,2,-7.31,0.841872,1.0,-1.0,0.841872,-2.988646,6.130675,3.142029,4527.97422,,-65.852487
2025-09-08,Active2,CAL,24500,24773.15,CAL.NIF50.24500.20250923,440.35,439.05,439.05,876,31575,CAL.NIF50.24500.20250930,487.1,495.95,495.95,12629,1810125,2025-09-23,2025-09-30,0.1062,0.1296,2,9.3,0.904024,1.0,-1.0,0.904024,1.175231,7.232743,8.407974,4536.382193,,-57.444514
2025-09-09,Active2,CAL,24500,24868.6,CAL.NIF50.24500.20250923,474.15,479.5,479.5,531,34650,CAL.NIF50.24500.20250930,535.7,532.85,532.85,12361,1644675,2025-09-23,2025-09-30,0.1298,0.1113,2,-7.87,0.904024,1.0,-1.0,0.904024,-36.567763,30.156859,-6.410904,4529.971289,,-63.855418
2025-09-10,Active2,CAL,24600,24973.1,CAL.NIF50.24600.20250923,457.55,491.45,491.45,1850,72375,CAL.NIF50.24600.20250930,515.95,545.15,545.15,3525,578700,2025-09-23,2025-09-30,0.1276,0.1093,2,-8.01,0.886811,1.0,-1.0,0.886811,-30.062884,22.963852,-7.099032,4522.872257,,-70.95445
2025-09-11,Active2,CAL,24700,25005.5,CAL.NIF50.24700.20250923,401.4,426.65,426.65,1448,120675,CAL.NIF50.24700.20250930,467.3,485.95,485.95,2942,1469475,2025-09-23,2025-09-30,0.1642,0.139,2,-9.23,0.858977,1.0,-1.0,0.858977,-21.689172,13.760747,-7.928425,4514.943832,,-78.882875
2025-09-12,Active2,CAL,24800,25114.0,CAL.NIF50.24800.20250923,359.0,410.5,410.5,4735,221400,CAL.NIF50.24800.20250930,435.95,473.75,473.75,8149,1270200,2025-09-23,2025-09-30,0.2143,0.1541,2,-20.37,0.823489,1.0,-1.0,0.823489,-42.40968,25.633466,-16.776214,4498.167618,,-95.659089
2025-09-15,Active2,CAL,24900,25069.2,CAL.NIF50.24900.20250930,385.95,356.35,356.35,7695,1487625,CAL.NIF50.24900.20251007,432.75,415.35,415.35,78,6600,2025-09-30,2025-10-07,0.1213,0.1656,2,14.08,0.891854,1.0,-1.0,0.891854,26.398891,-13.840035,12.558856,4510.726474,,-83.100233
2025-09-16,Active2,CAL,24800,25239.1,CAL.NIF50.24800.20250930,430.5,572.8,572.8,7562,1121700,CAL.NIF50.24800.20251007,486.0,618.1,618.1,88,6975,2025-09-30,2025-10-07,0.1289,0.0791,2,-25.29,0.885802,1.0,-1.0,0.885802,-126.049691,103.651738,-22.397953,4488.328521,,-105.498186
2025-09-17,Active2,CAL,25000,25330.25,CAL.NIF50.25000.20250930,431.0,470.3,470.3,36197,3766800,CAL.NIF50.25000.20251007,504.05,529.15,529.15,322,36750,2025-09-30,2025-10-07,0.1695,0.1251,2,-17.84,0.855074,1.0,-1.0,0.855074,-33.604404,18.3519,-15.252505,4473.076016,,-120.75069
2025-09-18,Active2,CAL,25100,25423.6,CAL.NIF50.25100.20250930,415.0,449.0,449.0,12151,1153050,CAL.NIF50.25100.20251007,490.0,504.65,504.65,369,36975,2025-09-30,2025-10-07,0.1807,0.1239,2,-21.59,0.846939,1.0,-1.0,0.846939,-28.795918,10.508522,-18.287396,4454.788621,,-139.038086
2025-09-19,Active2,CAL,25200,25327.05,CAL.NIF50.25200.20250930,350.0,276.9,276.9,46108,2367300,CAL.NIF50.25200.20251007,357.6,349.1,349.1,1216,79950,2025-09-30,2025-10-07,0.0217,0.2607,2,64.78,0.978747,1.0,-1.0,0.978747,71.546421,-8.142542,63.403879,4518.192499,,-75.634207
2025-09-22,Active2,CAL,25100,25202.35,CAL.NIF50.25100.20251007,355.05,327.45,327.45,839,62550,CAL.NIF50.25100.20251014,429.8,398.4,398.4,120,14250,2025-10-07,2025-10-14,0.2105,0.2167,2,1.66,0.826082,1.0,-1.0,0.826082,22.79986,-21.427715,1.372145,4519.564645,,-74.262062
2025-09-23,Active2,CAL,25000,25169.5,CAL.NIF50.25000.20251007,406.05,371.15,371.15,5699,173325,CAL.NIF50.25000.20251014,468.5,439.95,439.95,329,32850,2025-10-07,2025-10-14,0.1538,0.1854,2,10.16,0.866702,1.0,-1.0,0.866702,30.247908,-21.445983,8.801925,4528.36657,,-65.460136
2025-09-24,Active2,CAL,24900,25056.9,CAL.NIF50.24900.20251007,376.55,325.4,325.4,5312,127800,CAL.NIF50.24900.20251014,425.0,395.6,395.6,246,11250,2025-10-07,2025-10-14,0.1287,0.2157,2,25.1,0.886,1.0,-1.0,0.886,45.3189,-23.078882,22.240018,4550.606588,,-43.220119
2025-09-25,Active2,CAL,24800,24890.85,CAL.NIF50.24800.20251007,370.05,292.2,292.2,8627,225675,CAL.NIF50.24800.20251014,436.0,361.55,361.55,381,13350,2025-10-07,2025-10-14,0.1782,0.2373,2,14.66,0.848739,1.0,-1.0,0.848739,66.074295,-53.630586,12.443709,4563.050297,,-30.77641
2025-09-26,Active2,CAL,24600,24654.7,CAL.NIF50.24600.20251007,390.05,242.2,242.2,20873,281700,CAL.NIF50.24600.20251014,451.0,313.55,313.55,1459,34500,2025-10-07,2025-10-14,0.1563,0.2946,2,28.98,0.864856,1.0,-1.0,0.864856,127.868941,-102.809258,25.059683,4588.10998,,-5.716727
2025-09-29,Active2,CAL,24400,24634.9,CAL.NIF50.24400.20251014,484.85,439.25,439.25,441,14400,CAL.NIF50.24400.20251020,554.35,534.9,540.3,36,3225,2025-10-14,2025-10-20,0.1433,0.2178,2,28.59,0.874628,1.0,-1.0,0.874628,39.883034,-14.878745,25.004289,4613.114269,,0.0
2025-09-30,Active2,CAL,24400,24611.1,CAL.NIF50.24400.20251014,468.6,403.15,403.15,1253,40275,CAL.NIF50.24400.20251020,525.85,469.05,469.05,170,3975,2025-10-14,2025-10-20,0.1222,0.1635,2,14.83,0.874628,1.0,-1.0,0.874628,31.574069,-50.37354,-18.799472,4594.314798,,-18.799472
2025-10-01,Active2,CAL,24400,24836.3,CAL.NIF50.24400.20251014,394.2,541.15,541.15,2473,31800,CAL.NIF50.24400.20251020,458.4,586.8,586.8,60,2175,2025-10-14,2025-10-20,0.1629,0.0844,2,-36.53,0.874628,1.0,-1.0,0.874628,-120.698656,90.075693,-30.622963,4563.691834,,-49.422435
2025-10-03,Active2,CAL,24600,24894.25,CAL.NIF50.24600.20251014,355.15,388.6,388.6,7914,259425,CAL.NIF50.24600.20251020,431.95,446.5,446.5,240,13050,2025-10-14,2025-10-20,0.2162,0.149,2,-21.49,0.822202,1.0,-1.0,0.822202,-27.502645,9.836026,-17.666619,4546.025216,,-67.089054
2025-10-06,Active2,CAL,24600,25077.65,CAL.NIF50.24600.20251020,447.2,596.0,596.0,614,14400,CAL.NIF50.24600.20251028,486.35,651.25,651.25,4259,717675,2025-10-20,2025-10-28,0.0875,0.0927,2,2.83,0.919502,1.0,-1.0,0.919502,-136.821959,139.420426,2.598466,4548.623682,,-64.490587
2025-10-07,Active2,CAL,24800,25108.3,CAL.NIF50.24800.20251020,438.9,446.25,446.25,1118,54225,CAL.NIF50.24800.20251028,499.0,510.1,510.1,18474,1783275,2025-10-20,2025-10-28,0.1369,0.1431,2,2.41,0.879559,1.0,-1.0,0.879559,-6.46476,8.587229,2.12247,4550.746152,,-62.368118
2025-10-08,Active2,CAL,24900,25046.15,CAL.NIF50.24900.20251020,337.55,273.85,273.85,5193,98475,CAL.NIF50.24900.20251028,425.55,347.05,347.05,7399,1013700,2025-10-20,2025-10-28,0.2607,0.2673,2,1.43,0.793209,1.0,-1.0,0.793209,50.5274,-49.390644,1.136756,4551.882907,,-61.231362
2025-10-09,Active2,CAL,24800,25181.8,CAL.NIF50.24800.20251020,378.0,477.1,477.1,2779,96675,CAL.NIF50.24800.20251028,430.0,540.45,540.45,9859,1583250,2025-10-20,2025-10-28,0.1376,0.1328,2,-2.01,0.87907,1.0,-1.0,0.87907,-87.115814,85.351746,-1.764068,4550.118839,,-62.99543
2025-10-10,Active2,CAL,24900,25285.35,CAL.NIF50.24900.20251020,387.55,506.35,506.35,1899,99450,CAL.NIF50.24900.20251028,448.3,567.8,567.8,4706,899025,2025-10-20,2025-10-28,0.1568,0.1214,2,-15.49,0.864488,1.0,-1.0,0.864488,-102.701182,89.307084,-13.394098,4536.724741,,-76.389528
2025-10-13,Active2,CAL,25000,25227.35,CAL.NIF50.25000.20251028,350.0,406.7,406.7,35756,3270075,CAL.NIF50.25000.20251104,474.7,476.1,476.1,438,21300,2025-10-28,2025-11-04,0.3563,0.1706,2,-55.67,0.737308,1.0,-1.0,0.737308,-41.805351,0.761072,-41.044279,4495.680462,,-117.433807
2025-10-14,Active2,CAL,25000,25145.5,CAL.NIF50.25000.20251028,424.15,329.05,329.05,51814,3324600,CAL.NIF50.25000.20251104,497.55,399.05,399.05,1762,100200,2025-10-28,2025-11-04,0.1731,0.2127,2,11.13,0.737308,1.0,-1.0,0.737308,57.251949,-41.886133,15.365816,4511.046277,,-102.067992
2025-10-15,Active2,CAL,24900,25323.55,CAL.NIF50.24900.20251028,449.95,572.4,572.4,3240,876150,CAL.NIF50.24900.20251104,550.3,623.85,623.85,335,9750,2025-10-28,2025-11-04,0.223,0.0899,2,-62.31,0.817645,1.0,-1.0,0.817645,-100.120621,49.171354,-50.949267,4460.09701,,-153.017259
2025-10-16,Active2,CAL,25100,25585.3,CAL.NIF50.25100.20251028,428.45,594.35,594.35,8504,1055700,CAL.NIF50.25100.20251104,520.0,646.25,646.25,175,13725,2025-10-28,2025-11-04,0.2137,0.0873,2,-61.88,0.823942,1.0,-1.0,0.823942,-136.692029,85.708717,-50.983312,4409.113699,,-204.000571
2025-10-17,Active2,CAL,25300,25709.85,CAL.NIF50.25300.20251028,300.0,507.7,507.7,27409,1398375,CAL.NIF50.25300.20251104,452.25,581.45,581.45,1406,80100,2025-10-28,2025-11-04,0.5075,0.1453,2,-122.0,0.66335,1.0,-1.0,0.66335,-137.777778,56.852278,-80.9255,4328.188199,,-284.92607
2025-10-20,Active2,CAL,25500,25843.15,CAL.NIF50.25500.20251104,514.65,520.1,520.1,4847,274350,CAL.NIF50.25500.20251111,618.95,586.1,586.1,645,44700,2025-11-04,2025-11-11,0.2027,0.1269,2,-32.76,0.831489,1.0,-1.0,0.831489,-4.531614,-22.711624,-27.243238,4300.944961,,-312.169309
2025-10-21,Active2,CAL,25600,25868.6,CAL.NIF50.25600.20251104,465.0,435.15,435.15,677,122250,CAL.NIF50.25600.20251111,520.0,492.0,492.0,28,12225,2025-11-04,2025-11-11,0.1183,0.1306,2,4.81,0.894231,1.0,-1.0,0.894231,26.692788,-22.390163,4.302626,4305.247586,,-307.866683
2025-10-23,Active2,CAL,25600,25891.4,CAL.NIF50.25600.20251104,548.0,477.85,477.85,3432,134250,CAL.NIF50.25600.20251111,600.0,551.55,551.55,130,10875,2025-11-04,2025-11-11,0.0949,0.1542,2,25.9,0.894231,1.0,-1.0,0.894231,-38.183654,47.619078,9.435424,4314.683011,,-298.431258
2025-10-24,Active2,CAL,25600,25795.15,CAL.NIF50.25600.20251104,467.6,348.15,348.15,11141,225525,CAL.NIF50.25600.20251111,542.55,421.9,421.9,1200,25425,2025-11-04,2025-11-11,0.1603,0.2118,2,15.47,0.894231,1.0,-1.0,0.894231,115.981731,-103.67445,12.307281,4326.990292,,-286.123978
2025-10-27,Active2,CAL,25500,25966.05,CAL.NIF50.25500.20251111,568.4,664.4,664.4,558,119700,CAL.NIF50.25500.20251118,744.95,732.5,732.5,168,6750,2025-11-11,2025-11-18,0.3106,0.1025,2,-105.5,0.763004,1.0,-1.0,0.763004,-73.248406,-7.248084,-80.49649,4246.493801,,-366.620468
2025-10-28,Active2,CAL,25700,25936.2,CAL.NIF50.25700.20251111,490.1,428.2,428.2,1786,29850,CAL.NIF50.25700.20251118,570.55,509.3,509.3,279,7800,2025-11-11,2025-11-18,0.1642,0.1894,2,9.29,0.858996,1.0,-1.0,0.858996,53.171834,-45.194759,7.977075,4254.470876,,-358.643393
2025-10-29,Active2,CAL,25700,26053.9,CAL.NIF50.25700.20251111,486.05,531.45,531.45,2144,51375,CAL.NIF50.25700.20251118,561.6,609.55,609.55,104,6000,2025-11-11,2025-11-18,0.1554,0.147,2,-3.9,0.858996,1.0,-1.0,0.858996,-88.691307,73.971831,-14.719476,4239.7514,,-373.362869
2025-10-30,Active2,CAL,25800,25877.85,CAL.NIF50.25800.20251111,409.25,294.2,294.2,17354,264375,CAL.NIF50.25800.20251118,494.35,377.75,377.75,584,16125,2025-11-11,2025-11-18,0.2079,0.284,2,18.52,0.827855,1.0,-1.0,0.827855,95.24469,-79.911052,15.333638,4255.085038,,-358.029231
2025-10-31,Active2,CAL,25600,25722.1,CAL.NIF50.25600.20251111,405.0,328.8,328.8,8237,186300,CAL.NIF50.25600.20251118,495.1,421.35,421.35,262,10275,2025-11-11,2025-11-18,0.2225,0.2815,2,15.87,0.818017,1.0,-1.0,0.818017,62.332862,-49.349893,12.982969,4268.068007,,-345.046263
2025-11-03,Active2,CAL,25500,25763.35,CAL.NIF50.25500.20251118,469.65,469.25,469.25,1580,61350,CAL.NIF50.25500.20251125,519.5,541.8,541.8,9756,1460550,2025-11-18,2025-11-25,0.1061,0.1546,2,20.56,0.904042,1.0,-1.0,0.904042,0.361617,18.225624,18.587241,4286.655248,,-326.459021
2025-11-04,Active2,CAL,25500,25597.65,CAL.NIF50.25500.20251118,481.0,322.6,322.6,3782,124200,CAL.NIF50.25500.20251125,520.55,404.45,404.45,15438,1507650,2025-11-18,2025-11-25,0.0822,0.2537,2,51.12,0.904042,1.0,-1.0,0.904042,132.57781,-112.255134,20.322676,4306.977924,,-306.136345
2025-11-06,Active2,CAL,25300,25509.7,CAL.NIF50.25300.20251118,485.0,370.35,370.35,3023,106425,CAL.NIF50.25300.20251125,547.0,453.65,453.65,2782,345525,2025-11-18,2025-11-25,0.1278,0.2249,2,31.88,0.886654,1.0,-1.0,0.886654,101.654936,-73.387678,28.267258,4335.245182,,-277.869087
2025-11-07,Active2,CAL,25300,25492.3,CAL.NIF50.25300.20251118,300.35,339.0,339.0,28394,209550,CAL.NIF50.25300.20251125,392.8,422.35,422.35,23796,383025,2025-11-18,2025-11-25,0.3078,0.2459,2,-16.05,0.886654,1.0,-1.0,0.886654,27.796618,-24.606688,3.18993,4338.435112,,-274.679157
2025-11-10,Active2,CAL,25200,25574.35,CAL.NIF50.25200.20251125,545.95,568.7,568.7,1776,329100,CAL.NIF50.25200.20251202,576.25,661.2,590.05,43,14775,2025-11-25,2025-12-02,0.0555,0.1627,2,57.73,0.947419,1.0,-1.0,0.947419,-21.553774,76.251299,54.697525,4393.132637,,-219.981633
2025-11-11,Active2,CAL,25300,25694.95,CAL.NIF50.25300.20251125,512.0,574.15,574.15,8951,308925,CAL.NIF50.25300.20251202,540.0,659.25,659.25,283,8175,2025-11-25,2025-12-02,0.0547,0.1482,2,50.92,0.948148,1.0,-1.0,0.948148,-58.927407,107.203951,48.276543,4441.40918,,-171.705089
2025-11-12,Active2,CAL,25400,25875.8,CAL.NIF50.25400.20251125,608.0,635.05,635.05,5597,367875,CAL.NIF50.25400.20251202,665.0,701.9,651.35,50,9000,2025-11-25,2025-12-02,0.0938,0.1053,2,6.69,0.914286,1.0,-1.0,0.914286,-24.731429,30.845388,6.113959,4447.523139,,-165.59113
2025-11-13,Active2,CAL,25600,25879.15,CAL.NIF50.25600.20251125,410.15,442.45,442.45,7773,963975,CAL.NIF50.25600.20251202,484.65,522.9,522.9,271,18600,2025-11-25,2025-12-02,0.1816,0.1818,2,0.07,0.846281,1.0,-1.0,0.846281,-27.334871,27.394314,0.059444,4447.582583,,-165.531686
2025-11-14,Active2,CAL,25600,25910.05,CAL.NIF50.25600.20251125,403.0,426.75,426.75,30271,960075,CAL.NIF50.25600.20251202,506.25,506.6,506.6,1102,28875,2025-11-25,2025-12-02,0.2562,0.1871,2,-23.47,0.846281,1.0,-1.0,0.846281,13.286609,-11.673917,1.612692,4449.195275,,-163.918994
2025-11-17,Active2,CAL,25700,26013.45,CAL.NIF50.25700.20251202,460.0,499.8,499.8,1435,41700,CAL.NIF50.25700.20251209,529.95,565.1,565.1,280,10275,2025-12-02,2025-12-09,0.1521,0.1307,2,-9.29,0.868006,1.0,-1.0,0.868006,-34.546655,26.483245,-8.06341,4441.131865,,-171.982405
2025-11-18,Active2,CAL,25800,25910.05,CAL.NIF50.25800.20251202,369.05,344.9,344.9,4609,152100,CAL.NIF50.25800.20251209,432.7,419.55,419.55,261,18900,2025-12-02,2025-12-09,0.1725,0.2164,2,12.93,0.8529,1.0,-1.0,0.8529,20.597544,-9.565824,11.031721,4452.163585,,-160.950684
2025-11-19,Active2,CAL,25700,26052.65,CAL.NIF50.25700.20251202,379.55,493.7,493.7,3338,93000,CAL.NIF50.25700.20251209,469.0,570.3,570.3,252,17325,2025-12-02,2025-12-09,0.2357,0.1552,2,-32.17,0.809275,1.0,-1.0,0.809275,-92.378747,66.344015,-26.034732,4426.128853,,-186.985416
2025-11-20,Active2,CAL,25800,26192.15,CAL.NIF50.25800.20251202,470.0,535.45,535.45,5821,210000,CAL.NIF50.25800.20251209,519.65,604.0,604.0,363,16950,2025-12-02,2025-12-09,0.1056,0.128,2,10.84,0.904455,1.0,-1.0,0.904455,-59.196575,69.001565,9.80499,4435.933843,,-177.180426
2025-11-21,Active2,CAL,25900,26068.15,CAL.NIF50.25900.20251202,399.25,341.35,341.35,10791,292050,CAL.NIF50.25900.20251209,510.0,422.9,422.9,646,42150,2025-12-02,2025-12-09,0.2774,0.2389,2,-10.29,0.782843,1.0,-1.0,0.782843,45.326618,-53.378658,-8.052041,4427.881803,,-185.232467
2025-11-24,Active2,CAL,25800,25959.5,CAL.NIF50.25800.20251209,524.95,417.15,417.15,673,23325,CAL.NIF50.25800.20251216,574.5,482.15,482.15,193,7200,2025-12-09,2025-12-16,0.0944,0.1558,2,23.42,0.913751,1.0,-1.0,0.913751,98.502367,-77.106806,21.395561,4449.277364,,-163.836905
2025-11-25,Active2,CAL,25700,25884.8,CAL.NIF50.25700.20251209,441.0,374.8,374.8,1181,62100,CAL.NIF50.25700.20251216,526.0,446.05,446.05,75,4125,2025-12-09,2025-12-16,0.1927,0.1901,2,-0.83,0.838403,1.0,-1.0,0.838403,55.502281,-56.198427,-0.696145,4448.581218,,-164.533051
2025-11-26,Active2,CAL,25600,26205.3,CAL.NIF50.25600.20251209,521.0,700.45,700.45,946,87375,CAL.NIF50.25600.20251216,602.5,754.0,754.0,28,1425,2025-12-09,2025-12-16,0.1564,0.0765,2,-48.44,0.86473,1.0,-1.0,0.86473,-155.175851,113.285409,-41.890442,4406.690777,,-206.423492
2025-11-27,Active2,CAL,26000,26215.55,CAL.NIF50.26000.20251209,400.0,365.25,365.25,19419,753900,CAL.NIF50.26000.20251216,421.35,439.65,439.65,1247,103275,2025-12-09,2025-12-16,0.0534,0.2037,2,52.12,0.94933,1.0,-1.0,0.94933,32.989201,16.492446,49.481648,4456.172424,,-156.941845
2025-11-28,Active2,CAL,26000,26202.95,CAL.NIF50.26000.20251209,356.05,352.2,352.2,12429,785850,CAL.NIF50.26000.20251216,441.65,427.0,427.0,1152,99900,2025-12-09,2025-12-16,0.2404,0.2124,2,-7.96,0.94933,1.0,-1.0,0.94933,12.38875,-11.400516,0.988234,4457.160659,,-155.95361
2025-12-01,Active2,CAL,26000,26175.75,CAL.NIF50.26000.20251216,477.35,378.55,378.55,3248,141750,CAL.NIF50.26000.20251223,545.05,445.15,445.15,308,37725,2025-12-16,2025-12-23,0.1418,0.1759,2,11.31,0.875791,1.0,-1.0,0.875791,86.528172,-76.624324,9.903848,4467.064507,,-146.049762
2025-12-02,Active2,CAL,25900,26032.2,CAL.NIF50.25900.20251216,410.2,359.55,359.55,1829,77925,CAL.NIF50.25900.20251223,514.9,428.6,428.6,109,12225,2025-12-16,2025-12-23,0.2552,0.192,2,-18.1,0.79666,1.0,-1.0,0.79666,40.350806,-54.771713,-14.420907,4452.6436,,-160.470669
2025-12-03,Active2,CAL,25800,25986.0,CAL.NIF50.25800.20251216,435.0,354.65,354.65,7513,140775,CAL.NIF50.25800.20251223,460.0,420.25,420.25,401,17250,2025-12-16,2025-12-23,0.0575,0.185,2,42.76,0.945652,1.0,-1.0,0.945652,75.983152,-35.546757,40.436395,4493.079995,,-120.034274
2025-12-04,Active2,CAL,25700,26033.75,CAL.NIF50.25700.20251216,375.05,461.75,461.75,1670,73050,CAL.NIF50.25700.20251223,495.3,530.9,530.9,79,13950,2025-12-16,2025-12-23,0.3206,0.1498,2,-59.74,0.757218,1.0,-1.0,0.757218,-65.650787,20.412288,-45.2385,4447.841495,,-165.272774
2025-12-05,Active2,CAL,25800,26186.45,CAL.NIF50.25800.20251216,371.5,482.35,482.35,8845,166650,CAL.NIF50.25800.20251223,453.95,542.65,542.65,310,19350,2025-12-16,2025-12-23,0.2219,0.125,2,-38.26,0.818372,1.0,-1.0,0.818372,-90.716544,59.405303,-31.311241,4416.530255,,-196.584015
2025-12-08,Active2,CAL,25900,25960.55,CAL.NIF50.25900.20251223,439.05,285.6,285.6,3142,113100,CAL.NIF50.25900.20251230,507.0,350.15,350.15,14212,576375,2025-12-23,2025-12-30,0.1548,0.226,2,17.62,0.865976,1.0,-1.0,0.865976,132.884068,-117.624169,15.259899,4431.790154,,-181.324115
2025-12-09,Active2,CAL,25700,25839.65,CAL.NIF50.25700.20251223,346.25,329.55,329.55,3420,86025,CAL.NIF50.25700.20251230,450.0,399.85,399.85,15918,508125,2025-12-23,2025-12-30,0.2996,0.2133,2,-21.89,0.769444,1.0,-1.0,0.769444,12.849722,-29.691044,-16.841322,4414.948832,,-198.165437
2025-12-10,Active2,CAL,25600,25758.0,CAL.NIF50.25600.20251223,384.85,334.55,334.55,2560,60075,CAL.NIF50.25600.20251230,463.25,399.1,399.1,3586,301800,2025-12-23,2025-12-30,0.2037,0.1929,2,-2.99,0.830761,1.0,-1.0,0.830761,41.787275,-44.274003,-2.486728,4412.462104,,-200.652165
2025-12-11,Active2,CAL,25500,25898.55,CAL.NIF50.25500.20251223,414.9,511.95,511.95,4877,152775,CAL.NIF50.25500.20251230,474.0,573.75,573.75,13612,913275,2025-12-23,2025-12-30,0.1424,0.1207,2,-9.74,0.875316,1.0,-1.0,0.875316,-84.949462,76.426345,-8.523117,4403.938987,,-209.175282
2025-12-12,Active2,CAL,25600,26046.95,CAL.NIF50.25600.20251223,484.95,529.1,529.1,3462,134850,CAL.NIF50.25600.20251230,540.0,591.65,591.65,1614,251400,2025-12-23,2025-12-30,0.1135,0.1182,2,2.23,0.898056,1.0,-1.0,0.898056,-39.649153,41.65592,2.006768,4405.945754,,-207.168515
2025-12-15,Active2,CAL,25800,26027.3,CAL.NIF50.25800.20251230,341.0,390.6,390.6,19612,781500,CAL.NIF50.25800.20260106,445.0,462.45,462.45,542,13650,2025-12-30,2026-01-06,0.305,0.1839,2,-36.23,0.766292,1.0,-1.0,0.766292,-38.00809,10.246703,-27.761386,4378.184368,,-234.929901
2025-12-16,Active2,CAL,25800,25860.1,CAL.NIF50.25800.20251230,333.0,269.0,269.0,26067,998700,CAL.NIF50.25800.20260106,400.0,342.6,342.6,985,40235,2025-12-30,2026-01-06,0.2012,0.2736,2,16.21,0.766292,1.0,-1.0,0.766292,93.181124,-70.376356,22.804768,4400.989136,,-212.125133
2025-12-17,Active2,CAL,25600,25818.55,CAL.NIF50.25600.20251230,403.95,366.5,366.5,4550,313050,CAL.NIF50.25600.20260106,519.65,440.0,440.0,172,10010,2025-12-30,2026-01-06,0.2864,0.2005,2,-24.47,0.77735,1.0,-1.0,0.77735,29.111763,-48.130364,-19.018601,4381.970535,,-231.143734
2025-12-18,Active2,CAL,25600,25815.55,CAL.NIF50.25600.20251230,330.2,343.9,343.9,10468,355425,CAL.NIF50.25600.20260106,398.95,422.2,422.2,728,23530,2025-12-30,2026-01-06,0.2082,0.2277,2,5.54,0.77735,1.0,-1.0,0.77735,17.568113,-10.756064,6.812049,4388.782585,,-224.331685
2025-12-19,Active2,CAL,25600,25966.4,CAL.NIF50.25600.20251230,398.95,457.1,457.1,7200,415275,CAL.NIF50.25600.20260106,476.8,528.25,528.25,140,23725,2025-12-30,2026-01-06,0.1951,0.1557,2,-15.1,0.77735,1.0,-1.0,0.77735,-87.996036,64.083177,-23.912859,4364.869726,,-248.244543
2025-12-22,Active2,CAL,25700,26172.4,CAL.NIF50.25700.20260106,520.6,586.1,586.1,409,32240,CAL.NIF50.25700.20260113,610.25,648.4,648.4,46,3965,2026-01-06,2026-01-13,0.1722,0.1063,2,-32.95,0.853093,1.0,-1.0,0.853093,-55.877591,27.764336,-28.113255,4336.756471,,-276.357798
2025-12-23,Active2,CAL,25900,26177.15,CAL.NIF50.25900.20260106,445.0,422.7,422.7,1369,110955,CAL.NIF50.25900.20260113,485.1,482.15,482.15,133,13585,2026-01-06,2026-01-13,0.0901,0.1406,2,19.59,0.917337,1.0,-1.0,0.917337,20.456607,-2.482444,17.974163,4354.730633,,-258.383636
2025-12-24,Active2,CAL,25900,26142.1,CAL.NIF50.25900.20260106,396.55,370.65,370.65,3439,179465,CAL.NIF50.25900.20260113,510.45,439.15,439.15,154,16640,2026-01-06,2026-01-13,0.2872,0.1848,2,-29.49,0.917337,1.0,-1.0,0.917337,47.747372,-36.184779,11.562592,4366.293226,,-246.821043
2025-12-26,Active2,CAL,25900,26042.3,CAL.NIF50.25900.20260106,304.7,264.55,264.55,8365,318825,CAL.NIF50.25900.20260113,396.65,337.6,337.6,1529,41730,2026-01-06,2026-01-13,0.3018,0.2761,2,-5.21,0.917337,1.0,-1.0,0.917337,97.329417,-85.454985,11.874432,4378.167658,,-234.946611
2025-12-29,Active2,CAL,25800,25942.1,CAL.NIF50.25800.20260113,417.85,326.75,326.75,2351,189800,CAL.NIF50.25800.20260120,482.45,401.75,401.75,153,8255,2026-01-13,2026-01-20,0.1546,0.2295,2,21.21,0.8661,1.0,-1.0,0.8661,78.90172,-60.535443,18.366277,4396.533935,,-216.580334
2025-12-30,Active2,CAL,25700,25938.85,CAL.NIF50.25700.20260113,379.1,394.75,394.75,1382,28405,CAL.NIF50.25700.20260120,483.35,457.0,457.0,92,2925,2026-01-13,2026-01-20,0.275,0.1577,2,-36.32,0.784318,1.0,-1.0,0.784318,-12.274573,-16.209318,-28.483891,4368.050044,,-245.064226
2025-12-31,Active2,CAL,25700,26129.6,CAL.NIF50.25700.20260113,430.05,547.3,547.3,1106,37765,CAL.NIF50.25700.20260120,500.0,600.65,600.65,63,2665,2026-01-13,2026-01-20,0.1627,0.0975,2,-30.68,0.784318,1.0,-1.0,0.784318,-119.647678,88.366927,-31.28075,4336.769293,,-276.344976
2026-01-01,Active2,CAL,25900,26146.55,CAL.NIF50.25900.20260113,404.6,354.45,354.45,3236,163215,CAL.NIF50.25900.20260120,441.0,420.25,420.25,142,24830,2026-01-13,2026-01-20,0.09,0.1856,2,31.11,0.91746,1.0,-1.0,0.91746,46.010635,-17.465969,28.544666,4365.313959,,-247.80031
2026-01-02,Active2,CAL,25900,26328.55,CAL.NIF50.25900.20260113,379.9,490.55,490.55,4168,119080,CAL.NIF50.25900.20260120,450.0,552.65,552.65,330,40950,2026-01-13,2026-01-20,0.1845,0.1266,2,-23.99,0.91746,1.0,-1.0,0.91746,-124.866349,111.445507,-13.420843,4351.893117,,-261.221152
2026-01-05,Active2,CAL,26100,26250.3,CAL.NIF50.26100.20260120,410.4,298.75,298.75,3303,105690,CAL.NIF50.26100.20260127,487.0,365.5,365.5,14548,1039285,2026-01-20,2026-01-27,0.1866,0.2234,2,9.26,0.84271,1.0,-1.0,0.84271,94.088624,-86.284554,7.80407,4359.697187,,-253.417082
2026-01-06,Active2,CAL,26000,26178.7,CAL.NIF50.26000.20260120,369.0,324.2,324.2,3931,134485,CAL.NIF50.26000.20260127,438.4,395.65,395.65,28422,4196140,2026-01-20,2026-01-27,0.1881,0.2204,2,8.82,0.841697,1.0,-1.0,0.841697,37.708029,-30.286407,7.421622,4367.118809,,-245.995461
2026-01-07,Active2,CAL,25900,26140.75,CAL.NIF50.25900.20260120,339.9,353.4,353.4,2755,92885,CAL.NIF50.25900.20260127,428.95,422.45,422.45,3499,268905,2026-01-20,2026-01-27,0.262,0.1954,2,-18.65,0.7924,1.0,-1.0,0.7924,-10.697401,-4.081336,-14.778737,4352.340072,,-260.774197
2026-01-08,Active2,CAL,25900,25876.85,CAL.NIF50.25900.20260120,353.4,193.25,193.25,36538,454220,CAL.NIF50.25900.20260127,400.0,261.75,261.75,33766,721890,2026-01-20,2026-01-27,0.1319,0.3545,2,38.01,0.7924,1.0,-1.0,0.7924,126.902867,-100.903182,25.999686,4378.339758,,-234.774512
2026-01-09,Active2,CAL,25600,25683.3,CAL.NIF50.25600.20260120,414.95,257.2,257.2,15172,157560,CAL.NIF50.25600.20260127,471.2,329.25,329.25,17249,270595,2026-01-20,2026-01-27,0.1356,0.2801,2,32.75,0.880624,1.0,-1.0,0.880624,138.918426,-110.082015,28.836411,4407.176169,,-205.9381
2026-01-12,Active2,CAL,25400,25790.25,CAL.NIF50.25400.20260127,461.05,542.0,542.0,11874,142480,CAL.NIF50.25400.20260203,508.25,635.9,635.9,408,6955,2026-01-27,2026-02-03,0.1024,0.1732,2,34.85,0.907132,1.0,-1.0,0.907132,-73.432361,105.041786,31.609425,4438.785594,,-174.328675
2026-01-13,Active2,CAL,25500,25732.3,CAL.NIF50.25500.20260127,498.35,379.8,379.8,38381,818285,CAL.NIF50.25500.20260203,569.9,489.55,489.55,1287,47255,2026-01-27,2026-02-03,0.1436,0.289,2,48.29,0.874452,1.0,-1.0,0.874452,103.666244,-61.440889,42.225355,4481.010949,,-132.103321
2026-01-14,Active2,CAL,25500,25665.6,CAL.NIF50.25500.20260127,325.05,323.15,323.15,43580,1114100,CAL.NIF50.25500.20260203,455.0,442.1,442.1,1818,52715,2026-01-27,2026-02-03,0.3998,0.3681,2,-7.32,0.874452,1.0,-1.0,0.874452,49.537686,-36.283388,13.254299,4494.265248,,-118.849022
2026-01-16,Active2,CAL,25400,25694.35,CAL.NIF50.25400.20260127,428.85,410.8,410.8,10841,311350,CAL.NIF50.25400.20260203,563.2,521.65,521.65,295,19370,2026-01-27,2026-02-03,0.3133,0.2698,2,-13.59,0.761452,1.0,-1.0,0.761452,13.744216,-24.091096,-10.34688,4483.918367,,-129.195902
2026-01-19,Active2,CAL,25400,25585.5,CAL.NIF50.25400.20260203,413.05,405.15,405.15,1957,66755,CAL.NIF50.25400.20260210,480.0,456.55,456.55,590,17225,2026-02-03,2026-02-10,0.1621,0.1269,2,-12.28,0.860521,1.0,-1.0,0.860521,6.798115,-17.364634,-10.566519,4473.351848,,-139.762421
2026-01-20,Active2,CAL,25300,25232.5,CAL.NIF50.25300.20260203,459.95,287.8,287.8,10576,296660,CAL.NIF50.25300.20260210,497.2,348.9,348.9,1007,24960,2026-02-03,2026-02-10,0.081,0.2123,2,34.96,0.92508,1.0,-1.0,0.92508,159.2526,-126.91126,32.341339,4505.693187,,-107.421082
2026-01-21,Active2,CAL,25000,25157.5,CAL.NIF50.25000.20260203,495.0,414.8,414.8,39593,238810,CAL.NIF50.25000.20260210,540.05,490.3,490.3,5027,46280,2026-02-03,2026-02-10,0.091,0.182,2,34.6,0.916582,1.0,-1.0,0.916582,73.50986,-41.796079,31.713781,4537.406968,,-75.707301
2026-01-22,Active2,CAL,24900,25289.9,CAL.NIF50.24900.20260203,599.95,595.25,595.25,1886,41275,CAL.NIF50.24900.20260210,670.0,684.15,684.15,185,14560,2026-02-03,2026-02-10,0.1168,0.1493,2,17.37,0.895448,1.0,-1.0,0.895448,4.208604,11.345848,15.554452,4552.961421,,-60.152849
2026-01-23,Active2,CAL,25000,25048.65,CAL.NIF50.25000.20260203,520.0,346.75,346.75,41164,611780,CAL.NIF50.25000.20260210,575.95,424.15,424.15,3619,119665,2026-02-03,2026-02-10,0.1076,0.2232,2,36.2,0.902856,1.0,-1.0,0.902856,156.419828,-123.739653,32.680175,4585.641596,,-27.472673
2026-01-27,Active2,CAL,24800,25175.4,CAL.NIF50.24800.20260210,540.05,659.1,659.1,978,26065,CAL.NIF50.24800.20260217,608.9,708.75,708.75,197,8515,2026-02-10,2026-02-17,0.1275,0.0753,2,-30.49,0.886927,1.0,-1.0,0.886927,-105.588689,78.545998,-27.042691,4558.598905,,-54.515364
2026-01-28,Active2,CAL,24900,25342.75,CAL.NIF50.24900.20260210,635.0,614.05,614.05,591,22620,CAL.NIF50.24900.20260217,720.0,657.7,657.7,74,8320,2026-02-10,2026-02-17,0.1339,0.0711,2,-34.0,0.881944,1.0,-1.0,0.881944,18.476736,-48.45856,-29.981824,4528.617081,,-84.497188
2026-01-29,Active2,CAL,25100,25418.9,CAL.NIF50.25100.20260210,421.0,507.65,507.65,5884,91845,CAL.NIF50.25100.20260217,475.0,571.3,571.3,621,24895,2026-02-10,2026-02-17,0.1283,0.1254,2,-1.3,0.886316,1.0,-1.0,0.886316,-76.799263,75.649012,-1.150251,4527.46683,,-85.647439
2026-01-30,Active2,CAL,25200,25320.65,CAL.NIF50.25200.20260210,350.05,362.95,362.95,40641,405015,CAL.NIF50.25200.20260217,409.45,423.5,423.5,3224,99320,2026-02-10,2026-02-17,0.1697,0.1668,2,-0.89,0.854927,1.0,-1.0,0.854927,-11.028563,10.269156,-0.759407,4526.707423,,-86.406846
2026-02-02,Active2,CAL,25100,25088.4,CAL.NIF50.25100.20260217,204.75,282.35,282.35,5166,69420,CAL.NIF50.25100.20260224,217.5,347.1,347.1,33776,644930,2026-02-17,2026-02-24,0.0623,0.2293,2,44.4,0.941379,1.0,-1.0,0.941379,-73.051034,114.850873,41.799838,4568.507261,,-44.607008
2026-02-03,Active2,CAL,24800,25727.55,CAL.NIF50.24800.20260217,940.5,1007.6,1007.6,824,14235,CAL.NIF50.24800.20260224,1200.0,1059.4,1059.4,4731,276835,2026-02-17,2026-02-24,0.2759,0.0514,2,-177.3,0.78375,1.0,-1.0,0.78375,-52.589625,-86.365527,-138.955152,4429.552109,,-183.56216
2026-02-04,Active2,CAL,25500,25776.0,CAL.NIF50.25500.20260217,450.0,424.7,424.7,7537,348010,CAL.NIF50.25500.20260224,446.85,487.4,487.4,36530,2710500,2026-02-17,2026-02-24,-0.007,0.1476,2,66.14,1.007049,1.0,-1.0,1.007049,25.478348,41.123717,66.602065,4496.154174,,-116.960095
2026-02-05,Active2,CAL,25500,25642.8,CAL.NIF50.25500.20260217,380.95,315.4,315.4,17168,484315,CAL.NIF50.25500.20260224,461.0,385.7,385.7,38270,2887430,2026-02-17,2026-02-24,0.2101,0.2229,2,3.33,1.007049,1.0,-1.0,1.007049,110.070493,-103.138891,6.931603,4503.085777,,-110.028492
2026-02-06,Active2,CAL,25400,25693.7,CAL.NIF50.25400.20260217,325.0,378.1,378.1,16030,263250,CAL.NIF50.25400.20260224,444.0,445.8,445.8,15819,860795,2026-02-17,2026-02-24,0.3662,0.1791,2,-51.78,0.731982,1.0,-1.0,0.731982,-38.868243,0.964436,-37.903808,4465.18197,,-147.9323
2026-02-09,Active2,CAL,25400,25867.3,CAL.NIF50.25400.20260224,500.0,579.55,579.55,3836,826280,CAL.NIF50.25400.20260302,600.0,636.7,636.7,213,11830,2026-02-24,2026-03-02,0.2,0.0986,2,-48.97,0.833333,1.0,-1.0,0.833333,-66.291667,25.486111,-40.805556,4424.376414,,-188.737855
2026-02-10,Active2,CAL,25600,25935.15,CAL.NIF50.25600.20260224,430.0,455.7,455.7,7768,724100,CAL.NIF50.25600.20260302,514.95,523.3,523.3,339,18850,2026-02-24,2026-03-02,0.1976,0.1483,2,-18.73,0.835033,1.0,-1.0,0.835033,-21.460336,5.822282,-15.638054,4408.73836,,-204.375909
2026-02-11,Active2,CAL,25700,25953.85,CAL.NIF50.25700.20260224,390.0,378.3,378.3,10934,932360,CAL.NIF50.25700.20260302,488.6,446.4,446.4,643,33605,2026-02-24,2026-03-02,0.2528,0.18,2,-21.98,0.798199,1.0,-1.0,0.798199,9.338928,-26.886529,-17.547601,4391.190759,,-221.92351
2026-02-12,Active2,CAL,25700,25807.2,CAL.NIF50.25700.20260224,338.4,273.65,273.65,24971,1039545,CAL.NIF50.25700.20260302,416.55,346.0,346.0,1219,51415,2026-02-24,2026-03-02,0.2309,0.2644,2,7.44,0.798199,1.0,-1.0,0.798199,83.531519,-63.967003,19.564516,4410.755275,,-202.358994
2026-02-13,Active2,CAL,25600,25471.1,CAL.NIF50.25600.20260224,233.1,160.75,160.75,206059,3039270,CAL.NIF50.25600.20260302,330.6,232.6,232.6,7992,148070,2026-02-24,2026-03-02,0.4183,0.447,2,3.25,0.705082,1.0,-1.0,0.705082,51.012659,-48.719736,2.292923,4413.048198,,-200.066071
2026-02-16,Active2,CAL,25200,25682.75,CAL.NIF50.25200.20260302,434.05,629.35,629.35,525,75205,CAL.NIF50.25200.20260310,529.55,693.0,693.0,373,10985,2026-03-02,2026-03-10,0.22,0.1011,2,-61.33,0.819658,1.0,-1.0,0.819658,-160.079247,109.812177,-50.26707,4362.781128,,-250.333141
2026-02-17,Active2,CAL,25400,25725.4,CAL.NIF50.25400.20260302,443.15,471.75,471.75,3373,81835,CAL.NIF50.25400.20260310,529.55,545.3,545.3,648,7540,2026-03-02,2026-03-10,0.195,0.1559,2,-15.42,0.836843,1.0,-1.0,0.836843,-23.933698,11.029812,-12.903886,4349.877242,,-263.237027
2026-02-18,Active2,CAL,25500,25819.35,CAL.NIF50.25500.20260302,391.1,444.95,444.95,11219,259350,CAL.NIF50.25500.20260310,455.0,513.75,513.75,1176,54015,2026-03-02,2026-03-10,0.1634,0.1546,2,-3.35,0.85956,1.0,-1.0,0.85956,-46.28733,43.407094,-2.880236,4346.997006,,-266.117263
2026-02-19,Active2,CAL,25600,25454.35,CAL.NIF50.25600.20260302,367.15,160.45,160.45,68513,893945,CAL.NIF50.25600.20260310,441.6,237.4,237.4,5657,116415,2026-03-02,2026-03-10,0.2028,0.4796,2,36.93,0.831409,1.0,-1.0,0.831409,171.85214,-141.151232,30.700908,4377.697914,,-235.416355
2026-02-20,Active2,CAL,25200,25571.25,CAL.NIF50.25200.20260302,375.05,519.95,519.95,6207,95810,CAL.NIF50.25200.20260310,479.45,585.0,585.0,442,11440,2026-03-02,2026-03-10,0.2784,0.1251,2,-62.33,0.78225,1.0,-1.0,0.78225,-113.348097,64.587717,-48.76038,4328.937534,,-284.176735
2026-02-23,Active2,CAL,25300,25713.0,CAL.NIF50.25300.20260310,575.0,591.45,591.45,240,17810,CAL.NIF50.25300.20260317,619.55,652.9,652.9,15,1235,2026-03-10,2026-03-17,0.0775,0.1039,2,14.5,0.928093,1.0,-1.0,0.928093,-15.267129,28.726241,13.459112,4342.396646,,-270.717623
2026-02-24,Active2,CAL,25500,25424.65,CAL.NIF50.25500.20260310,381.6,263.7,263.7,36196,652340,CAL.NIF50.25500.20260317,446.1,333.15,333.15,3524,81185,2026-03-10,2026-03-17,0.169,0.2634,2,21.28,0.855414,1.0,-1.0,0.855414,100.853262,-82.649175,18.204087,4360.600733,,-252.513536
2026-02-25,Active2,CAL,25200,25482.5,CAL.NIF50.25200.20260310,500.95,461.55,461.55,3284,80210,CAL.NIF50.25200.20260317,618.7,529.65,529.65,50,1755,2026-03-10,2026-03-17,0.2351,0.1475,2,-32.7,0.809682,1.0,-1.0,0.809682,31.901455,-58.37978,-26.478325,4334.122408,,-278.991862
2026-02-26,Active2,CAL,25200,25496.55,CAL.NIF50.25200.20260310,503.65,446.65,446.65,2800,97175,CAL.NIF50.25200.20260317,555.0,515.95,515.95,364,6955,2026-03-10,2026-03-17,0.102,0.1552,2,21.56,0.809682,1.0,-1.0,0.809682,12.064256,-8.981505,3.082751,4337.205159,,-275.90911
2026-02-27,Active2,CAL,25200,25178.65,CAL.NIF50.25200.20260310,371.95,247.65,247.65,48725,698880,CAL.NIF50.25200.20260317,453.15,329.9,329.9,5266,93795,2026-03-10,2026-03-17,0.2183,0.3321,2,23.14,0.809682,1.0,-1.0,0.809682,161.126636,-121.971455,39.155182,4376.36034,,-236.753929
2026-03-02,Active2,CAL,24900,24865.7,CAL.NIF50.24900.20260317,353.0,354.15,354.15,9712,126555,CAL.NIF50.24900.20260324,435.15,422.5,422.5,1343,23075,2026-03-17,2026-03-24,0.2327,0.193,2,-11.41,0.811215,1.0,-1.0,0.811215,-0.932897,-8.324573,-9.25747,4367.102871,,-246.011398
2026-03-04,Active2,CAL,24600,24480.5,CAL.NIF50.24600.20260317,300.0,375.0,375.0,17585,219635,CAL.NIF50.24600.20260324,363.65,453.65,453.65,1599,34255,2026-03-17,2026-03-24,0.2122,0.2097,2,-0.75,0.824969,1.0,-1.0,0.824969,-61.87268,61.251656,-0.621024,4366.481847,,-246.632422
2026-03-05,Active2,CAL,24200,24765.9,CAL.NIF50.24200.20260317,655.9,720.75,720.75,1236,31200,CAL.NIF50.24200.20260324,730.0,845.95,845.95,83,10335,2026-03-17,2026-03-24,0.113,0.1737,2,39.33,0.898493,1.0,-1.0,0.898493,-58.267281,93.605269,35.337988,4401.819835,,-211.294434
2026-03-06,Active2,CAL,24500,24450.45,CAL.NIF50.24500.20260317,400.45,357.25,357.25,41890,695760,CAL.NIF50.24500.20260324,480.0,450.5,450.5,2643,91715,2026-03-17,2026-03-24,0.1987,0.261,2,18.59,0.834271,1.0,-1.0,0.834271,36.0405,-20.532231,15.508269,4417.328104,,-195.786165
2026-03-09,Active2,CAL,24200,24028.05,CAL.NIF50.24200.20260324,380.65,461.6,461.6,2831,52520,CAL.NIF50.24200.20260330,401.05,528.05,528.05,15151,333190,2026-03-24,2026-03-30,0.0536,0.144,2,39.59,0.949134,1.0,-1.0,0.949134,-76.832359,114.408515,37.576156,4454.90426,,-158.210009
2026-03-10,Active2,CAL,23800,24261.6,CAL.NIF50.23800.20260324,750.05,753.35,753.35,1336,95290,CAL.NIF50.23800.20260330,830.2,824.9,824.9,6275,440635,2026-03-24,2026-03-30,0.1069,0.095,2,-8.09,0.903457,1.0,-1.0,0.903457,-2.981408,-4.326043,-7.307451,4447.596809,,-165.51746
2026-03-11,Active2,CAL,24000,23866.85,CAL.NIF50.24000.20260324,577.6,360.75,360.75,26612,566280,CAL.NIF50.24000.20260330,650.0,443.5,443.5,78359,3381615,2026-03-24,2026-03-30,0.1253,0.2294,2,33.35,0.888615,1.0,-1.0,0.888615,192.696246,-163.060103,29.636143,4477.232952,,-135.881317
2026-03-12,Active2,CAL,23600,23639.15,CAL.NIF50.23600.20260324,480.05,445.5,445.5,16351,157300,CAL.NIF50.23600.20260330,600.0,545.15,545.15,18873,301990,2026-03-24,2026-03-30,0.2499,0.2237,2,-9.33,0.800083,1.0,-1.0,0.800083,27.642879,-35.111314,-7.468435,4469.764518,,-143.349751
2026-03-13,Active2,CAL,23400,23151.1,CAL.NIF50.23400.20260324,464.0,296.55,296.55,46446,345735,CAL.NIF50.23400.20260330,572.0,389.7,389.7,45651,607620,2026-03-24,2026-03-30,0.2328,0.3141,2,19.57,0.811189,1.0,-1.0,0.811189,135.833566,-119.958374,15.875192,4485.63971,,-127.474559
2026-03-16,Active2,CAL,22900,23408.8,CAL.NIF50.22900.20260330,723.2,782.0,782.0,3250,48685,CAL.NIF50.22900.20260407,760.1,907.5,669.55,35,715,2026-03-30,2026-04-07,0.051,0.1605,2,81.44,0.951454,1.0,-1.0,0.951454,-55.945481,133.43595,77.49047,4563.130179,,-49.98409
2026-03-17,Active2,CAL,23200,23581.15,CAL.NIF50.23200.20260330,576.75,639.65,639.65,11554,522925,CAL.NIF50.23200.20260407,656.95,730.3,730.3,306,12350,2026-03-30,2026-04-07,0.1391,0.1417,2,1.5,0.877921,1.0,-1.0,0.877921,-55.221212,56.534127,1.312915,4564.443095,,-48.671175
2026-03-18,Active2,CAL,23300,23777.8,CAL.NIF50.23300.20260330,585.4,643.55,643.55,5807,536510,CAL.NIF50.23300.20260407,723.75,738.65,738.65,162,23855,2026-03-30,2026-04-07,0.2363,0.1478,2,-46.1,0.808843,1.0,-1.0,0.808843,-47.034211,9.747978,-37.286232,4527.156862,,-85.957407
2026-03-19,Active2,CAL,23500,23002.15,CAL.NIF50.23500.20260330,214.15,172.15,172.15,188491,3004495,CAL.NIF50.23500.20260407,358.8,273.7,273.7,10652,233480,2026-03-30,2026-04-07,0.6755,0.5899,2,-8.79,0.596851,1.0,-1.0,0.596851,25.067726,-30.315229,-5.247503,4521.909359,,-91.20491
2026-03-20,Active2,CAL,22800,23114.5,CAL.NIF50.22800.20260330,575.0,575.95,575.95,3947,135005,CAL.NIF50.22800.20260407,752.0,697.65,697.65,181,5005,2026-03-30,2026-04-07,0.3078,0.2113,2,-42.51,0.764628,1.0,-1.0,0.764628,-0.726396,-31.776024,-32.50242,4489.406939,,-123.70733
2026-03-23,Active2,CAL,22900,22512.65,CAL.NIF50.22900.20260407,440.0,381.35,381.35,3699,63375,CAL.NIF50.22900.20260413,506.75,483.0,483.0,526,21515,2026-04-07,2026-04-13,0.1517,0.2666,2,38.03,0.868278,1.0,-1.0,0.868278,50.924519,-17.905294,33.019225,4522.426164,,-90.688105
2026-03-24,Active2,CAL,22300,22912.4,CAL.NIF50.22300.20260407,800.0,909.9,909.9,132,1820,CAL.NIF50.22300.20260413,977.95,1014.85,1014.85,67,1950,2026-04-07,2026-04-13,0.2224,0.1153,2,-79.71,0.818038,1.0,-1.0,0.818038,-89.902347,24.692953,-65.209393,4457.216771,,-155.897498
2026-03-25,Active2,CAL,22700,23306.45,CAL.NIF50.22700.20260407,714.0,867.9,867.9,1471,94575,CAL.NIF50.22700.20260413,857.0,956.2,956.2,124,3965,2026-04-07,2026-04-13,0.2003,0.1017,2,-71.25,0.833139,1.0,-1.0,0.833139,-128.22007,68.856739,-59.363331,4397.85344,,-215.260829
2026-03-27,Active2,CAL,23100,22819.6,CAL.NIF50.23100.20260407,469.1,344.55,344.55,57682,828815,CAL.NIF50.23100.20260413,686.0,463.5,463.5,1755,53755,2026-04-07,2026-04-13,0.4624,0.3452,2,-27.6,0.683819,1.0,-1.0,0.683819,85.169687,-104.042948,-18.873262,4378.980178,,-234.134091
2026-03-30,Active2,CAL,22600,22331.4,CAL.NIF50.22600.20260413,658.15,439.25,439.25,5016,62010,CAL.NIF50.22600.20260421,0.0,1214.65,221.55,0,0,2026-04-13,2026-04-21,-1.0,1.7653,2,,,1.0,0.0,0.0,0.0,0.0,0.0,4378.980178,"2026-03-30 00:00:00: Leg2_Open missing, used Leg2_Settle; 2026-03-30 00:00:00: no open-price ratio (leg open<=0), trade skipped",-234.134091
2026-04-01,Active2,CAL,22100,22679.4,CAL.NIF50.22100.20260413,977.7,872.6,872.6,42,3575,CAL.NIF50.22100.20260421,0.0,1658.95,723.85,0,0,2026-04-13,2026-04-21,-1.0,0.9012,2,,,1.0,0.0,0.0,0.0,0.0,0.0,4378.980178,"2026-04-01 00:00:00: Leg2_Open missing, used Leg2_Settle; 2026-04-01 00:00:00: no open-price ratio (leg open<=0), trade skipped",-234.134091
2026-04-02,Active2,CAL,22400,22713.1,CAL.NIF50.22400.20260413,500.35,625.0,625.0,19572,156975,CAL.NIF50.22400.20260421,539.5,755.3,755.3,797,25480,2026-04-13,2026-04-21,0.0782,0.2085,2,75.49,0.927433,1.0,-1.0,0.927433,-115.6045,185.616402,70.011903,4448.992081,,-164.122188
2026-04-06,Active2,CAL,22500,22968.25,CAL.NIF50.22500.20260421,701.25,852.45,852.45,1117,64935,CAL.NIF50.22500.20260428,766.85,960.0,960.0,35077,1981330,2026-04-21,2026-04-28,0.0935,0.1262,2,25.43,0.914455,1.0,-1.0,0.914455,-138.265632,161.517512,23.25188,4472.243961,,-140.870308
2026-04-07,Active2,CAL,22700,23123.65,CAL.NIF50.22700.20260421,616.25,749.8,749.8,974,42185,CAL.NIF50.22700.20260428,705.5,850.9,850.9,11588,520585,2026-04-21,2026-04-28,0.1448,0.1348,2,-6.54,0.873494,1.0,-1.0,0.873494,-116.65512,110.938997,-5.716124,4466.527838,,-146.586431
2026-04-08,Active2,CAL,22900,23997.35,CAL.NIF50.22900.20260421,1015.8,1203.95,1203.95,761,34645,CAL.NIF50.22900.20260428,1111.0,1289.0,1289.0,4370,375440,2026-04-21,2026-04-28,0.0937,0.0706,2,-25.4,0.914311,1.0,-1.0,0.914311,-172.027696,148.80184,-23.225856,4443.301982,,-169.812287
2026-04-09,Active2,CAL,23700,23775.1,CAL.NIF50.23700.20260421,500.0,420.25,420.25,10061,186420,CAL.NIF50.23700.20260428,575.05,523.65,523.65,8598,305695,2026-04-21,2026-04-28,0.1501,0.246,2,35.06,0.86949,1.0,-1.0,0.86949,69.341796,-38.859026,30.48277,4473.784752,,-139.329517
2026-04-10,Active2,CAL,23500,24050.6,CAL.NIF50.23500.20260421,598.0,678.4,678.4,8424,385385,CAL.NIF50.23500.20260428,711.95,783.25,783.25,26384,1627340,2026-04-21,2026-04-28,0.1906,0.1546,2,-20.51,0.839947,1.0,-1.0,0.839947,-67.531709,50.302887,-17.228822,4456.55593,,-156.558339
2026-04-13,Active2,CAL,23800,23842.65,CAL.NIF50.23800.20260428,399.0,434.25,434.25,50485,955110,CAL.NIF50.23800.20260505,436.3,522.95,522.95,639,22165,2026-04-28,2026-05-05,0.0935,0.2043,2,43.99,0.914508,1.0,-1.0,0.914508,-32.23642,72.467609,40.231189,4496.787119,,-116.32715
2026-04-15,Active2,CAL,23600,24231.3,CAL.NIF50.23600.20260428,760.05,771.8,771.8,3406,221975,CAL.NIF50.23600.20260505,908.35,849.05,849.05,111,6890,2026-04-28,2026-05-05,0.1951,0.1001,2,-61.37,0.836737,1.0,-1.0,0.836737,-9.831659,-41.517632,-51.349291,4445.437828,,-167.676441
2026-04-16,Active2,CAL,24000,24196.75,CAL.NIF50.24000.20260428,543.0,423.95,423.95,65770,3726385,CAL.NIF50.24000.20260505,602.05,516.7,516.7,2355,216645,2026-04-28,2026-05-05,0.1087,0.2188,2,42.07,0.901918,1.0,-1.0,0.901918,107.373391,-69.428545,37.944846,4483.382674,,-129.731595
2026-04-17,Active2,CAL,23900,24353.55,CAL.NIF50.23900.20260428,416.7,595.7,595.7,3141,394875,CAL.NIF50.23900.20260505,553.85,678.25,678.25,94,27755,2026-04-28,2026-05-05,0.3291,0.1386,2,-85.41,0.75237,1.0,-1.0,0.75237,-134.67419,70.417899,-64.256291,4419.126383,,-193.987886
2026-04-20,Active2,CAL,24100,24364.85,CAL.NIF50.24100.20260505,560.2,531.05,531.05,602,103805,CAL.NIF50.24100.20260512,582.25,626.8,626.8,54,3185,2026-05-05,2026-05-12,0.0394,0.1803,2,72.01,0.96213,1.0,-1.0,0.96213,28.04608,41.239645,69.285725,4488.412108,,-124.702161
2026-04-21,Active2,CAL,24100,24576.6,CAL.NIF50.24100.20260505,565.0,670.2,670.2,787,121810,CAL.NIF50.24100.20260512,695.0,782.5,782.5,16,3120,2026-05-05,2026-05-12,0.2301,0.1676,2,-34.07,0.96213,1.0,-1.0,0.96213,-133.880343,144.130478,10.250135,4498.662243,,-114.452026
2026-04-22,Active2,CAL,24300,24378.1,CAL.NIF50.24300.20260505,450.05,398.85,398.85,9350,145925,CAL.NIF50.24300.20260512,555.0,502.05,502.05,1344,56030,2026-05-05,2026-05-12,0.2332,0.2587,2,8.26,0.810901,1.0,-1.0,0.810901,41.518126,-34.817816,6.70031,4505.362553,,-107.751717
2026-04-23,Active2,CAL,24100,24173.05,CAL.NIF50.24100.20260505,568.5,364.15,364.15,10073,217425,CAL.NIF50.24100.20260512,474.05,468.5,468.5,1049,35685,2026-05-05,2026-05-12,-0.1661,0.2866,2,197.69,1.199241,1.0,-1.0,1.199241,245.064814,-7.981888,237.082926,4742.445479,,0.0
2026-04-24,Active2,CAL,23900,23897.95,CAL.NIF50.23900.20260505,512.95,347.85,347.85,42782,603200,CAL.NIF50.23900.20260512,564.05,461.7,461.7,2394,61750,2026-05-05,2026-05-12,0.0996,0.3273,2,72.02,0.909405,1.0,-1.0,0.909405,150.142798,-84.645273,65.497525,4807.943004,,0.0
2026-04-27,Active2,CAL,23600,24092.7,CAL.NIF50.23600.20260512,679.95,723.8,681.75,31,3185,CAL.NIF50.23600.20260519,783.0,788.15,759.0,24,1950,2026-05-12,2026-05-19,0.1516,0.0889,2,-39.38,0.868391,1.0,-1.0,0.868391,-38.078937,3.883628,-34.195308,4773.747695,,-34.195308
2026-04-28,Active2,CAL,23800,23995.7,CAL.NIF50.23800.20260512,500.0,450.1,450.1,923,65975,CAL.NIF50.23800.20260519,665.35,550.0,550.0,49,5460,2026-05-12,2026-05-19,0.3307,0.222,2,-36.78,0.751484,1.0,-1.0,0.751484,37.499061,-65.14143,-27.642369,4746.105326,,-61.837677
2026-04-29,Active2,CAL,23700,24177.65,CAL.NIF50.23700.20260512,565.05,625.55,625.55,852,11960,CAL.NIF50.23700.20260519,646.85,680.0,727.25,5,1820,2026-05-12,2026-05-19,0.1448,0.087,2,-31.54,0.873541,1.0,-1.0,0.873541,-52.849231,25.295899,-27.553331,4718.551995,,-89.391009
2026-04-30,Active2,CAL,23900,23997.55,CAL.NIF50.23900.20260512,371.05,394.25,394.25,33268,230230,CAL.NIF50.23900.20260519,442.3,496.35,496.35,2102,34645,2026-05-12,2026-05-19,0.192,0.259,2,22.14,0.83891,1.0,-1.0,0.83891,-19.462718,38.03879,18.576072,4737.128067,,-70.814937
2026-05-04,Active2,CAL,23700,24119.3,CAL.NIF50.23700.20260519,664.1,656.9,656.9,37,6110,CAL.NIF50.23700.20260526,811.4,737.9,737.9,739,88140,2026-05-19,2026-05-26,0.2218,0.1233,2,-52.96,0.818462,1.0,-1.0,0.818462,5.892926,-49.236173,-43.343248,4693.784819,,-114.158184
2026-05-05,Active2,CAL,23900,24032.8,CAL.NIF50.23900.20260519,440.7,418.85,418.85,3099,73775,CAL.NIF50.23900.20260526,490.05,514.9,514.9,9979,362895,2026-05-19,2026-05-26,0.112,0.2293,2,44.2,0.899296,1.0,-1.0,0.899296,19.649617,20.097022,39.746639,4733.531459,,-74.411545
2026-05-06,Active2,CAL,23800,24330.95,CAL.NIF50.23800.20260519,606.05,720.85,720.85,1833,48880,CAL.NIF50.23800.20260526,670.0,793.2,793.2,3165,175565,2026-05-19,2026-05-26,0.1055,0.1004,2,-3.36,0.904552,1.0,-1.0,0.904552,-103.842597,100.804058,-3.038539,4730.492919,,-77.450084
2026-05-07,Active2,CAL,24100,24326.65,CAL.NIF50.24100.20260519,496.0,428.95,428.95,5996,187460,CAL.NIF50.24100.20260526,512.05,517.25,517.25,8632,879645,2026-05-19,2026-05-26,0.0324,0.2059,2,72.09,0.968655,1.0,-1.0,0.968655,64.948345,4.879125,69.82747,4800.320389,,-7.622614
2026-05-08,Active2,CAL,24100,24176.15,CAL.NIF50.24100.20260519,344.0,332.05,332.05,16098,282035,CAL.NIF50.24100.20260526,422.05,421.25,421.25,12601,931450,2026-05-19,2026-05-26,0.2269,0.2686,2,11.3,0.968655,1.0,-1.0,0.968655,93.862709,-90.076156,3.786553,4804.106942,,-3.836062
2026-05-11,Active2,CAL,23900,23815.85,CAL.NIF50.23900.20260526,451.0,337.25,337.25,46425,738270,CAL.NIF50.23900.20260602,470.95,412.8,412.8,1026,24180,2026-05-26,2026-06-02,0.0442,0.224,2,58.06,0.957639,1.0,-1.0,0.957639,108.931415,-53.327743,55.603673,4859.710614,,0.0
2026-05-12,Active2,CAL,23600,23379.55,CAL.NIF50.23600.20260526,460.0,269.9,269.9,40948,829660,CAL.NIF50.23600.20260602,516.55,350.9,350.9,1277,36270,2026-05-26,2026-06-02,0.1229,0.3001,2,42.58,0.890524,1.0,-1.0,0.890524,169.288549,-131.365817,37.922732,4897.633346,,0.0
2026-05-13,Active2,CAL,23100,23412.6,CAL.NIF50.23100.20260526,599.9,560.25,560.25,1637,49140,CAL.NIF50.23100.20260602,650.0,639.0,639.0,134,4550,2026-05-26,2026-06-02,0.0835,0.1406,2,29.5,0.922923,1.0,-1.0,0.922923,36.5939,-9.369657,27.224243,4924.857589,,0.0
2026-05-14,Active2,CAL,23200,23689.6,CAL.NIF50.23200.20260526,549.95,623.95,623.95,7266,176085,CAL.NIF50.23200.20260602,575.5,721.6,721.6,87,6175,2026-05-26,2026-06-02,0.0465,0.1565,2,65.61,0.955604,1.0,-1.0,0.955604,-70.714683,133.415403,62.70072,4987.558309,,0.0
2026-05-15,Active2,CAL,23400,23643.5,CAL.NIF50.23400.20260526,531.55,438.2,438.2,14634,433810,CAL.NIF50.23400.20260602,579.1,522.8,522.8,184,16380,2026-05-26,2026-06-02,0.0895,0.1931,2,41.67,0.91789,1.0,-1.0,0.91789,85.685016,-47.433974,38.251042,5025.809351,,0.0
2026-05-18,Active2,CAL,23400,23649.95,CAL.NIF50.23400.20260602,415.05,524.45,524.45,3760,37830,CAL.NIF50.23400.20260609,496.6,603.9,603.9,466,7605,2026-06-02,2026-06-09,0.1965,0.1515,2,-19.72,0.835783,1.0,-1.0,0.835783,-91.434696,74.952673,-16.482023,5009.327329,,-16.482023
2026-05-19,Active2,CAL,23400,23618.0,CAL.NIF50.23400.20260602,539.95,457.8,457.8,843,48230,CAL.NIF50.23400.20260609,636.95,548.6,548.6,79,5655,2026-06-02,2026-06-09,0.1796,0.1983,2,7.25,0.835783,1.0,-1.0,0.835783,55.704959,-38.628917,17.076041,5026.40337,,0.0
2026-05-20,Active2,CAL,23400,23659.0,CAL.NIF50.23400.20260602,350.0,476.6,476.6,12595,75920,CAL.NIF50.23400.20260609,440.8,565.75,565.75,612,22880,2026-06-02,2026-06-09,0.2594,0.1871,2,-27.39,0.835783,1.0,-1.0,0.835783,-15.712727,11.979854,-3.732872,5022.670498,,-3.732872
2026-05-21,Active2,CAL,23400,23654.7,CAL.NIF50.23400.20260602,561.95,425.2,425.2,5583,127985,CAL.NIF50.23400.20260609,630.0,522.7,522.7,140,22490,2026-06-02,2026-06-09,0.1211,0.2293,2,41.04,0.835783,1.0,-1.0,0.835783,42.959263,-30.071879,12.887384,5035.557882,,0.0
2026-05-22,Active2,CAL,23400,23719.3,CAL.NIF50.23400.20260602,435.0,468.45,468.45,3167,105170,CAL.NIF50.23400.20260609,570.0,552.55,552.55,270,22035,2026-06-02,2026-06-09,0.3103,0.1795,2,-46.77,0.835783,1.0,-1.0,0.835783,-36.147629,20.851233,-15.296396,5020.261486,,-15.296396
2026-05-25,Active2,CAL,23500,24031.7,CAL.NIF50.23500.20260609,610.25,678.55,678.55,962,46865,CAL.NIF50.23500.20260616,700.0,743.9,743.9,433,111475,2026-06-09,2026-06-16,0.1471,0.0963,2,-30.03,0.871786,1.0,-1.0,0.871786,-59.542964,33.364454,-26.178511,4994.082975,,-41.474907
2026-05-26,Active2,CAL,23800,23913.7,CAL.NIF50.23800.20260609,425.2,361.7,361.7,3589,129415,CAL.NIF50.23800.20260616,464.95,426.15,426.15,494,48425,2026-06-09,2026-06-16,0.0935,0.1782,2,28.02,0.914507,1.0,-1.0,0.914507,58.07119,-32.44933,25.621861,5019.704836,,-15.853046
2026-05-27,Active2,CAL,23700,23907.15,CAL.NIF50.23700.20260609,408.4,408.25,408.25,3101,89895,CAL.NIF50.23700.20260616,483.6,472.05,472.05,405,18005,2026-06-09,2026-06-16,0.1841,0.1563,2,-9.6,0.8445,1.0,-1.0,0.8445,0.126675,-8.237224,-8.110549,5011.594287,,-23.963595
2026-05-29,Active2,CAL,23700,23547.75,CAL.NIF50.23700.20260609,416.4,272.5,272.5,58515,1688505,CAL.NIF50.23700.20260616,499.4,342.6,342.6,2159,51025,2026-06-09,2026-06-16,0.1993,0.2572,2,13.16,0.8445,1.0,-1.0,0.8445,114.640819,-92.321093,22.319726,5033.914013,,-1.643869
2026-06-01,Active2,CAL,23300,23382.6,CAL.NIF50.23300.20260616,533.0,398.1,398.1,653,15535,CAL.NIF50.23300.20260623,578.25,442.85,442.85,115,3185,2026-06-16,2026-06-23,0.0849,0.1124,2,10.1,0.921747,1.0,-1.0,0.921747,124.343623,-115.038126,9.305497,5043.219509,,0.0
2026-06-02,Active2,CAL,23100,23483.55,CAL.NIF50.23100.20260616,420.0,590.0,590.0,631,5070,CAL.NIF50.23100.20260623,530.4,654.75,654.75,64,1690,2026-06-16,2026-06-23,0.2629,0.1097,2,-71.53,0.791855,1.0,-1.0,0.791855,-134.615385,77.97176,-56.643624,4986.575885,,-56.643624
2026-06-03,Active2,CAL,23200,23405.6,CAL.NIF50.23200.20260616,430.05,472.1,472.1,18645,127010,CAL.NIF50.23200.20260623,443.95,522.7,522.7,1452,12350,2026-06-16,2026-06-23,0.0323,0.1072,2,34.23,0.96869,1.0,-1.0,0.96869,-40.733422,73.8959,33.162479,5019.738364,,-23.481145
2026-06-04,Active2,CAL,23200,23416.55,CAL.NIF50.23200.20260616,350.05,434.75,434.75,6304,114335,CAL.NIF50.23200.20260623,460.35,502.85,502.85,423,13325,2026-06-16,2026-06-23,0.3151,0.1566,2,-52.38,0.96869,1.0,-1.0,0.96869,36.180578,-18.626459,17.554119,5037.292483,,-5.927026
2026-06-05,Active2,CAL,23200,23366.7,CAL.NIF50.23200.20260616,468.7,383.3,383.3,11279,202085,CAL.NIF50.23200.20260623,539.95,455.7,455.7,484,13780,2026-06-16,2026-06-23,0.152,0.1889,2,12.27,0.96869,1.0,-1.0,0.96869,49.839109,-44.243704,5.595405,5042.887888,,-0.331621
2026-06-08,Active2,CAL,23100,23123.0,CAL.NIF50.23100.20260623,360.4,357.0,357.0,2740,37700,CAL.NIF50.23100.20260630,463.95,417.65,417.65,13629,199160,2026-06-23,2026-06-30,0.2873,0.1699,2,-32.57,0.776808,1.0,-1.0,0.776808,2.641147,-27.938829,-25.297682,5017.590206,,-25.629304
2026-06-09,Active2,CAL,22900,23242.1,CAL.NIF50.22900.20260623,507.0,543.75,543.75,180,4355,CAL.NIF50.22900.20260630,559.5,604.6,604.6,795,28470,2026-06-23,2026-06-30,0.1036,0.1119,2,4.12,0.906166,1.0,-1.0,0.906166,-33.301609,37.033289,3.73168,5021.321886,,-21.897624
2026-06-10,Active2,CAL,23000,23214.95,CAL.NIF50.23000.20260623,425.05,396.3,396.3,3582,92430,CAL.NIF50.23000.20260630,480.9,467.85,467.85,17475,1661095,2026-06-23,2026-06-30,0.1314,0.1805,2,17.22,0.883864,1.0,-1.0,0.883864,25.411078,-10.194854,15.216224,5036.53811,,-6.681399
2026-06-11,Active2,CAL,23000,23161.6,CAL.NIF50.23000.20260623,320.25,354.1,354.1,17009,300885,CAL.NIF50.23000.20260630,410.9,430.25,430.25,31965,1718015,2026-06-23,2026-06-30,0.2831,0.2151,2,-18.77,0.883864,1.0,-1.0,0.883864,37.299043,-29.373678,7.925365,5044.463476,,0.0
2026-06-12,Active2,CAL,22900,23622.9,CAL.NIF50.22900.20260623,579.95,788.3,788.3,3471,41015,CAL.NIF50.22900.20260630,640.0,854.85,854.85,427,22815,2026-06-23,2026-06-30,0.1035,0.0844,2,-13.66,0.906172,1.0,-1.0,0.906172,-188.80091,176.423533,-12.377377,5032.086099,,-12.377377
2026-06-15,Active2,CAL,23400,23853.9,CAL.NIF50.23400.20260630,650.0,603.45,603.45,7976,780780,CAL.NIF50.23400.20260707,705.0,674.0,674.0,184,33735,2026-06-30,2026-07-07,0.0846,0.1169,2,17.97,0.921986,1.0,-1.0,0.921986,42.91844,-26.351793,16.566647,5048.652745,,0.0
2026-06-16,Active2,CAL,23600,23989.15,CAL.NIF50.23600.20260630,473.1,488.0,488.0,8455,1169675,CAL.NIF50.23600.20260707,541.8,552.95,552.95,267,17680,2026-06-30,2026-07-07,0.1452,0.1331,2,-5.16,0.8732,1.0,-1.0,0.8732,-13.010687,8.501641,-4.509046,5044.1437,,-4.509046
2026-06-17,Active2,CAL,23700,24085.7,CAL.NIF50.23700.20260630,424.0,474.7,474.7,5824,675155,CAL.NIF50.23700.20260707,506.05,544.1,544.1,177,24895,2026-06-30,2026-07-07,0.1935,0.1462,2,-18.82,0.837862,1.0,-1.0,0.837862,-42.479597,26.711576,-15.768021,5028.375679,,-20.277066
2026-06-18,Active2,CAL,23800,24168.0,CAL.NIF50.23800.20260630,400.0,448.45,448.45,18652,1611870,CAL.NIF50.23800.20260707,462.95,518.85,518.85,391,35685,2026-06-30,2026-07-07,0.1574,0.157,2,-0.15,0.864024,1.0,-1.0,0.864024,-41.861972,41.731463,-0.130509,5028.24517,,-20.407575
2026-06-19,Active2,CAL,23900,24013.1,CAL.NIF50.23900.20260630,249.15,274.7,274.7,100261,1020695,CAL.NIF50.23900.20260707,340.0,354.2,354.2,4985,45825,2026-06-30,2026-07-07,0.3646,0.2894,2,-15.14,0.732794,1.0,-1.0,0.732794,-18.72289,7.625219,-11.097671,5017.147499,,-31.505246
2026-06-22,Active2,CAL,23800,24102.9,CAL.NIF50.23800.20260707,455.05,448.65,448.65,1192,58565,CAL.NIF50.23800.20260714,535.0,514.9,514.9,203,20800,2026-07-07,2026-07-14,0.1757,0.1477,2,-10.7,0.850561,1.0,-1.0,0.850561,5.443589,-14.541417,-9.097828,5008.049671,,-40.603075
2026-06-23,Active2,CAL,23900,23824.1,CAL.NIF50.23900.20260707,349.9,234.6,234.6,13738,232505,CAL.NIF50.23900.20260714,411.7,308.85,308.85,1313,45955,2026-07-07,2026-07-14,0.1766,0.3165,2,27.89,0.849891,1.0,-1.0,0.849891,97.992397,-74.290015,23.702382,5031.752053,,-16.900692
2026-06-24,Active2,CAL,23600,24021.65,CAL.NIF50.23600.20260707,388.45,527.95,527.95,2325,63895,CAL.NIF50.23600.20260714,472.5,600.0,600.0,66,3380,2026-07-07,2026-07-14,0.2164,0.1365,2,-34.68,0.822116,1.0,-1.0,0.822116,-114.685238,86.174111,-28.511127,5003.240926,,-45.41182
2026-06-25,Active2,CAL,23800,24056.0,CAL.NIF50.23800.20260707,425.1,388.65,388.65,9467,306735,CAL.NIF50.23800.20260714,488.75,462.6,462.6,490,45500,2026-07-07,2026-07-14,0.1497,0.1903,2,13.71,0.86977,1.0,-1.0,0.86977,31.70311,-19.782463,11.920647,5015.161573,,-33.491173
2026-06-29,Active2,CAL,23800,23946.25,CAL.NIF50.23800.20260714,464.95,370.25,370.25,1354,57265,CAL.NIF50.23800.20260721,528.85,439.2,439.2,210,6890,2026-07-14,2026-07-21,0.1374,0.1862,2,15.88,0.879172,1.0,-1.0,0.879172,83.257568,-69.294343,13.963225,5029.124798,,-19.527947
2026-06-30,Active2,CAL,23700,23865.75,CAL.NIF50.23700.20260714,408.55,391.4,391.4,2135,36270,CAL.NIF50.23700.20260721,479.65,486.85,486.85,19,1625,2026-07-14,2026-07-21,0.174,0.2439,2,23.28,0.851767,1.0,-1.0,0.851767,14.607803,5.223649,19.831452,5048.95625,,0.0
2026-07-01,Active2,CAL,23600,24005.85,CAL.NIF50.23600.20260714,471.85,525.7,525.7,553,23660,CAL.NIF50.23600.20260721,547.65,597.25,668.35,9,390,2026-07-14,2026-07-21,0.1606,0.1361,2,-11.12,0.86159,1.0,-1.0,0.86159,-46.396645,36.819968,-9.576676,5039.379574,,-9.576676
2026-07-02,Active2,CAL,23800,24175.7,CAL.NIF50.23800.20260714,415.0,473.6,473.6,5172,162305,CAL.NIF50.23800.20260721,509.1,545.1,545.1,380,6370,2026-07-14,2026-07-21,0.2267,0.151,2,-29.25,0.815164,1.0,-1.0,0.815164,-47.768611,23.921725,-23.846886,5015.532688,,-33.423562
2026-07-03,Active2,CAL,23900,24270.85,CAL.NIF50.23900.20260714,521.0,455.7,455.7,3127,149760,CAL.NIF50.23900.20260721,542.6,519.3,519.3,217,46930,2026-07-14,2026-07-21,0.0415,0.1396,2,42.93,0.960192,1.0,-1.0,0.960192,62.700516,-21.481855,41.218661,5056.751348,,0.0
